municipio,periodo_global,REM
BARANOA,2,0.16506449509808
BARANOA,4,0.56031834321424
BARANOA,5,0.420815611040235
BARANOA,6,0.724677815010181
BARANOA,7,0.62565369068098
BARANOA,8,1.18594317132099
BARANOA,9,1.83760095790984
BARANOA,10,3.42300973011978
BARANOA,11,2.26234356578974
BARANOA,12,1.84527456304794
BARANOA,13,3.59004483408737
BARANOA,14,4.10316040510267
BARANOA,15,2.20610339828001
BARANOA,16,5.49892712258268
BARANOA,17,0.808093555761274
BARANOA,18,1.63870995000352
BARANOA,19,0.9956941547995
BARANOA,20,0.991440926584409
BARANOA,21,1.96977111526253
BARANOA,22,3.64126179674038
BARANOA,23,6.79110459570709
BARANOA,24,5.28829500089376
BARANOA,25,4.28209326677568
BARANOA,26,4.15831045327709
BARANOA,27,3.00058179060768
BARANOA,28,2.37494844261068
BARANOA,29,1.51236848677344
BARANOA,30,1.91797194119127
BARANOA,32,0.688135954099242
BARANOA,34,4.51790398493881
BARANOA,35,4.26654379763303
BARANOA,36,2.20321951868861
BARANOA,37,2.78113253459526
BARANOA,38,2.89824594334125
BARANOA,39,1.74488150089689
BARANOA,40,0.853941319632234
BARANOA,41,0.278966831871902
BARANOA,43,0.548308922182469
BARANOA,46,0.256434108527132
BARANOA,47,0.259755606312292
BARANOA,48,0.521921597127223
BARANOA,49,0.970210559396606
BARANOA,50,0.625098110465116
BARANOA,51,0.773100713395823
BARANOA,52,0.751169551108707
BARANOA,53,0.388333209213489
BARANOA,54,0.091330125756534
BARANOA,55,0.17205949137148
BARANOA,57,0.21545169498317
BARANOA,58,0.445914935286104
BARANOA,59,0.279150650382769
BARANOA,60,0.734224391178474
BARANOA,61,0.703447246038659
BARANOA,62,0.602110154380338
BARANOA,63,0.662246586601114
BARANOA,64,0.491753262640982
BARANOA,65,0.188728596717195
BARANOA,66,0.449869415386657
BARANOA,67,0.19618474645165
BARANOA,68,0.307079532489369
BARANOA,69,0.828018542304257
BARANOA,70,0.450966703978752
BARANOA,71,0.922156472559698
BARANOA,72,0.293556053321678
BARANOA,73,0.910541752933057
BARANOA,74,0.753300148127734
BARANOA,75,1.42530067069944
BARANOA,76,0.688060337098799
BARANOA,77,2.05587599748184
BARANOA,78,2.53663483951945
CAMPO DE LA CRUZ,18,0.894875236011398
CAMPO DE LA CRUZ,20,3.15823204515577
CAMPO DE LA CRUZ,21,1.43421711422468
CAMPO DE LA CRUZ,22,1.47291788421303
CAMPO DE LA CRUZ,23,0.882981345267589
CAMPO DE LA CRUZ,24,0.534788812135371
CAMPO DE LA CRUZ,25,0.349013092446111
CAMPO DE LA CRUZ,26,1.06860788613614
CAMPO DE LA CRUZ,27,0.490277664185818
CAMPO DE LA CRUZ,29,0.517391253548937
CAMPO DE LA CRUZ,34,1.76640549603337
CAMPO DE LA CRUZ,46,0.702223637425038
CAMPO DE LA CRUZ,47,0.355659642459117
CAMPO DE LA CRUZ,49,0.221403460457751
CAMPO DE LA CRUZ,50,0.0950988651842417
CAMPO DE LA CRUZ,51,0.219007498318544
CAMPO DE LA CRUZ,52,0.719955532188253
CAMPO DE LA CRUZ,53,0.355337972574172
CAMPO DE LA CRUZ,54,4.26207727929576
CAMPO DE LA CRUZ,55,2.36160349059176
CAMPO DE LA CRUZ,56,3.4570270977221
CAMPO DE LA CRUZ,57,1.77431005126348
CAMPO DE LA CRUZ,58,2.69297946939889
CAMPO DE LA CRUZ,59,2.49046445684901
CAMPO DE LA CRUZ,60,1.34368011998909
CAMPO DE LA CRUZ,61,0.965516902584207
CAMPO DE LA CRUZ,62,0.45077815743351
CAMPO DE LA CRUZ,63,0.201992647760424
CAMPO DE LA CRUZ,64,0.179988322613446
CAMPO DE LA CRUZ,68,0.422089408886863
CAMPO DE LA CRUZ,70,0.619866351778553
CAMPO DE LA CRUZ,71,0.845019914436213
CAMPO DE LA CRUZ,72,2.42100605046344
CAMPO DE LA CRUZ,73,0.910229174233115
CAMPO DE LA CRUZ,74,0.345144043151785
CAMPO DE LA CRUZ,75,0.65303854966021
CAMPO DE LA CRUZ,78,0.498096508137703
CANDELARIA,11,0.367988959498738
CANDELARIA,18,1.27605678596691
CANDELARIA,19,1.29223832744853
CANDELARIA,20,1.93007756230845
CANDELARIA,21,1.53385277146023
CANDELARIA,22,1.57524209997649
CANDELARIA,23,1.88864485042564
CANDELARIA,24,3.05035100010672
CANDELARIA,25,0.497678902136348
CANDELARIA,26,0.76189634586358
CANDELARIA,27,0.347716067285383
CANDELARIA,49,0.156620693223914
CANDELARIA,57,0.834290720189818
CANDELARIA,58,0.690684178710776
CANDELARIA,59,0.540475667103683
CANDELARIA,60,0.568625460240699
CANDELARIA,61,0.453991562206848
CANDELARIA,63,0.284934290012767
CANDELARIA,64,0.126947305961547
CANDELARIA,67,0.505512130504043
CANDELARIA,74,1.9410396051505
CANDELARIA,78,0.700305472936459
GALAPA,1,0.116568898645091
GALAPA,2,0.169541493046611
GALAPA,4,1.15103140058677
GALAPA,5,1.2966878240658
GALAPA,6,0.372166523944404
GALAPA,7,0.856830826723391
GALAPA,8,1.0440935785116
GALAPA,9,0.514756825274092
GALAPA,10,2.63688829635689
GALAPA,11,1.83959937606737
GALAPA,12,1.82242637196836
GALAPA,13,3.20941816229308
GALAPA,14,1.83612420643854
GALAPA,15,1.20658966279746
GALAPA,16,0.296796907712006
GALAPA,17,1.24304803457916
GALAPA,19,0.340360937815064
GALAPA,20,0.508360567249373
GALAPA,21,0.40399944551655
GALAPA,22,0.276600617210901
GALAPA,23,0.497447660262239
GALAPA,24,0.200856975259231
GALAPA,25,0.131082985439964
GALAPA,26,0.501687168086118
GALAPA,27,1.05284503955527
GALAPA,28,0.313226455610512
GALAPA,29,0.386459137856554
GALAPA,30,0.490103958994273
GALAPA,32,1.40672821405663
GALAPA,38,0.269307534591771
GALAPA,39,0.274383842865663
GALAPA,40,1.54020036078319
GALAPA,41,0.862551369181782
GALAPA,45,0.518035873006362
GALAPA,47,0.133858538172137
GALAPA,48,0.358612276740999
GALAPA,49,1.20826973421575
GALAPA,50,1.0021779801793
GALAPA,51,1.34631070797256
GALAPA,52,1.62580484681347
GALAPA,53,1.41758865288732
GALAPA,54,1.23832619533762
GALAPA,55,0.897276494967436
GALAPA,56,1.31347585215258
GALAPA,57,0.449425347403615
GALAPA,58,1.02318072824156
GALAPA,59,0.655086748287237
GALAPA,60,1.93998690053286
GALAPA,61,2.38447375548877
GALAPA,62,2.22651448787877
GALAPA,63,2.60935872353936
GALAPA,64,2.01737044802182
GALAPA,65,1.49036688545899
GALAPA,66,1.38431996557652
GALAPA,67,0.896913479627711
GALAPA,68,0.161988465340226
GALAPA,69,0.58238746535264
GALAPA,70,0.475781656334177
GALAPA,71,0.324299724748938
GALAPA,72,0.464563960190593
GALAPA,73,0.785982552178305
GALAPA,74,0.529834226534355
GALAPA,75,0.125310787525374
GALAPA,76,0.362960817233796
GALAPA,77,0.289200386242757
GALAPA,78,0.191158288376241
JUAN DE ACOSTA,1,0.336992611346084
JUAN DE ACOSTA,4,1.66377602402358
JUAN DE ACOSTA,5,6.24772446469661
JUAN DE ACOSTA,6,3.22772292311354
JUAN DE ACOSTA,7,1.23851928402645
JUAN DE ACOSTA,8,2.01226814128504
JUAN DE ACOSTA,9,3.47229475847985
JUAN DE ACOSTA,10,1.905765352392
JUAN DE ACOSTA,11,1.11961144601977
JUAN DE ACOSTA,12,1.05370168066086
JUAN DE ACOSTA,13,2.17149492608947
JUAN DE ACOSTA,14,1.56090608449851
JUAN DE ACOSTA,16,3.46024844525508
JUAN DE ACOSTA,17,1.20768751214091
JUAN DE ACOSTA,18,0.979614069945613
JUAN DE ACOSTA,20,1.48169827308353
JUAN DE ACOSTA,21,1.57002809767483
JUAN DE ACOSTA,22,1.20929518315939
JUAN DE ACOSTA,23,0.483296952756785
JUAN DE ACOSTA,24,0.585429816062804
JUAN DE ACOSTA,25,1.1461870511
JUAN DE ACOSTA,26,0.292449516532513
JUAN DE ACOSTA,27,0.269179389312977
JUAN DE ACOSTA,29,1.70439412406184
JUAN DE ACOSTA,36,0.945890517206189
JUAN DE ACOSTA,38,0.791814941625505
JUAN DE ACOSTA,39,0.806740245314679
JUAN DE ACOSTA,40,1.93702180820394
JUAN DE ACOSTA,41,0.843718921785954
JUAN DE ACOSTA,45,4.56052839810093
JUAN DE ACOSTA,47,0.392807844959682
JUAN DE ACOSTA,48,0.701565087672722
JUAN DE ACOSTA,49,0.122264386771157
JUAN DE ACOSTA,50,0.210063644178731
JUAN DE ACOSTA,51,0.725647668509992
JUAN DE ACOSTA,52,0.340780278153766
JUAN DE ACOSTA,53,1.57608024847837
JUAN DE ACOSTA,54,0.834008291672437
JUAN DE ACOSTA,55,0.523737526459026
JUAN DE ACOSTA,57,0.655820477571131
JUAN DE ACOSTA,58,0.542934036027474
JUAN DE ACOSTA,59,3.18643431064594
JUAN DE ACOSTA,60,0.744976564862413
JUAN DE ACOSTA,61,0.535311533380146
JUAN DE ACOSTA,62,1.16631635149287
JUAN DE ACOSTA,63,2.12782487865316
JUAN DE ACOSTA,64,1.39707295227232
JUAN DE ACOSTA,65,1.72343148806607
JUAN DE ACOSTA,66,0.91804313741763
JUAN DE ACOSTA,67,1.6014074661302
JUAN DE ACOSTA,68,2.34995073960223
JUAN DE ACOSTA,70,0.690211770846393
JUAN DE ACOSTA,71,1.88183368840724
JUAN DE ACOSTA,72,0.898584492461244
JUAN DE ACOSTA,73,0.760144773652673
JUAN DE ACOSTA,74,0.384312651489078
JUAN DE ACOSTA,78,0.554622898867961
LURUACO,9,0.739670215169226
LURUACO,13,0.441547041388846
LURUACO,15,0.326835758963001
LURUACO,17,0.897897184294251
LURUACO,18,0.728328070180929
LURUACO,20,0.367206663975761
LURUACO,21,0.291822966204648
LURUACO,22,0.299697487698216
LURUACO,23,1.07797166575573
LURUACO,24,2.39391960244802
LURUACO,25,1.98840257615691
LURUACO,26,1.63073805187355
LURUACO,27,1.89823464217859
LURUACO,28,1.19634423038612
LURUACO,29,0.843457599032413
LURUACO,30,1.06966524539272
LURUACO,37,0.689357973781826
LURUACO,39,0.299425106882402
LURUACO,40,0.956454315610616
LURUACO,42,0.629077707692626
LURUACO,44,1.74627065172128
LURUACO,46,3.44661869566633
LURUACO,47,3.20032303677828
LURUACO,48,8.1840732320669
LURUACO,49,4.79950914350029
LURUACO,50,2.10041757561944
LURUACO,51,0.119435730532242
LURUACO,52,0.168269023267929
LURUACO,53,0.436907412646005
LURUACO,54,0.205508094565174
LURUACO,55,0.387162701580712
LURUACO,59,0.314067881663283
LURUACO,62,0.123168071990641
LURUACO,63,0.165573982927106
LURUACO,64,0.147536971201167
LURUACO,67,0.148007233662682
LURUACO,68,0.347504020625138
LURUACO,71,0.695700511769068
LURUACO,75,0.26882162505404
LURUACO,76,0.389318903210845
LURUACO,77,0.310202015849162
MALAMBO,1,0.2760758586777
MALAMBO,2,0.562146844876611
MALAMBO,3,0.645634596817599
MALAMBO,4,1.63562658295067
MALAMBO,5,1.63787177598518
MALAMBO,6,2.46797681729187
MALAMBO,7,2.33366580044477
MALAMBO,8,1.40124097931881
MALAMBO,9,1.13784899105093
MALAMBO,10,0.572464961371166
MALAMBO,11,0.550334365095952
MALAMBO,12,0.65605359206132
MALAMBO,13,0.582206013949312
MALAMBO,14,0.724153121392693
MALAMBO,15,1.1420870124028
MALAMBO,16,1.40465273352874
MALAMBO,17,2.35319273794242
MALAMBO,18,1.11346028708134
MALAMBO,19,0.644331405436669
MALAMBO,20,0.561381682552839
MALAMBO,21,0.254934787950268
MALAMBO,22,0.327267403201882
MALAMBO,23,0.31390318772137
MALAMBO,24,0.712947874493927
MALAMBO,25,0.837509398496241
MALAMBO,26,0.783531624241326
MALAMBO,27,0.952792668477633
MALAMBO,28,1.22242295217921
MALAMBO,29,2.55941509652063
MALAMBO,30,3.24582691580727
MALAMBO,31,2.34700436742674
MALAMBO,32,1.33091188879898
MALAMBO,33,1.52980508033753
MALAMBO,34,0.624142873656225
MALAMBO,35,1.20339462032888
MALAMBO,36,3.19590667395256
MALAMBO,37,1.94239518139934
MALAMBO,38,2.03834455554271
MALAMBO,39,1.88206945956963
MALAMBO,40,2.17705944177445
MALAMBO,41,2.98028781062339
MALAMBO,42,3.95475014260791
MALAMBO,43,4.26018295963736
MALAMBO,44,3.40698970727378
MALAMBO,45,2.44079691885648
MALAMBO,46,3.36219199740258
MALAMBO,47,4.54098833076381
MALAMBO,48,3.43562334388697
MALAMBO,49,2.66978703094147
MALAMBO,50,2.05739872842443
MALAMBO,51,1.2168831712274
MALAMBO,52,0.911928816484431
MALAMBO,53,0.601096867753884
MALAMBO,54,0.491071040160886
MALAMBO,55,0.925143075162152
MALAMBO,56,0.861807082654088
MALAMBO,57,0.842514695170843
MALAMBO,58,0.43593285005723
MALAMBO,59,0.341127110203798
MALAMBO,60,0.311041604522909
MALAMBO,61,0.401158414223204
MALAMBO,62,0.615387520452979
MALAMBO,63,0.737341473725695
MALAMBO,64,0.544844398763813
MALAMBO,65,0.579869050594886
MALAMBO,66,0.516114691654171
MALAMBO,67,0.80383508809931
MALAMBO,68,1.81182014822241
MALAMBO,69,1.35706851819907
MALAMBO,70,0.554328815230221
MALAMBO,71,0.60454178442996
MALAMBO,72,0.577343126419844
MALAMBO,73,0.406996006714107
MALAMBO,74,0.864226952036354
MALAMBO,75,0.700792519860081
MALAMBO,76,0.507458756629875
MALAMBO,77,0.404333640027864
MALAMBO,78,0.534520216690045
MANATÍ,1,0.714894692857093
MANATÍ,11,0.59378474028292
MANATÍ,16,1.82075740518807
MANATÍ,18,4.12372602788275
MANATÍ,20,5.19772524170554
MANATÍ,21,4.13068646720258
MANATÍ,22,2.96950394601581
MANATÍ,23,1.5258439147803
MANATÍ,24,1.23219553702961
MANATÍ,25,1.6083072985758
MANATÍ,26,0.153884795064474
MANATÍ,31,1.90423772873235
MANATÍ,34,2.02558874560375
MANATÍ,35,1.11585375828131
MANATÍ,36,0.987806884791644
MANATÍ,37,0.969820800535924
MANATÍ,38,0.826903575615475
MANATÍ,46,0.805307041567768
MANATÍ,47,0.407868945460236
MANATÍ,48,0.182116151798191
MANATÍ,49,1.77733174108927
MANATÍ,50,1.63588453228653
MANATÍ,51,0.92090846974174
MANATÍ,52,0.589744215769115
MANATÍ,53,1.22131270939609
MANATÍ,54,1.14893746597785
MANATÍ,55,3.24677527337648
MANATÍ,56,3.16852233238754
MANATÍ,57,7.45358047704688
MANATÍ,58,7.01203972327605
MANATÍ,59,5.26759333057035
MANATÍ,60,4.46434646284312
MANATÍ,61,2.94980029724722
MANATÍ,62,1.5493449484259
MANATÍ,63,0.115709646850308
MANATÍ,64,0.206209339574406
MANATÍ,66,0.118080399825726
MANATÍ,67,0.205975978880974
MANATÍ,68,0.483607990245035
MANATÍ,70,0.710210477431095
MANATÍ,72,0.462310372235819
MANATÍ,73,0.521446513872685
MANATÍ,74,0.395448010633264
MANATÍ,77,0.431696223787288
PALMAR DE VARELA,5,0.907310926306363
PALMAR DE VARELA,11,0.203241136819391
PALMAR DE VARELA,12,0.306042641071368
PALMAR DE VARELA,13,0.286681987395095
PALMAR DE VARELA,14,0.802415812520647
PALMAR DE VARELA,15,0.632758908961129
PALMAR DE VARELA,18,0.70502700884945
PALMAR DE VARELA,20,1.77729395949344
PALMAR DE VARELA,21,1.97740766805828
PALMAR DE VARELA,24,0.210666549599965
PALMAR DE VARELA,25,0.274969790999384
PALMAR DE VARELA,27,0.288573090500642
PALMAR DE VARELA,28,1.81004380989342
PALMAR DE VARELA,29,0.40604254538786
PALMAR DE VARELA,31,1.30320505665011
PALMAR DE VARELA,49,0.173341867888456
PALMAR DE VARELA,50,0.148910183165403
PALMAR DE VARELA,51,0.171466013953104
PALMAR DE VARELA,52,0.0805242522846355
PALMAR DE VARELA,53,0.13844707838266
PALMAR DE VARELA,56,1.07754383378074
PALMAR DE VARELA,60,0.418820618681886
PALMAR DE VARELA,61,0.125395167989405
PALMAR DE VARELA,63,0.0787005445396667
PALMAR DE VARELA,64,0.350636004763407
PALMAR DE VARELA,65,0.115345373668771
PALMAR DE VARELA,66,0.319961597348838
PALMAR DE VARELA,67,0.418598704667634
PALMAR DE VARELA,68,0.327607260133427
PALMAR DE VARELA,69,2.35565367521078
PALMAR DE VARELA,70,2.40556518215678
PALMAR DE VARELA,71,0.655867342553561
PALMAR DE VARELA,72,0.313179760124933
PALMAR DE VARELA,73,0.52985992941122
PALMAR DE VARELA,74,0.535771293700654
PALMAR DE VARELA,75,1.01371967887037
PALMAR DE VARELA,76,0.734055962688504
PALMAR DE VARELA,77,0.292441026487676
PIOJÓ,5,3.97135579909071
PIOJÓ,6,20.5169677712211
PIOJÓ,29,3.5745968962525
PIOJÓ,30,18.1330849142687
PIOJÓ,40,2.01977319825006
PIOJÓ,41,2.63929015852405
PIOJÓ,42,2.65688443844384
PIOJÓ,49,1.52985163381203
PIOJÓ,50,0.657113280772522
PIOJÓ,51,0.252216006039379
PIOJÓ,55,1.63396226415094
PIOJÓ,57,4.09207230061836
PIOJÓ,58,2.54077762803234
PIOJÓ,59,0.66273825567963
PIOJÓ,62,0.519812422424113
PIOJÓ,65,0.512074387334635
PIOJÓ,72,2.79450163452648
PIOJÓ,73,2.36396892030804
PIOJÓ,74,7.17102737760693
PIOJÓ,75,21.4828636555536
PIOJÓ,77,3.91417500701389
PIOJÓ,78,5.17445363380511
POLONUEVO,1,0.778416429463298
POLONUEVO,2,0.566076737436761
POLONUEVO,5,1.44315667653766
POLONUEVO,6,6.21307527354704
POLONUEVO,7,10.0129588676983
POLONUEVO,8,3.48609107942698
POLONUEVO,9,6.30191946697061
POLONUEVO,10,7.70369518306915
POLONUEVO,11,19.7196313828884
POLONUEVO,12,14.3602268030417
POLONUEVO,13,4.10393296213162
POLONUEVO,14,2.56846672209793
POLONUEVO,15,1.0127044952369
POLONUEVO,16,0.996420148057614
POLONUEVO,17,2.78214512904103
POLONUEVO,18,5.64183301897313
POLONUEVO,19,5.71337650828557
POLONUEVO,20,3.98227978983026
POLONUEVO,21,15.8237964412568
POLONUEVO,22,15.7864760496977
POLONUEVO,23,2.22673870430114
POLONUEVO,24,1.68581555118837
POLONUEVO,25,0.220038895901609
POLONUEVO,26,0.842143548860758
POLONUEVO,27,0.928535470879802
POLONUEVO,28,0.264733605179486
POLONUEVO,29,0.653257213666136
POLONUEVO,31,2.096647540542
POLONUEVO,32,2.37788491325898
POLONUEVO,33,5.46647821148286
POLONUEVO,36,2.17523562765198
POLONUEVO,47,0.900947051536888
POLONUEVO,48,0.603418126677975
POLONUEVO,49,1.12170609811263
POLONUEVO,50,0.722705350541104
POLONUEVO,51,0.277391832413546
POLONUEVO,52,0.651346858190652
POLONUEVO,53,0.676343646596947
POLONUEVO,56,2.63201627084172
POLONUEVO,57,1.5009726862716
POLONUEVO,58,0.310652528548124
POLONUEVO,59,0.729277451748904
POLONUEVO,60,0.341004745662168
POLONUEVO,61,0.204194089116565
POLONUEVO,62,0.572001805485232
POLONUEVO,63,0.128156341770783
POLONUEVO,64,0.570977341090088
POLONUEVO,65,0.187828956153195
POLONUEVO,66,0.130982921699256
POLONUEVO,71,1.07397164518006
POLONUEVO,72,2.05130617364747
POLONUEVO,73,1.15684885887481
POLONUEVO,75,0.414987193534073
POLONUEVO,78,1.26610395131338
PONEDERA,2,0.431810990007649
PONEDERA,10,0.27983251703572
PONEDERA,12,0.742655945047609
PONEDERA,14,0.589234634626977
PONEDERA,15,1.16162798237193
PONEDERA,16,1.52393191581142
PONEDERA,20,1.30511281122081
PONEDERA,21,0.345728921581956
PONEDERA,22,0.710116071879441
PONEDERA,23,3.40558968651131
PONEDERA,24,1.0313192191608
PONEDERA,25,2.35570314175828
PONEDERA,26,2.0607683364177
PONEDERA,27,1.42254983388704
PONEDERA,28,2.02790716070095
PONEDERA,29,0.500406807241169
PONEDERA,31,1.60606982934731
PONEDERA,36,0.833134860709612
PONEDERA,39,0.710572111341477
PONEDERA,47,0.692198687515908
PONEDERA,48,0.154535620636563
PONEDERA,49,0.107726015581
PONEDERA,51,0.213120473613568
PONEDERA,52,0.20017222525478
PONEDERA,54,0.245226764520383
PONEDERA,59,0.936919913337434
PONEDERA,60,0.394287143238197
PONEDERA,61,0.629599089850856
PONEDERA,62,0.881837024971289
PONEDERA,63,1.48180922780236
PONEDERA,64,0.264077292220662
PONEDERA,65,0.0723924847392255
PONEDERA,66,0.101358581566278
PONEDERA,67,0.176806930590631
PONEDERA,68,0.830244816204891
PONEDERA,70,0.609634848054106
PONEDERA,71,0.831072029739813
PONEDERA,73,1.11900618321968
PONEDERA,75,1.60564876546889
PONEDERA,76,4.18566381755694
PONEDERA,77,5.92899305560309
PONEDERA,78,4.40887441889993
PUERTO COLOMBIA,1,0.287452986855817
PUERTO COLOMBIA,2,0.209040357842891
PUERTO COLOMBIA,5,0.532927725404883
PUERTO COLOMBIA,6,0.458871878172589
PUERTO COLOMBIA,7,1.32056332796831
PUERTO COLOMBIA,8,0.858227254978524
PUERTO COLOMBIA,9,0.423121400445941
PUERTO COLOMBIA,11,0.716267160111025
PUERTO COLOMBIA,12,1.16844284032348
PUERTO COLOMBIA,13,0.252582838518741
PUERTO COLOMBIA,14,0.277365410509239
PUERTO COLOMBIA,18,0.81233903369602
PUERTO COLOMBIA,19,2.87924076748809
PUERTO COLOMBIA,20,0.409563105959526
PUERTO COLOMBIA,21,0.325484072470391
PUERTO COLOMBIA,22,0.167133450930578
PUERTO COLOMBIA,23,0.200385535301915
PUERTO COLOMBIA,24,0.485464128851987
PUERTO COLOMBIA,25,0.633645779558309
PUERTO COLOMBIA,26,0.666907972866006
PUERTO COLOMBIA,27,0.489392654342265
PUERTO COLOMBIA,28,0.744160732224202
PUERTO COLOMBIA,29,1.14768288985012
PUERTO COLOMBIA,30,0.582192395403331
PUERTO COLOMBIA,36,0.382158919797932
PUERTO COLOMBIA,37,0.375200532853696
PUERTO COLOMBIA,40,0.256479136285722
PUERTO COLOMBIA,41,0.670295913275949
PUERTO COLOMBIA,44,0.9365465368592
PUERTO COLOMBIA,47,0.156033891370997
PUERTO COLOMBIA,50,0.166885912577148
PUERTO COLOMBIA,51,0.864740592135015
PUERTO COLOMBIA,52,1.53416087271333
PUERTO COLOMBIA,53,1.93019401420509
PUERTO COLOMBIA,54,1.85212652461093
PUERTO COLOMBIA,55,1.84726336995717
PUERTO COLOMBIA,56,2.40365480563893
PUERTO COLOMBIA,57,5.91133300736028
PUERTO COLOMBIA,58,7.02156020924681
PUERTO COLOMBIA,59,6.32703037367921
PUERTO COLOMBIA,60,6.59817251857997
PUERTO COLOMBIA,61,3.98595891310371
PUERTO COLOMBIA,62,3.33012945696953
PUERTO COLOMBIA,63,1.58000113353065
PUERTO COLOMBIA,64,1.25145040631521
PUERTO COLOMBIA,65,0.836220274633037
PUERTO COLOMBIA,66,0.399685103455077
PUERTO COLOMBIA,67,0.387332748373173
PUERTO COLOMBIA,68,1.27317805804487
PUERTO COLOMBIA,69,0.980867381879857
PUERTO COLOMBIA,70,1.06842662971209
PUERTO COLOMBIA,71,1.09238278940719
PUERTO COLOMBIA,72,0.17387265063855
PUERTO COLOMBIA,73,0.490283654543597
PUERTO COLOMBIA,75,0.56280178354865
PUERTO COLOMBIA,76,1.01884182983894
PUERTO COLOMBIA,77,0.324717640824468
PUERTO COLOMBIA,78,1.07317402358986
REPELÓN,10,0.254579573059322
REPELÓN,20,0.395383177095449
REPELÓN,23,0.386895540339383
REPELÓN,25,0.611707641214258
REPELÓN,26,1.98998361388617
REPELÓN,27,2.15633992805755
REPELÓN,28,2.21324912163293
REPELÓN,29,2.27559095580678
REPELÓN,30,1.15435349018083
REPELÓN,31,5.84285893024711
REPELÓN,32,6.62660071942446
REPELÓN,34,1.55380143884892
REPELÓN,35,2.56786849590095
REPELÓN,36,1.51546631785481
REPELÓN,37,1.48787255909558
REPELÓN,38,0.634306429856115
REPELÓN,39,0.646262779250284
REPELÓN,40,1.03369629795724
REPELÓN,50,0.0840757227422369
REPELÓN,51,0.0645406008838893
REPELÓN,52,0.181858206475752
REPELÓN,59,0.17008570341529
REPELÓN,61,0.142869473877248
REPELÓN,62,0.133405097343211
REPELÓN,64,0.0798997000063046
REPELÓN,66,0.0919581957937601
REPELÓN,74,0.923896403850352
SABANAGRANDE,1,0.437743409376612
SABANAGRANDE,4,1.08059785982547
SABANAGRANDE,6,0.698786061037074
SABANAGRANDE,8,0.653469161554873
SABANAGRANDE,9,0.322171994866619
SABANAGRANDE,10,0.206294390129113
SABANAGRANDE,11,0.545378275802665
SABANAGRANDE,12,0.136872723801251
SABANAGRANDE,16,1.11407247635114
SABANAGRANDE,20,0.318034825228217
SABANAGRANDE,21,0.505491186078264
SABANAGRANDE,22,0.519131309271278
SABANAGRANDE,23,0.622415229991982
SABANAGRANDE,24,0.188486825506773
SABANAGRANDE,25,0.123009996399882
SABANAGRANDE,26,0.282473899414223
SABANAGRANDE,27,0.34401451895211
SABANAGRANDE,28,0.294244668165406
SABANAGRANDE,37,0.593424250995052
SABANAGRANDE,38,2.02389816648016
SABANAGRANDE,39,4.12409520832295
SABANAGRANDE,40,3.68094554129733
SABANAGRANDE,41,1.06888605662658
SABANAGRANDE,45,0.962936251577931
SABANAGRANDE,49,0.154893643922381
SABANAGRANDE,51,0.0510724770527503
SABANAGRANDE,52,0.287817248364218
SABANAGRANDE,53,0.123744002414956
SABANAGRANDE,54,0.174616360909196
SABANAGRANDE,60,0.18717094017094
SABANAGRANDE,61,0.336234613653969
SABANAGRANDE,62,0.104653593118625
SABANAGRANDE,63,0.281370195379857
SABANAGRANDE,64,0.18803908234288
SABANAGRANDE,66,0.071534132239344
SABANAGRANDE,68,0.585947845319789
SABANAGRANDE,69,0.526655832790169
SABANAGRANDE,72,0.280071640610521
SABANAGRANDE,75,0.226638315856632
SABANAGRANDE,78,0.345730749883407
SABANALARGA,1,0.0759107948837991
SABANALARGA,2,0.110407060996079
SABANALARGA,3,0.591753243518498
SABANALARGA,5,0.281471886541164
SABANALARGA,6,0.727075326012354
SABANALARGA,7,0.278988263136749
SABANALARGA,8,0.906565123277546
SABANALARGA,9,0.782167460984355
SABANALARGA,10,0.715486323692266
SABANALARGA,11,0.94576177600238
SABANALARGA,12,0.996896619440436
SABANALARGA,13,1.24510886495275
SABANALARGA,14,1.51211048364411
SABANALARGA,15,1.88796817618999
SABANALARGA,16,1.36876492282398
SABANALARGA,17,2.72984577429534
SABANALARGA,18,3.98575918382494
SABANALARGA,19,3.36358514628838
SABANALARGA,20,3.90742004895948
SABANALARGA,21,2.3954920493019
SABANALARGA,22,2.55124775651042
SABANALARGA,23,1.85714799781773
SABANALARGA,24,2.31577532561534
SABANALARGA,25,1.59767892938731
SABANALARGA,26,1.42125793972511
SABANALARGA,27,0.947027819679149
SABANALARGA,28,0.836147414659075
SABANALARGA,29,0.773729684710788
SABANALARGA,30,0.654157959659723
SABANALARGA,32,0.938803330819251
SABANALARGA,34,1.76104042236582
SABANALARGA,35,1.69770949882221
SABANALARGA,36,1.5028932948129
SABANALARGA,37,3.37263649573819
SABANALARGA,38,1.6175415205781
SABANALARGA,39,2.01426053259205
SABANALARGA,40,1.32346284895246
SABANALARGA,41,0.576467772955694
SABANALARGA,43,0.377682203461623
SABANALARGA,44,1.07393144963689
SABANALARGA,45,0.346218204147561
SABANALARGA,46,0.706540384320164
SABANALARGA,47,1.07353791759991
SABANALARGA,48,0.559231985245858
SABANALARGA,49,0.417683406960754
SABANALARGA,50,1.14820154448916
SABANALARGA,51,0.716149827204264
SABANALARGA,52,0.672639761430115
SABANALARGA,53,0.990883252331425
SABANALARGA,54,0.508452712436471
SABANALARGA,55,0.598680572015486
SABANALARGA,56,1.22692778699534
SABANALARGA,57,0.899596363788464
SABANALARGA,58,1.24124792604883
SABANALARGA,59,1.94260798654612
SABANALARGA,60,1.56690225764399
SABANALARGA,61,1.6725560102937
SABANALARGA,62,0.914199614692325
SABANALARGA,63,1.0753331632951
SABANALARGA,64,0.57035141783753
SABANALARGA,65,0.469057630414863
SABANALARGA,66,0.368837036217632
SABANALARGA,67,0.367650563004335
SABANALARGA,68,0.323700518719938
SABANALARGA,69,0.969817636061773
SABANALARGA,70,0.316917151332007
SABANALARGA,71,0.432030716514215
SABANALARGA,72,0.103148355914272
SABANALARGA,73,0.290856283101953
SABANALARGA,74,0.352921453603766
SABANALARGA,75,0.250407748712058
SABANALARGA,76,0.48353485978904
SABANALARGA,77,0.192635763384279
SABANALARGA,78,0.381990390334531
SANTA LUCÍA,17,1.56841779494829
SANTA LUCÍA,26,0.379802739733967
SANTA LUCÍA,27,0.173747174076865
SANTA LUCÍA,31,7.06182880387526
SANTA LUCÍA,32,8.00907918381543
SANTA LUCÍA,33,6.13731088052867
SANTA LUCÍA,34,10.0158089386123
SANTA LUCÍA,35,5.51749612088548
SANTA LUCÍA,36,1.22108757858569
SANTA LUCÍA,49,0.312642791172467
SANTA LUCÍA,50,0.402865988459233
SANTA LUCÍA,51,0.103086488079944
SANTA LUCÍA,52,0.290470240087
SANTA LUCÍA,53,0.750384227884037
SANTA LUCÍA,54,1.76479075887358
SANTA LUCÍA,55,0.66494817089892
SANTA LUCÍA,56,0.973382642148067
SANTA LUCÍA,65,0.104195468491828
SANTA LUCÍA,66,0.144495198075419
SANTA LUCÍA,70,0.869085841198904
SANTO TOMÁS,1,0.47440049603408
SANTO TOMÁS,3,0.924532646129832
SANTO TOMÁS,5,0.87952183084882
SANTO TOMÁS,6,0.757303129817036
SANTO TOMÁS,11,0.197016272565891
SANTO TOMÁS,12,0.148334587509425
SANTO TOMÁS,18,0.682972154395192
SANTO TOMÁS,19,0.691632852232994
SANTO TOMÁS,20,0.688678458710223
SANTO TOMÁS,21,0.547299954761519
SANTO TOMÁS,22,0.28103412077641
SANTO TOMÁS,24,0.408152837929116
SANTO TOMÁS,25,0.133184054082492
SANTO TOMÁS,26,0.101945696007169
SANTO TOMÁS,27,0.0930033666377064
SANTO TOMÁS,28,0.318192904624319
SANTO TOMÁS,29,0.392586747991986
SANTO TOMÁS,30,0.995749876722944
SANTO TOMÁS,34,1.34031525381656
SANTO TOMÁS,37,1.28344474192805
SANTO TOMÁS,39,0.278734412050979
SANTO TOMÁS,40,0.883449562279295
SANTO TOMÁS,48,0.119990395885681
SANTO TOMÁS,49,0.0836447105431497
SANTO TOMÁS,50,0.0718553995034402
SANTO TOMÁS,51,0.220638753230684
SANTO TOMÁS,52,0.155425295829536
SANTO TOMÁS,53,0.133428473054512
SANTO TOMÁS,54,0.18828221127292
SANTO TOMÁS,55,0.354710356933879
SANTO TOMÁS,56,1.03848365794533
SANTO TOMÁS,60,0.100909669397308
SANTO TOMÁS,61,0.241699369733119
SANTO TOMÁS,62,0.112844007442566
SANTO TOMÁS,63,0.303390829453617
SANTO TOMÁS,64,0.0675851412107162
SANTO TOMÁS,65,0.111164188239409
SANTO TOMÁS,66,0.23104486863828
SANTO TOMÁS,70,1.85286733113797
SANTO TOMÁS,71,0.631470715069241
SANTO TOMÁS,73,0.170050154354456
SANTO TOMÁS,74,0.257920969680767
SANTO TOMÁS,75,0.488005919004695
SANTO TOMÁS,76,0.706750913767132
SANTO TOMÁS,77,1.12625180203526
SANTO TOMÁS,78,0.372220053981876
SOLEDAD,1,1.54696858892717
SOLEDAD,2,1.49997336231426
SOLEDAD,3,1.14196997447866
SOLEDAD,4,0.867907229443195
SOLEDAD,5,0.82564365949493
SOLEDAD,6,0.411580568147577
SOLEDAD,7,0.51685795438347
SOLEDAD,8,0.734788474847217
SOLEDAD,9,0.810781047025191
SOLEDAD,10,0.58543843551101
SOLEDAD,11,0.496437637047603
SOLEDAD,12,0.615622011791971
SOLEDAD,13,0.576676966343172
SOLEDAD,14,0.629519678187066
SOLEDAD,15,0.726466335947375
SOLEDAD,16,0.327609661049103
SOLEDAD,17,0.374208638997304
SOLEDAD,18,0.269812288487411
SOLEDAD,19,0.478159061892939
SOLEDAD,20,0.459112385117176
SOLEDAD,21,0.432428327664486
SOLEDAD,22,0.263682552219259
SOLEDAD,23,0.432617545765757
SOLEDAD,24,0.554273679022592
SOLEDAD,25,0.808958203029445
SOLEDAD,26,0.785348167711378
SOLEDAD,27,0.93124557108683
SOLEDAD,28,0.839679954708295
SOLEDAD,29,0.716484619796184
SOLEDAD,30,0.294693817141041
SOLEDAD,31,0.248602993770625
SOLEDAD,32,0.422924666769721
SOLEDAD,33,0.486127075180179
SOLEDAD,34,0.264445672253538
SOLEDAD,35,0.327774366955279
SOLEDAD,36,0.322401642821553
SOLEDAD,37,0.316531322214106
SOLEDAD,38,0.539771640262819
SOLEDAD,39,0.591192011898023
SOLEDAD,40,0.547680776670525
SOLEDAD,41,0.744295460766076
SOLEDAD,42,0.374628575969011
SOLEDAD,43,0.450126676504623
SOLEDAD,44,0.399976810685862
SOLEDAD,45,0.722098060915937
SOLEDAD,46,0.526290145682378
SOLEDAD,47,0.453140942022655
SOLEDAD,48,0.482022410099987
SOLEDAD,49,0.771590996951723
SOLEDAD,50,1.04058601418674
SOLEDAD,51,1.3678155368738
SOLEDAD,52,1.33738641244208
SOLEDAD,53,1.22725111728436
SOLEDAD,54,1.11060185531573
SOLEDAD,55,0.957491056829716
SOLEDAD,56,0.596986629015025
SOLEDAD,57,0.377451510905842
SOLEDAD,58,0.275718305492262
SOLEDAD,59,0.438703217326664
SOLEDAD,60,0.534694535525519
SOLEDAD,61,0.821583157748609
SOLEDAD,62,1.03791890173363
SOLEDAD,63,1.08815672853199
SOLEDAD,64,1.41219478840794
SOLEDAD,65,1.40867225781021
SOLEDAD,66,1.55839048202468
SOLEDAD,67,1.42006521436484
SOLEDAD,68,1.14313726661615
SOLEDAD,69,0.913300714695873
SOLEDAD,70,1.14249833006353
SOLEDAD,71,1.01713442685288
SOLEDAD,72,0.743707457204777
SOLEDAD,73,0.873076629887392
SOLEDAD,74,0.921764891964261
SOLEDAD,75,0.786050103167851
SOLEDAD,76,0.800431290798151
SOLEDAD,77,0.963739326845815
SOLEDAD,78,1.01173945999709
SUAN,6,1.89322610371115
SUAN,14,0.389928603826835
SUAN,15,0.768712412194194
SUAN,19,1.73473839925257
SUAN,20,1.72732825400873
SUAN,21,0.686362890635336
SUAN,22,3.52441818832796
SUAN,23,0.845123966942149
SUAN,24,0.511860012457178
SUAN,25,1.33619733093417
SUAN,26,0.767093897858641
SUAN,27,2.10304923208856
SUAN,28,1.19919555588593
SUAN,29,0.986379177850293
SUAN,30,5.00366836002604
SUAN,50,0.181114606495519
SUAN,51,0.139032352631774
SUAN,52,0.391756103064578
SUAN,53,1.35098428764074
SUAN,54,5.71916105870554
SUAN,55,6.28512182477968
SUAN,56,2.62870261634981
SUAN,57,5.6215612216893
SUAN,58,6.5154898911353
SUAN,59,2.54925757239132
SUAN,60,2.55431570762053
SUAN,61,0.917716558262387
SUAN,62,0.285640833473074
SUAN,71,3.20745433571365
SUAN,73,0.431871258521601
SUAN,74,2.62013649321278
SUAN,75,1.85906091535128
SUAN,77,2.86030780156384
TUBARÁ,7,0.748592816556619
TUBARÁ,8,1.82439970250744
TUBARÁ,9,1.19928228429803
TUBARÁ,10,1.15189345151341
TUBARÁ,11,0.338360934962669
TUBARÁ,13,0.238637676432013
TUBARÁ,14,0.268294515419322
TUBARÁ,20,0.594253271408097
TUBARÁ,24,0.704381431148939
TUBARÁ,27,0.645068869041214
TUBARÁ,28,2.75872186867334
TUBARÁ,29,0.680742801801663
TUBARÁ,32,2.47793365974389
TUBARÁ,33,5.69647853222856
TUBARÁ,44,2.81746220457637
TUBARÁ,48,0.209592385668984
TUBARÁ,50,0.376538751138194
TUBARÁ,51,0.289049400491443
TUBARÁ,52,0.135744024785352
TUBARÁ,53,0.235372894766888
TUBARÁ,54,0.33213697261088
TUBARÁ,55,0.625722543352601
TUBARÁ,56,0.915962309779403
TUBARÁ,57,0.783525404381406
TUBARÁ,59,1.52276564527545
TUBARÁ,62,0.199061115523685
TUBARÁ,63,0.936587658121806
TUBARÁ,64,1.07300480693851
TUBARÁ,65,0.0980489253205767
TUBARÁ,67,0.239342999632056
TUBARÁ,69,1.01017252997753
TUBARÁ,72,0.537202210923218
TUBARÁ,77,0.501628732109523
USIACURÍ,1,0.577320756979407
USIACURÍ,6,1.84319712910856
USIACURÍ,7,4.24355233031166
USIACURÍ,8,4.30916037718093
USIACURÍ,11,0.959034272230867
USIACURÍ,12,1.08309291912314
USIACURÍ,13,0.676383372593207
USIACURÍ,15,1.48674313532195
USIACURÍ,20,0.835193169564164
USIACURÍ,22,2.04494078580457
USIACURÍ,25,0.323037292244872
USIACURÍ,28,0.38490807485296
USIACURÍ,36,1.58133637250821
USIACURÍ,52,0.374631860212244
USIACURÍ,53,0.320693707123494
USIACURÍ,57,2.13509433025724
USIACURÍ,59,0.34579269088973
USIACURÍ,63,0.36459807857129
USIACURÍ,64,0.162440062343174
USIACURÍ,65,0.267181770200618
USIACURÍ,66,0.184721112245318
USIACURÍ,69,2.71994495936521
USIACURÍ,70,5.55515011437011
USIACURÍ,71,10.6021200299049
USIACURÍ,72,33.2682678009845
USIACURÍ,73,25.2877495756805
USIACURÍ,74,14.228396234644
USIACURÍ,75,16.9720598221375
USIACURÍ,76,20.3417862646002
USIACURÍ,77,7.42864585490586
USIACURÍ,78,1.78554674968841
