municipio,año,periodo,casos,poblacion,tasa,esperado,REM
BARANOA,2018,2,1,62371,9.71322893695922e-5,6.058238020270835,0.16506449509808047
BARANOA,2018,4,1,62371,2.8614255622150956e-5,1.7846997374091773,0.5603183432142403
BARANOA,2018,5,1,62371,3.810004163790265e-5,2.376337696997626,0.4208156110402346
BARANOA,2018,6,2,62371,4.4248884043144435e-5,2.7598471466549617,0.7246778150101809
BARANOA,2018,7,3,62371,7.687843550508663e-5,4.7949849008877585,0.6256536906809802
BARANOA,2018,8,7,62371,9.463492756788235e-5,5.902475067336391,1.1859431713209911
BARANOA,2018,9,11,62371,9.597514333484023e-5,5.98606566493732,1.8376009579098362
BARANOA,2018,10,32,62371,1.498853331224517e-4,9.348498112180435,3.4230097301197775
BARANOA,2018,11,24,62371,1.7008655143232985e-4,10.608468299385844,2.262343565789741
BARANOA,2018,12,26,62371,2.2590697786283408e-4,14.090044116282824,1.845274563047941
BARANOA,2018,13,54,62371,2.4116327910867475e-4,15.041594881287153,3.590044834087372
BARANOA,2019,1,55,64550,2.076576561051351e-4,13.404301701586471,4.103160405102673
BARANOA,2019,2,15,64550,1.0533413879438326e-4,6.799318659177439,2.2061033982800056
BARANOA,2019,3,19,64550,5.352779952659651e-5,3.4552194594418046,5.498927122582678
BARANOA,2019,4,2,64550,3.834176540450562e-5,2.474960956860838,0.8080935557612742
BARANOA,2019,5,5,64550,4.72684832660975e-5,3.0511805948265933,1.638709950003521
BARANOA,2019,6,3,64550,4.667658244834832e-5,3.012973397040884,0.9956941547994996
BARANOA,2019,7,6,64550,9.375364494977906e-5,6.051797781508238,0.9914409265844093
BARANOA,2019,8,15,64550,1.1797208302458832e-4,7.615097959237176,1.9697711152625261
BARANOA,2019,9,27,64550,1.1487237835054205e-4,7.415012022527489,3.641261796740385
BARANOA,2019,10,42,64550,9.5810393606517e-5,6.184560907300672,6.791104595707089
BARANOA,2019,11,54,64550,1.581910247888378e-4,10.21123065011948,5.288295000893761
BARANOA,2019,12,67,64550,2.4239431719989677e-4,15.646553175253336,4.282093266775683
BARANOA,2019,13,85,64550,3.166691593235031e-4,20.440994234332127,4.15831045327709
BARANOA,2020,1,67,66927,3.3363221219008695e-4,22.32900306524595,3.000581790607677
BARANOA,2020,2,31,66927,1.9503212360501006e-4,13.052914936512508,2.374948442610675
BARANOA,2020,3,8,66927,7.903710227401034e-5,5.28971614389269,1.5123684867734355
BARANOA,2020,4,4,66927,3.1161358567857645e-5,2.0855362448710086,1.91797194119127
BARANOA,2020,6,1,66927,2.171322796989461e-5,1.4532012083411365,0.6881359540992424
BARANOA,2020,8,7,66927,2.3150463194467594e-5,1.5493910502161328,4.517903984938814
BARANOA,2020,9,12,66927,4.202460882907712e-5,2.8125809951036445,4.266543797633034
BARANOA,2020,10,7,66927,4.7472151109898895e-5,3.1771686573322033,2.203219518688612
BARANOA,2020,11,9,66927,4.835255923188506e-5,3.236091731712371,2.7811325345952627
BARANOA,2020,12,11,66927,5.670953553118227e-5,3.7953990844954357,2.8982459433412524
BARANOA,2020,13,13,66927,1.1132073260760027e-4,7.450362671228864,1.7448815008968923
BARANOA,2021,1,4,68800,6.808375885682619e-5,4.684162609349642,0.8539413196322336
BARANOA,2021,2,1,68800,5.210255148757055e-5,3.584655542344854,0.2789668318719024
BARANOA,2021,4,1,68800,2.650856685511539e-5,1.8237893996319388,0.5483089221824687
BARANOA,2021,7,1,68800,5.6680773881499396e-5,3.8996372430471586,0.2564341085271318
BARANOA,2021,8,2,68800,1.1191199240916943e-4,7.699545077750857,0.25975560631229233
BARANOA,2021,9,9,68800,2.50639088722142e-4,17.243969304083368,0.521921597127223
BARANOA,2021,10,24,68800,3.59547941345098e-4,24.736898364542743,0.9702105593966059
BARANOA,2021,11,18,68800,4.1853895028106053e-4,28.795479779336965,0.6250981104651163
BARANOA,2021,12,29,68800,5.452221432515547e-4,37.51128345570696,0.7731007133958234
BARANOA,2021,13,20,68800,3.869934211118411e-4,26.62514737249467,0.7511695511087073
BARANOA,2022,1,6,70464,2.192701055175691e-4,15.45064871518999,0.388333209213489
BARANOA,2022,2,1,70464,1.553884202225685e-4,10.949289642563068,0.09133012575653399
BARANOA,2022,3,1,70464,8.248102936324645e-5,5.811943253051798,0.1720594913714805
BARANOA,2022,5,1,70464,6.586926114062313e-5,4.641411617012868,0.21545169498317038
BARANOA,2022,6,5,70464,1.591294979941727e-4,11.212900946661383,0.44591493528610354
BARANOA,2022,7,4,70464,2.0335462504675341e-4,14.329180299294432,0.27915065038276893
BARANOA,2022,8,15,70464,2.899313370111123e-4,20.42972173115102,0.7342243911784742
BARANOA,2022,9,12,70464,2.4209310432224935e-4,17.058848502962977,0.7034472460386586
BARANOA,2022,10,11,70464,2.59268312325771e-4,18.269082359723125,0.602110154380338
BARANOA,2022,11,18,70464,3.8573183531486757e-4,27.180208043626827,0.6622465866011137
BARANOA,2022,12,15,70464,4.3288916530475534e-4,30.50310214403428,0.4917532626409823
BARANOA,2022,13,7,70464,5.263723116063582e-4,37.09029856503042,0.18872859671719547
BARANOA,2023,1,12,72072,3.701077708451503e-4,26.67440726035167,0.4498694153866568
BARANOA,2023,2,3,72072,2.1217267080088766e-4,15.291708729961575,0.19618474645165035
BARANOA,2023,3,2,72072,9.03675589352035e-5,6.512970707577987,0.30707953248936853
BARANOA,2023,4,3,72072,5.027066363659577e-5,3.6231072696167304,0.8280185423042565
BARANOA,2023,5,2,72072,6.153453792751676e-5,4.434917217511988,0.45096670397875216
BARANOA,2023,6,3,72072,4.513880546703739e-5,3.2532439876203187,0.9221564725596983
BARANOA,2023,7,2,72072,9.45305928323655e-5,6.813008886614247,0.2935560533216783
BARANOA,2023,8,11,72072,1.676201581459753e-4,12.08072003789673,0.9105417529330574
BARANOA,2023,9,6,72072,1.1051382832858124e-4,7.964952635297507,0.7533001481277343
BARANOA,2023,10,12,72072,1.1681757394982434e-4,8.41927618971174,1.4253006706994438
BARANOA,2023,11,4,72072,8.066161135529346e-5,5.813443653598711,0.6880603370987985
BARANOA,2023,12,15,72072,1.0123431976448612e-4,7.296159894066044,2.0558759974818366
BARANOA,2023,13,14,72072,7.65779099237608e-5,5.519123124025289,2.5366348395194547
CAMPO DE LA CRUZ,2019,5,1,23641,4.72684832660975e-5,1.1174742128938109,0.8948752360113978
CAMPO DE LA CRUZ,2019,7,7,23641,9.375364494977906e-5,2.2164299202577267,3.1582320451557697
CAMPO DE LA CRUZ,2019,8,4,23641,1.1797208302458832e-4,2.7889780147842926,1.4342171142246782
CAMPO DE LA CRUZ,2019,9,4,23641,1.1487237835054205e-4,2.715697896585165,1.472917884213031
CAMPO DE LA CRUZ,2019,10,2,23641,9.5810393606517e-5,2.2650535152516684,0.8829813452675892
CAMPO DE LA CRUZ,2019,11,2,23641,1.581910247888378e-4,3.7397940170329145,0.5347888121353711
CAMPO DE LA CRUZ,2019,12,2,23641,2.4239431719989677e-4,5.73044405292276,0.34901309244611134
CAMPO DE LA CRUZ,2019,13,8,23641,3.166691593235031e-4,7.486375595566937,1.0686078861361439
CAMPO DE LA CRUZ,2020,1,4,24454,3.3363221219008695e-4,8.158642116896386,0.49027766418581825
CAMPO DE LA CRUZ,2020,3,1,24454,7.903710227401034e-5,1.9327732990086488,0.5173912535489374
CAMPO DE LA CRUZ,2020,8,1,24454,2.3150463194467594e-5,0.5661214269575106,1.7664054960333688
CAMPO DE LA CRUZ,2021,7,1,25124,5.6680773881499396e-5,1.4240477629987909,0.7022236374250385
CAMPO DE LA CRUZ,2021,8,1,25124,1.1191199240916943e-4,2.8116768972879727,0.3556596424591171
CAMPO DE LA CRUZ,2021,10,2,25124,3.59547941345098e-4,9.033282478354241,0.2214034604577512
CAMPO DE LA CRUZ,2021,11,1,25124,4.1853895028106053e-4,10.515372586861364,0.09509886518424172
CAMPO DE LA CRUZ,2021,12,3,25124,5.452221432515547e-4,13.698161127052058,0.2190074983185441
CAMPO DE LA CRUZ,2021,13,7,25124,3.869934211118411e-4,9.722822712013896,0.7199555321882533
CAMPO DE LA CRUZ,2022,1,2,25669,2.192701055175691e-4,5.628444338530482,0.3553379725741723
CAMPO DE LA CRUZ,2022,2,17,25669,1.553884202225685e-4,3.988665358693111,4.262077279295765
CAMPO DE LA CRUZ,2022,3,5,25669,8.248102936324645e-5,2.117205542725173,2.3616034905917647
CAMPO DE LA CRUZ,2022,4,5,25669,5.6345374608198414e-5,1.446329420817845,3.4570270977221
CAMPO DE LA CRUZ,2022,5,3,25669,6.586926114062313e-5,1.690798064218655,1.774310051263483
CAMPO DE LA CRUZ,2022,6,11,25669,1.591294979941727e-4,4.084695084012418,2.6929794693988858
CAMPO DE LA CRUZ,2022,7,13,25669,2.0335462504675341e-4,5.219909870325114,2.490464456849006
CAMPO DE LA CRUZ,2022,8,10,25669,2.899313370111123e-4,7.442247489738242,1.343680119989092
CAMPO DE LA CRUZ,2022,9,6,25669,2.4209310432224935e-4,6.214287894847819,0.9655169025842073
CAMPO DE LA CRUZ,2022,10,3,25669,2.59268312325771e-4,6.655158309090216,0.4507781574335098
CAMPO DE LA CRUZ,2022,11,2,25669,3.8573183531486757e-4,9.901350480697335,0.20199264776042383
CAMPO DE LA CRUZ,2022,12,2,25669,4.3288916530475534e-4,11.111831984207765,0.17998832261344647
CAMPO DE LA CRUZ,2023,3,1,26217,9.03675589352035e-5,2.36916629260423,0.4220894088868629
CAMPO DE LA CRUZ,2023,5,1,26217,6.153453792751676e-5,1.613250980845707,0.6198663517785526
CAMPO DE LA CRUZ,2023,6,1,26217,4.513880546703739e-5,1.1834040629293192,0.8450199144362128
CAMPO DE LA CRUZ,2023,7,6,26217,9.45305928323655e-5,2.4783085522861263,2.42100605046344
CAMPO DE LA CRUZ,2023,8,4,26217,1.676201581459753e-4,4.394497686113034,0.9102291742331146
CAMPO DE LA CRUZ,2023,9,1,26217,1.1051382832858124e-4,2.8973410372904143,0.34514404315178493
CAMPO DE LA CRUZ,2023,10,2,26217,1.1681757394982434e-4,3.0626063362425446,0.6530385496602097
CAMPO DE LA CRUZ,2023,13,1,26217,7.65779099237608e-5,2.007643064471237,0.49809650813770273
CANDELARIA,2018,11,1,15977,1.7008655143232985e-4,2.7174728322343342,0.36798895949873756
CANDELARIA,2019,5,1,16579,4.72684832660975e-5,0.7836641840686304,1.2760567859669132
CANDELARIA,2019,6,1,16579,4.667658244834832e-5,0.7738510604111668,1.2922383274485332
CANDELARIA,2019,7,3,16579,9.375364494977906e-5,1.554341679622387,1.930077562308451
CANDELARIA,2019,8,3,16579,1.1797208302458832e-4,1.9558591644646497,1.5338527714602337
CANDELARIA,2019,9,3,16579,1.1487237835054205e-4,1.9044691606736366,1.5752420999764887
CANDELARIA,2019,10,3,16579,9.5810393606517e-5,1.5884405156024453,1.8886448504256357
CANDELARIA,2019,11,8,16579,1.581910247888378e-4,2.622648999974142,3.050351000106715
CANDELARIA,2019,12,2,16579,2.4239431719989677e-4,4.018655384857088,0.4976789021363483
CANDELARIA,2019,13,4,16579,3.166691593235031e-4,5.250057992424359,0.7618963458635797
CANDELARIA,2020,1,2,17240,3.3363221219008695e-4,5.751819338157099,0.34771606728538285
CANDELARIA,2021,10,1,17758,3.59547941345098e-4,6.38485234240625,0.1566206932239143
CANDELARIA,2022,5,1,18197,6.586926114062313e-5,1.198622944975919,0.834290720189818
CANDELARIA,2022,6,2,18197,1.591294979941727e-4,2.8956794749999606,0.6906841787107764
CANDELARIA,2022,7,2,18197,2.0335462504675341e-4,3.700444111975772,0.5404756671036827
CANDELARIA,2022,8,3,18197,2.899313370111123e-4,5.275880539591211,0.568625460240699
CANDELARIA,2022,9,2,18197,2.4209310432224935e-4,4.405368219351971,0.4539915622068476
CANDELARIA,2022,11,2,18197,3.8573183531486757e-4,7.019162207224645,0.2849342900127669
CANDELARIA,2022,12,1,18197,4.3288916530475534e-4,7.877284141050633,0.12694730596154744
CANDELARIA,2023,2,2,18647,2.1217267080088766e-4,3.9563837924241523,0.5055121305040433
CANDELARIA,2023,9,4,18647,1.1051382832858124e-4,2.0607513568430544,1.9410396051505003
CANDELARIA,2023,13,1,18647,7.65779099237608e-5,1.4279482863483677,0.7003054729364592
GALAPA,2018,1,1,60724,1.4127227377256848e-4,8.578617552565449,0.11656889864509096
GALAPA,2018,2,1,60724,9.71322893695922e-5,5.898261139679117,0.1695414930466105
GALAPA,2018,4,2,60724,2.8614255622150956e-5,1.7375720583994947,1.151031400586766
GALAPA,2018,5,3,60724,3.810004163790265e-5,2.3135869284200004,1.2966878240657966
GALAPA,2018,6,1,60724,4.4248884043144435e-5,2.6869692346359026,0.3721665239444042
GALAPA,2018,7,4,60724,7.687843550508663e-5,4.668366117610881,0.8568308267233914
GALAPA,2018,8,6,60724,9.463492756788235e-5,5.7466113416320885,1.044093578511601
GALAPA,2018,9,3,60724,9.597514333484023e-5,5.827994603864838,0.5147568252740915
GALAPA,2018,10,24,60724,1.498853331224517e-4,9.101636968527757,2.636888296356885
GALAPA,2018,11,19,60724,1.7008655143232985e-4,10.328335749176798,1.8395993760673748
GALAPA,2018,12,25,60724,2.2590697786283408e-4,13.717975323742737,1.8224263719683627
GALAPA,2018,13,47,60724,2.4116327910867475e-4,14.644398960595165,3.2094181622930784
GALAPA,2019,1,24,62945,2.076576561051351e-4,13.07101116353773,1.8361242064385392
GALAPA,2019,2,8,62945,1.0533413879438326e-4,6.6302573664124544,1.2065896627974633
GALAPA,2019,3,1,62945,5.352779952659651e-5,3.3693073412016172,0.2967969077120058
GALAPA,2019,4,3,62945,3.834176540450562e-5,2.4134224233866064,1.2430480345791624
GALAPA,2019,6,1,62945,4.667658244834832e-5,2.938057482211285,0.3403609378150645
GALAPA,2019,7,3,62945,9.375364494977906e-5,5.901323181363843,0.5083605672493734
GALAPA,2019,8,3,62945,1.1797208302458832e-4,7.425752765982712,0.4039994455165496
GALAPA,2019,9,2,62945,1.1487237835054205e-4,7.23064185527487,0.27660061721090057
GALAPA,2019,10,3,62945,9.5810393606517e-5,6.030785225562212,0.4974476602622387
GALAPA,2019,11,2,62945,1.581910247888378e-4,9.957334055333396,0.20085697525923119
GALAPA,2019,12,2,62945,2.4239431719989677e-4,15.257510296147503,0.13108298543996375
GALAPA,2019,13,10,62945,3.166691593235031e-4,19.932740233617903,0.5016871680861185
GALAPA,2020,1,23,65478,3.3363221219008695e-4,21.84556998978251,1.0528450395552706
GALAPA,2020,2,4,65478,1.9503212360501006e-4,12.770313389408848,0.3132264556105122
GALAPA,2020,3,2,65478,7.903710227401034e-5,5.1751913826976494,0.3864591378565538
GALAPA,2020,4,1,65478,3.1161358567857645e-5,2.040383436306183,0.49010395899427334
GALAPA,2020,6,2,65478,2.171322796989461e-5,1.4217387410127593,1.4067282140566297
GALAPA,2020,12,1,65478,5.670953553118227e-5,3.7132269675107525,0.2693075345917713
GALAPA,2020,13,2,65478,1.1132073260760027e-4,7.289058929680451,0.2743838428656632
GALAPA,2021,1,7,66754,6.808375885682619e-5,4.544863238728576,1.5402003607831878
GALAPA,2021,2,3,66754,5.210255148757055e-5,3.4780537220012846,0.8625513691817817
GALAPA,2021,6,1,66754,2.8917641592822257e-5,1.930368246887257,0.5180358730063617
GALAPA,2021,8,1,66754,1.1191199240916943e-4,7.4705731412816965,0.13385853817213736
GALAPA,2021,9,6,66754,2.50639088722142e-4,16.731161728557865,0.35861227674099877
GALAPA,2021,10,29,66754,3.59547941345098e-4,24.00126327655067,1.2082697342157451
GALAPA,2021,11,28,66754,4.1853895028106053e-4,27.939149087061914,1.0021779801792985
GALAPA,2021,12,49,66754,5.452221432515547e-4,36.39575895061428,1.346310707972556
GALAPA,2021,13,42,66754,3.869934211118411e-4,25.83335883289984,1.6258048468134652
GALAPA,2022,1,21,67560,2.192701055175691e-4,14.81388832876697,1.4175886528873227
GALAPA,2022,2,13,67560,1.553884202225685e-4,10.498041670236729,1.238326195337616
GALAPA,2022,3,5,67560,8.248102936324645e-5,5.572418343780931,0.8972764949674363
GALAPA,2022,4,5,67560,5.6345374608198414e-5,3.806693508529885,1.3134758521525838
GALAPA,2022,5,2,67560,6.586926114062313e-5,4.450127282660499,0.44942534740361506
GALAPA,2022,6,11,67560,1.591294979941727e-4,10.750788884486306,1.023180728241563
GALAPA,2022,7,9,67560,2.0335462504675341e-4,13.73863846815866,0.6550867482872368
GALAPA,2022,8,38,67560,2.899313370111123e-4,19.58776112847075,1.9399869005328598
GALAPA,2022,9,39,67560,2.4209310432224935e-4,16.355810128011168,2.384473755488767
GALAPA,2022,10,39,67560,2.59268312325771e-4,17.516167180729088,2.2265144878787733
GALAPA,2022,11,68,67560,3.8573183531486757e-4,26.06004279387245,2.6093587235393554
GALAPA,2022,12,59,67560,4.3288916530475534e-4,29.24599200798927,2.017370448021824
GALAPA,2022,13,53,67560,5.263723116063582e-4,35.56171337212556,1.4903668854589875
GALAPA,2023,1,35,68313,3.701077708451503e-4,25.283172149744754,1.3843199655765244
GALAPA,2023,2,13,68313,2.1217267080088766e-4,14.49415166042104,0.8969134796277111
GALAPA,2023,3,1,68313,9.03675589352035e-5,6.173279053540557,0.16198846534022637
GALAPA,2023,4,2,68313,5.027066363659577e-5,3.434139845006767,0.5823874653526403
GALAPA,2023,5,2,68313,6.153453792751676e-5,4.203608889442453,0.47578165633417685
GALAPA,2023,6,1,68313,4.513880546703739e-5,3.0835672178697253,0.32429972474893787
GALAPA,2023,7,3,68313,9.45305928323655e-5,6.457668388157384,0.4645639601905933
GALAPA,2023,8,9,68313,1.676201581459753e-4,11.45063586342601,0.7859825521783046
GALAPA,2023,9,4,68313,1.1051382832858124e-4,7.54953115461037,0.5298342265343549
GALAPA,2023,10,1,68313,1.1681757394982434e-4,7.98015892923435,0.12531078752537378
GALAPA,2023,11,2,68313,8.066161135529346e-5,5.510236656514162,0.36296081723379603
GALAPA,2023,12,2,68313,1.0123431976448612e-4,6.91562008607134,0.289200386242757
GALAPA,2023,13,1,68313,7.65779099237608e-5,5.231266760621872,0.19115828837624102
JUAN DE ACOSTA,2018,1,1,21005,1.4127227377256848e-4,2.967424110592801,0.33699261134608444
JUAN DE ACOSTA,2018,4,1,21005,2.8614255622150956e-5,0.6010424393432808,1.6637760240235842
JUAN DE ACOSTA,2018,5,5,21005,3.810004163790265e-5,0.8002913746041451,6.247724464696614
JUAN DE ACOSTA,2018,6,3,21005,4.4248884043144435e-5,0.9294478093262488,3.2277229231135443
JUAN DE ACOSTA,2018,7,2,21005,7.687843550508663e-5,1.6148315377843447,1.2385192840264514
JUAN DE ACOSTA,2018,8,4,21005,9.463492756788235e-5,1.987806653563369,2.012268141285042
JUAN DE ACOSTA,2018,9,7,21005,9.597514333484023e-5,2.015957885748319,3.472294758479846
JUAN DE ACOSTA,2018,10,6,21005,1.498853331224517e-4,3.148341422237098,1.9057653523919957
JUAN DE ACOSTA,2018,11,4,21005,1.7008655143232985e-4,3.5726680128360884,1.1196114460197726
JUAN DE ACOSTA,2018,12,5,21005,2.2590697786283408e-4,4.74517607000883,1.0537016806608603
JUAN DE ACOSTA,2018,13,11,21005,2.4116327910867475e-4,5.065634677677713,2.1714949260894656
JUAN DE ACOSTA,2019,1,7,21596,2.076576561051351e-4,4.484574741246497,1.5609060844985125
JUAN DE ACOSTA,2019,3,4,21596,5.352779952659651e-5,1.1559863585763783,3.460248445255085
JUAN DE ACOSTA,2019,4,1,21596,3.834176540450562e-5,0.8280287656757034,1.2076875121409114
JUAN DE ACOSTA,2019,5,1,21596,4.72684832660975e-5,1.0208101646146415,0.9796140699456128
JUAN DE ACOSTA,2019,7,3,21596,9.375364494977906e-5,2.0247037163354284,1.4816982730835253
JUAN DE ACOSTA,2019,8,4,21596,1.1797208302458832e-4,2.5477251049990093,1.5700280976748295
JUAN DE ACOSTA,2019,9,3,21596,1.1487237835054205e-4,2.480783882858306,1.2092951831593908
JUAN DE ACOSTA,2019,10,1,21596,9.5810393606517e-5,2.0691212603263414,0.48329695275678536
JUAN DE ACOSTA,2019,11,2,21596,1.581910247888378e-4,3.416293371339741,0.5854298160628036
JUAN DE ACOSTA,2019,12,6,21596,2.4239431719989677e-4,5.234747674248971,1.1461870510999979
JUAN DE ACOSTA,2019,13,2,21596,3.166691593235031e-4,6.838787164750373,0.2924495165325127
JUAN DE ACOSTA,2020,1,2,22270,3.3363221219008695e-4,7.4299893654732365,0.2691793893129771
JUAN DE ACOSTA,2020,3,3,22270,7.903710227401034e-5,1.7601562676422102,1.7043941240618385
JUAN DE ACOSTA,2020,10,1,22270,4.7472151109898895e-5,1.0572048052174483,0.9458905172061886
JUAN DE ACOSTA,2020,12,1,22270,5.670953553118227e-5,1.262921356279429,0.7918149416255053
JUAN DE ACOSTA,2020,13,2,22270,1.1132073260760027e-4,2.479112715171258,0.8067402453146788
JUAN DE ACOSTA,2021,1,3,22748,6.808375885682619e-5,1.5487693464750822,1.9370218082039412
JUAN DE ACOSTA,2021,2,1,22748,5.210255148757055e-5,1.1852288412392549,0.8437189217859542
JUAN DE ACOSTA,2021,6,3,22748,2.8917641592822257e-5,0.6578185109535207,4.5605283981009315
JUAN DE ACOSTA,2021,8,1,22748,1.1191199240916943e-4,2.5457740033237863,0.39280784495968246
JUAN DE ACOSTA,2021,9,4,22748,2.50639088722142e-4,5.7015379902512855,0.7015650876727223
JUAN DE ACOSTA,2021,10,1,22748,3.59547941345098e-4,8.17899656971829,0.12226438677115659
JUAN DE ACOSTA,2021,11,2,22748,4.1853895028106053e-4,9.520924040993565,0.21006364417873122
JUAN DE ACOSTA,2021,12,9,22748,5.452221432515547e-4,12.402713314686364,0.7256476685099924
JUAN DE ACOSTA,2021,13,3,22748,3.869934211118411e-4,8.803326343452161,0.34078027815376566
JUAN DE ACOSTA,2022,1,8,23149,2.192701055175691e-4,5.075883672626207,1.5760802484783671
JUAN DE ACOSTA,2022,2,3,23149,1.553884202225685e-4,3.5970865397322385,0.8340082916724365
JUAN DE ACOSTA,2022,3,1,23149,8.248102936324645e-5,1.909353348729792,0.5237375264590264
JUAN DE ACOSTA,2022,5,1,23149,6.586926114062313e-5,1.5248075261442848,0.6558204775711312
JUAN DE ACOSTA,2022,6,2,23149,1.591294979941727e-4,3.6836887490671035,0.5429340360274741
JUAN DE ACOSTA,2022,7,15,23149,2.0335462504675341e-4,4.707456215207295,3.1864343106459394
JUAN DE ACOSTA,2022,8,5,23149,2.899313370111123e-4,6.711620520470239,0.7449765648624131
JUAN DE ACOSTA,2022,9,3,23149,2.4209310432224935e-4,5.60421327195575,0.5353115333801464
JUAN DE ACOSTA,2022,10,7,23149,2.59268312325771e-4,6.001802162029272,1.16631635149287
JUAN DE ACOSTA,2022,11,19,23149,3.8573183531486757e-4,8.92930625570387,2.1278248786531613
JUAN DE ACOSTA,2022,12,14,23149,4.3288916530475534e-4,10.02095128763978,1.3970729522723184
JUAN DE ACOSTA,2022,13,21,23149,5.263723116063582e-4,12.184992641375587,1.7234314880660666
JUAN DE ACOSTA,2023,1,8,23545,3.701077708451503e-4,8.714187464549063,0.9180431374176296
JUAN DE ACOSTA,2023,2,8,23545,2.1217267080088766e-4,4.995605534006899,1.6014074661302014
JUAN DE ACOSTA,2023,3,5,23545,9.03675589352035e-5,2.127704175129366,2.349950739602227
JUAN DE ACOSTA,2023,5,1,23545,6.153453792751676e-5,1.4488306955033823,0.6902117708463925
JUAN DE ACOSTA,2023,6,2,23545,4.513880546703739e-5,1.0627931747213952,1.8818336884072369
JUAN DE ACOSTA,2023,7,2,23545,9.45305928323655e-5,2.225722808238046,0.8985844924612443
JUAN DE ACOSTA,2023,8,3,23545,1.676201581459753e-4,3.9466166235469884,0.7601447736526725
JUAN DE ACOSTA,2023,9,1,23545,1.1051382832858124e-4,2.602048087996445,0.38431265148907817
JUAN DE ACOSTA,2023,13,1,23545,7.65779099237608e-5,1.8030268891549481,0.5546228988679615
LURUACO,2018,9,2,28173,9.597514333484023e-5,2.7039077131724536,0.7396702151692265
LURUACO,2018,13,3,28173,2.4116327910867475e-4,6.794293062328694,0.44154704138884643
LURUACO,2019,2,1,29047,1.0533413879438326e-4,3.0596407295604506,0.326835758963001
LURUACO,2019,4,1,29047,3.834176540450562e-5,1.1137132597046748,0.8978971842942515
LURUACO,2019,5,1,29047,4.72684832660975e-5,1.373007633430334,0.7283280701809293
LURUACO,2019,7,1,29047,9.375364494977906e-5,2.723262124856232,0.36720666397576124
LURUACO,2019,8,1,29047,1.1797208302458832e-4,3.426735095615217,0.2918229662046478
LURUACO,2019,9,1,29047,1.1487237835054205e-4,3.336697973948195,0.2996974876982156
LURUACO,2019,10,3,29047,9.5810393606517e-5,2.7830045030884993,1.0779716657557274
LURUACO,2019,11,11,29047,1.581910247888378e-4,4.594974697041372,2.3939196024480216
LURUACO,2019,12,14,29047,2.4239431719989677e-4,7.040827731705401,1.9884025761569053
LURUACO,2019,13,15,29047,3.166691593235031e-4,9.198289070869794,1.6307380518735528
LURUACO,2020,1,19,30001,3.3363221219008695e-4,10.009299997914798,1.898234642178594
LURUACO,2020,2,7,30001,1.9503212360501006e-4,5.851158740273907,1.196344230386119
LURUACO,2020,3,2,30001,7.903710227401034e-5,2.371192105322584,0.8434575990324132
LURUACO,2020,4,1,30001,3.1161358567857645e-5,0.9348719183942972,1.0696652453927213
LURUACO,2020,11,1,30001,4.835255923188506e-5,1.4506251295157837,0.6893579737818263
LURUACO,2020,13,1,30001,1.1132073260760027e-4,3.3397332989606157,0.2994251068824022
LURUACO,2021,1,2,30713,6.808375885682619e-5,2.0910564857697027,0.9564543156106157
LURUACO,2021,3,1,30713,5.1757520720652896e-5,1.5896287338934123,0.6290777076926265
LURUACO,2021,5,1,30713,1.8645163886083935e-5,0.5726489184332959,1.7462706517212838
LURUACO,2021,7,6,30713,5.6680773881499396e-5,1.7408366082224909,3.4466186956663303
LURUACO,2021,8,11,30713,1.1191199240916943e-4,3.437153022862821,3.2003230367782836
LURUACO,2021,9,63,30713,2.50639088722142e-4,7.697878331923146,8.184073232066897
LURUACO,2021,10,53,30713,3.59547941345098e-4,11.042795922531996,4.799509143500287
LURUACO,2021,11,27,30713,4.1853895028106053e-4,12.854586779982212,2.1004175756194448
LURUACO,2021,12,2,30713,5.452221432515547e-4,16.745407685685,0.11943573053224155
LURUACO,2021,13,2,30713,3.869934211118411e-4,11.885728942607976,0.1682690232679291
LURUACO,2022,1,3,31315,2.192701055175691e-4,6.866443354282676,0.436907412646005
LURUACO,2022,2,1,31315,1.553884202225685e-4,4.865988379269733,0.20550809456517358
LURUACO,2022,3,1,31315,8.248102936324645e-5,2.5828934345100625,0.38716270158071214
LURUACO,2022,7,2,31315,2.0335462504675341e-4,6.368050083339083,0.3140678816632832
LURUACO,2022,10,1,31315,2.59268312325771e-4,8.118987200481518,0.12316807199064095
LURUACO,2022,11,2,31315,3.8573183531486757e-4,12.079192422885077,0.16557398292710584
LURUACO,2022,12,2,31315,4.3288916530475534e-4,13.555924211518413,0.1475369712011674
LURUACO,2023,2,1,31844,2.1217267080088766e-4,6.756426528983466,0.1480072336626821
LURUACO,2023,3,1,31844,9.03675589352035e-5,2.8776645467326203,0.3475040206251377
LURUACO,2023,6,1,31844,4.513880546703739e-5,1.4374001212923386,0.6957005117690678
LURUACO,2023,10,1,31844,1.1681757394982434e-4,3.7199388248582066,0.2688216250540403
LURUACO,2023,11,1,31844,8.066161135529346e-5,2.568588351997965,0.3893189032108451
LURUACO,2023,12,1,31844,1.0123431976448612e-4,3.2237056785802958,0.31020201584916246
MALAMBO,2018,1,5,128199,1.4127227377256848e-4,18.110964225369507,0.2760758586777004
MALAMBO,2018,2,7,128199,9.71322893695922e-5,12.45226236489235,0.5621468448766109
MALAMBO,2018,3,3,128199,3.624514344307817e-5,4.646591144259179,0.6456345968175988
MALAMBO,2018,4,6,128199,2.8614255622150956e-5,3.6683189565041303,1.635626582950665
MALAMBO,2018,5,8,128199,3.810004163790265e-5,4.8843872379374815,1.6378717759851777
MALAMBO,2018,6,14,128199,4.4248884043144435e-5,5.672662685447073,2.4679768172918664
MALAMBO,2018,7,23,128199,7.687843550508663e-5,9.8557385533166,2.333665800444774
MALAMBO,2018,8,17,128199,9.463492756788235e-5,12.13210307927495,1.4012409793188116
MALAMBO,2018,9,14,128199,9.597514333484023e-5,12.303917400383183,1.137848991050931
MALAMBO,2018,10,11,128199,1.498853331224517e-4,19.215149820965188,0.5724649613711659
MALAMBO,2018,11,12,128199,1.7008655143232985e-4,21.804925807073253,0.5503343650959521
MALAMBO,2018,12,19,128199,2.2590697786283408e-4,28.961048655037466,0.6560535920613203
MALAMBO,2018,13,18,128199,2.4116327910867475e-4,30.916891218452996,0.5822060139493118
MALAMBO,2019,1,20,133000,2.076576561051351e-4,27.61846826198297,0.7241531213926933
MALAMBO,2019,2,16,133000,1.0533413879438326e-4,14.009440459652973,1.142087012402802
MALAMBO,2019,3,10,133000,5.352779952659651e-5,7.119197337037336,1.404652733528737
MALAMBO,2019,4,12,133000,3.834176540450562e-5,5.099454798799248,2.3531927379424173
MALAMBO,2019,5,7,133000,4.72684832660975e-5,6.286708274390967,1.1134602870813397
MALAMBO,2019,6,4,133000,4.667658244834832e-5,6.207985465630326,0.6443314054366687
MALAMBO,2019,7,7,133000,9.375364494977906e-5,12.469234778320615,0.5613816825528387
MALAMBO,2019,8,4,133000,1.1797208302458832e-4,15.690287042270246,0.2549347879502678
MALAMBO,2019,9,5,133000,1.1487237835054205e-4,15.278026320622093,0.32726740320188225
MALAMBO,2019,10,4,133000,9.5810393606517e-5,12.742782349666761,0.31390318772136955
MALAMBO,2019,11,15,133000,1.581910247888378e-4,21.039406296915427,0.7129478744939272
MALAMBO,2019,12,27,133000,2.4239431719989677e-4,32.23844418758627,0.8375093984962406
MALAMBO,2019,13,33,133000,3.166691593235031e-4,42.11699819002592,0.7835316242413262
MALAMBO,2020,1,44,138416,3.3363221219008695e-4,46.180036282503075,0.9527926684776327
MALAMBO,2020,2,33,138416,1.9503212360501006e-4,26.99556642091107,1.2224229521792076
MALAMBO,2020,3,28,138416,7.903710227401034e-5,10.939999548359415,2.5594150965206337
MALAMBO,2020,4,14,138416,3.1161358567857645e-5,4.313230607528584,3.2458269158072652
MALAMBO,2020,5,8,138416,2.4625768618419432e-5,3.408600389087144,2.3470043674267362
MALAMBO,2020,6,4,138416,2.171322796989461e-5,3.0054581626809322,1.3309118887989828
MALAMBO,2020,7,2,138416,9.445122656724101e-6,1.307356097653123,1.5298050803375334
MALAMBO,2020,8,2,138416,2.3150463194467594e-5,3.2043945135254264,0.6241428736562248
MALAMBO,2020,9,7,138416,4.202460882907712e-5,5.8168782556855385,1.2033946203288772
MALAMBO,2020,10,21,138416,4.7472151109898895e-5,6.570905268027765,3.195906673952565
MALAMBO,2020,11,13,138416,4.835255923188506e-5,6.692767838640602,1.9423951813993428
MALAMBO,2020,12,16,138416,5.670953553118227e-5,7.849507070084125,2.0383445555427118
MALAMBO,2020,13,29,138416,1.1132073260760027e-4,15.4085705246136,1.8820694595696268
MALAMBO,2021,1,21,141679,6.808375885682619e-5,9.646038871076279,2.1770594417744533
MALAMBO,2021,2,22,141679,5.210255148757055e-5,7.381837392207508,2.9802878106233917
MALAMBO,2021,3,29,141679,5.1757520720652896e-5,7.332953778181381,3.9547501426079057
MALAMBO,2021,4,16,141679,2.650856685511539e-5,3.7557072434658934,4.26018295963736
MALAMBO,2021,5,9,141679,1.8645163886083935e-5,2.641628174216486,3.4069897072737816
MALAMBO,2021,6,10,141679,2.8917641592822257e-5,4.097022543229465,2.4407969188564755
MALAMBO,2021,7,27,141679,5.6680773881499396e-5,8.030475362756953,3.3621919974025793
MALAMBO,2021,8,72,141679,1.1191199240916943e-4,15.855579172538716,4.540988330763809
MALAMBO,2021,9,122,141679,2.50639088722142e-4,35.51029545106435,3.435623343886971
MALAMBO,2021,10,136,141679,3.59547941345098e-4,50.94039278183214,2.6697870309414715
MALAMBO,2021,11,122,141679,4.1853895028106053e-4,59.298179936870376,2.0573987284244275
MALAMBO,2021,12,94,141679,5.452221432515547e-4,77.24652803373701,1.2168831712273982
MALAMBO,2021,13,50,141679,3.869934211118411e-4,54.82884090970454,0.9119288164844308
MALAMBO,2022,1,19,144155,2.192701055175691e-4,31.608882060885175,0.6010968677538836
MALAMBO,2022,2,11,144155,1.553884202225685e-4,22.40001771718436,0.49107104016088604
MALAMBO,2022,3,11,144155,8.248102936324645e-5,11.890052787858792,0.9251430751621519
MALAMBO,2022,4,7,144155,5.6345374608198414e-5,8.122467476644843,0.8618070826540876
MALAMBO,2022,5,8,144155,6.586926114062313e-5,9.495383339726526,0.8425146951708434
MALAMBO,2022,6,10,144155,1.591294979941727e-4,22.939312783349965,0.43593285005723
MALAMBO,2022,7,10,144155,2.0335462504675341e-4,29.31458597361474,0.34112711020379843
MALAMBO,2022,8,13,144155,2.899313370111123e-4,41.795051886836895,0.3110416045229094
MALAMBO,2022,9,14,144155,2.4209310432224935e-4,34.89893145357386,0.4011584142232044
MALAMBO,2022,10,23,144155,2.59268312325771e-4,37.37482356332151,0.6153875204529791
MALAMBO,2022,11,41,144155,3.8573183531486757e-4,55.60517271981473,0.7373414737256949
MALAMBO,2022,12,34,144155,4.3288916530475534e-4,62.403137624507,0.5448443987638131
MALAMBO,2022,13,44,144155,5.263723116063582e-4,75.87920057961458,0.5798690505948856
MALAMBO,2023,1,28,146583,3.701077708451503e-4,54.25150737379467,0.5161146916541707
MALAMBO,2023,2,25,146583,2.1217267080088766e-4,31.100906604006514,0.8038350880993104
MALAMBO,2023,3,24,146583,9.03675589352035e-5,13.246347891398933,1.8118201482224081
MALAMBO,2023,4,10,146583,5.027066363659577e-5,7.368824687843118,1.357068518199072
MALAMBO,2023,5,5,146583,6.153453792751676e-5,9.01991717302919,0.5543288152302215
MALAMBO,2023,6,4,146583,4.513880546703739e-5,6.616581521774742,0.60454178442995965
MALAMBO,2023,7,8,146583,9.45305928323655e-5,13.856577889146633,0.577343126419844
MALAMBO,2023,8,10,146583,1.676201581459753e-4,24.570265641511497,0.40699600671410674
MALAMBO,2023,9,14,146583,1.1051382832858124e-4,16.199448497888422,0.8642269520363537
MALAMBO,2023,10,12,146583,1.1681757394982434e-4,17.1234704422871,0.7007925198600814
MALAMBO,2023,11,6,146583,8.066161135529346e-5,11.82362097729298,0.5074587566298747
MALAMBO,2023,12,6,146583,1.0123431976448612e-4,14.839230294037668,0.4043336400278639
MALAMBO,2023,13,6,146583,7.65779099237608e-5,11.22501977035463,0.5345202166900453
MANATÍ,2018,1,2,19803,1.4127227377256848e-4,2.7976148375181737,0.7148946928570926
MANATÍ,2018,11,2,19803,1.7008655143232985e-4,3.368223978014428,0.5937847402829197
MANATÍ,2019,3,2,20521,5.352779952659651e-5,1.098443974085287,1.8207574051880713
MANATÍ,2019,5,4,20521,4.72684832660975e-5,0.9699965451035868,4.1237260278827454
MANATÍ,2019,7,10,20521,9.375364494977906e-5,1.923918548014416,5.197725241705538
MANATÍ,2019,8,10,20521,1.1797208302458832e-4,2.4209051157475767,4.130686467202575
MANATÍ,2019,9,7,20521,1.1487237835054205e-4,2.3572960761314734,2.969503946015812
MANATÍ,2019,10,3,20521,9.5810393606517e-5,1.9661250871993354,1.5258439147803038
MANATÍ,2019,11,4,20521,1.581910247888378e-4,3.2462380196917406,1.2321955370296094
MANATÍ,2019,12,8,20521,2.4239431719989677e-4,4.974173783259082,1.6083072985758038
MANATÍ,2019,13,1,20521,3.166691593235031e-4,6.4983678184776075,0.15388479506447406
MANATÍ,2020,5,1,21325,2.4625768618419432e-5,0.5251445157877944,1.9042377287323513
MANATÍ,2020,8,1,21325,2.3150463194467594e-5,0.49368362762202145,2.0255887456037516
MANATÍ,2020,9,1,21325,4.202460882907712e-5,0.8961747832800696,1.1158537582813053
MANATÍ,2020,10,1,21325,4.7472151109898895e-5,1.012343622418594,0.9878068847916444
MANATÍ,2020,11,1,21325,4.835255923188506e-5,1.0311183256199488,0.9698208005359238
MANATÍ,2020,12,1,21325,5.670953553118227e-5,1.2093308452024618,0.8269035756154749
MANATÍ,2021,7,1,21908,5.6680773881499396e-5,1.2417623941958889,0.8053070415677682
MANATÍ,2021,8,1,21908,1.1191199240916943e-4,2.451767929700084,0.40786894546023633
MANATÍ,2021,9,1,21908,2.50639088722142e-4,5.491001155724686,0.18211615179819116
MANATÍ,2021,10,14,21908,3.59547941345098e-4,7.876976298988407,1.7773317410892726
MANATÍ,2021,11,15,21908,4.1853895028106053e-4,9.169351322757475,1.6358845322865314
MANATÍ,2021,12,11,21908,5.452221432515547e-4,11.94472671435506,0.92090846974174
MANATÍ,2021,13,5,21908,3.869934211118411e-4,8.478251869718216,0.5897442157691147
MANATÍ,2022,1,6,22405,2.192701055175691e-4,4.912746714121136,1.2213127093960854
MANATÍ,2022,2,4,22405,1.553884202225685e-4,3.4814775550866472,1.1489374659778462
MANATÍ,2022,3,6,22405,8.248102936324645e-5,1.8479874628835367,3.2467752733764788
MANATÍ,2022,4,4,22405,5.6345374608198414e-5,1.2624181180966856,3.168522332387541
MANATÍ,2022,5,11,22405,6.586926114062313e-5,1.4758007958556612,7.453580477046877
MANATÍ,2022,6,25,22405,1.591294979941727e-4,3.565296402559439,7.012039723276054
MANATÍ,2022,7,24,22405,2.0335462504675341e-4,4.55616037417251,5.267593330570345
MANATÍ,2022,8,29,22405,2.899313370111123e-4,6.495911605733972,4.464346462843116
MANATÍ,2022,9,16,22405,2.4209310432224935e-4,5.424096002339997,2.9498002972472235
MANATÍ,2022,10,9,22405,2.59268312325771e-4,5.808906537658899,1.5493449484258999
MANATÍ,2022,11,1,22405,3.8573183531486757e-4,8.642321770229607,0.1157096468503084
MANATÍ,2022,12,2,22405,4.3288916530475534e-4,9.698881748653044,0.20620933957440557
MANATÍ,2023,1,1,22882,3.701077708451503e-4,8.46880601247873,0.11808039982572592
MANATÍ,2023,2,1,22882,2.1217267080088766e-4,4.854935053265911,0.20597597888097408
MANATÍ,2023,3,1,22882,9.03675589352035e-5,2.0677904835553265,0.48360799024503476
MANATÍ,2023,5,1,22882,6.153453792751676e-5,1.4080332968574385,0.7102104774310949
MANATÍ,2023,7,1,22882,9.45305928323655e-5,2.1630490251901873,0.46231037223581856
MANATÍ,2023,8,2,22882,1.676201581459753e-4,3.8354844586962065,0.5214465138726853
MANATÍ,2023,9,1,22882,1.1051382832858124e-4,2.528777419814596,0.3954480106332639
MANATÍ,2023,12,1,22882,1.0123431976448612e-4,2.3164437048509714,0.4316962237872882
PALMAR DE VARELA,2018,5,1,28928,3.810004163790265e-5,1.1021580045012478,0.9073109263063632
PALMAR DE VARELA,2018,11,1,28928,1.7008655143232985e-4,4.920263759834438,0.20324113681939054
PALMAR DE VARELA,2018,12,2,28928,2.2590697786283408e-4,6.535037055616065,0.30604264107136847
PALMAR DE VARELA,2018,13,2,28928,2.4116327910867475e-4,6.976371338055743,0.2866819873950952
PALMAR DE VARELA,2019,1,5,30007,2.076576561051351e-4,6.231183286746789,0.802415812520647
PALMAR DE VARELA,2019,2,2,30007,1.0533413879438326e-4,3.1607615028030582,0.6327589089611285
PALMAR DE VARELA,2019,5,1,30007,4.72684832660975e-5,1.4183853773657875,0.7050270088494504
PALMAR DE VARELA,2019,7,5,30007,9.375364494977906e-5,2.8132656240080203,1.777293959493441
PALMAR DE VARELA,2019,8,7,30007,1.1797208302458832e-4,3.5399882953188215,1.9774076680582808
PALMAR DE VARELA,2019,11,1,30007,1.581910247888378e-4,4.746838080838656,0.21066654959996511
PALMAR DE VARELA,2019,12,2,30007,2.4239431719989677e-4,7.273526276217303,0.27496979099938407
PALMAR DE VARELA,2020,1,3,31160,3.3363221219008695e-4,10.39597973184311,0.28857309050064184
PALMAR DE VARELA,2020,2,11,31160,1.9503212360501006e-4,6.077200971532113,1.8100438098934235
PALMAR DE VARELA,2020,3,1,31160,7.903710227401034e-5,2.4627961068581623,0.4060425453878599
PALMAR DE VARELA,2020,5,1,31160,2.4625768618419432e-5,0.7673389501499495,1.303205056650109
PALMAR DE VARELA,2021,10,2,32090,3.59547941345098e-4,11.537893437764195,0.1733418678884556
PALMAR DE VARELA,2021,11,2,32090,4.1853895028106053e-4,13.430914914519233,0.14891018316540286
PALMAR DE VARELA,2021,12,3,32090,5.452221432515547e-4,17.496178576942388,0.17146601395310385
PALMAR DE VARELA,2021,13,1,32090,3.869934211118411e-4,12.418618883478981,0.08052425228463551
PALMAR DE VARELA,2022,1,1,32941,2.192701055175691e-4,7.222976545854244,0.13844707838266038
PALMAR DE VARELA,2022,4,2,32941,5.6345374608198414e-5,1.856072984968664,1.0775438337807421
PALMAR DE VARELA,2022,8,4,32941,2.899313370111123e-4,9.550628172483052,0.4188206186818858
PALMAR DE VARELA,2022,9,1,32941,2.4209310432224935e-4,7.974788949479216,0.1253951679894054
PALMAR DE VARELA,2022,11,1,32941,3.8573183531486757e-4,12.706392387107053,0.07870054453966666
PALMAR DE VARELA,2022,12,5,32941,4.3288916530475534e-4,14.259801994303945,0.35063600476340706
PALMAR DE VARELA,2022,13,2,32941,5.263723116063582e-4,17.339230316625045,0.1153453736687711
PALMAR DE VARELA,2023,1,4,33778,3.701077708451503e-4,12.501500283607486,0.3199615973488378
PALMAR DE VARELA,2023,2,3,33778,2.1217267080088766e-4,7.166768474312383,0.4185987046676341
PALMAR DE VARELA,2023,3,1,33778,9.03675589352035e-5,3.052435405713304,0.3276072601334266
PALMAR DE VARELA,2023,4,4,33778,5.027066363659577e-5,1.698042476316932,2.355653675210783
PALMAR DE VARELA,2023,5,5,33778,6.153453792751676e-5,2.0785136221156613,2.4055651821567756
PALMAR DE VARELA,2023,6,1,33778,4.513880546703739e-5,1.524698571065589,0.6558673425535613
PALMAR DE VARELA,2023,7,1,33778,9.45305928323655e-5,3.193054364691642,0.3131797601249334
PALMAR DE VARELA,2023,8,3,33778,1.676201581459753e-4,5.661873701854753,0.5298599294112196
PALMAR DE VARELA,2023,9,2,33778,1.1051382832858124e-4,3.732936093282817,0.535771293700654
PALMAR DE VARELA,2023,10,4,33778,1.1681757394982434e-4,3.9458640128771667,1.0137196788703724
PALMAR DE VARELA,2023,11,2,33778,8.066161135529346e-5,2.7245879083591027,0.7340559626885045
PALMAR DE VARELA,2023,12,1,33778,1.0123431976448612e-4,3.419492853004812,0.2924410264876763
PIOJÓ,2018,5,1,6609,3.810004163790265e-5,0.25180317518489864,3.971355799090705
PIOJÓ,2018,6,6,6609,4.4248884043144435e-5,0.29244087464114155,20.51696777122106
PIOJÓ,2020,3,2,7079,7.903710227401034e-5,0.5595036469977193,3.574596896252497
PIOJÓ,2020,4,4,7079,3.1161358567857645e-5,0.22059125730186427,18.1330849142687
PIOJÓ,2021,1,1,7272,6.808375885682619e-5,0.4951050944068401,2.0197731982500575
PIOJÓ,2021,2,1,7272,5.210255148757055e-5,0.3788897544176131,2.639290158524049
PIOJÓ,2021,3,1,7272,5.1757520720652896e-5,0.3763806906805879,2.656884438443844
PIOJÓ,2021,10,4,7272,3.59547941345098e-4,2.6146326294615525,1.52985163381203
PIOJÓ,2021,11,2,7272,4.1853895028106053e-4,3.0436152464438724,0.6571132807725216
PIOJÓ,2021,12,1,7272,5.452221432515547e-4,3.9648554257253052,0.25221600603937944
PIOJÓ,2022,3,1,7420,8.248102936324645e-5,0.6120092378752887,1.6339622641509433
PIOJÓ,2022,5,2,7420,6.586926114062313e-5,0.48874991766342357,4.09207230061836
PIOJÓ,2022,6,3,7420,1.591294979941727e-4,1.1807408751167614,2.5407776280323446
PIOJÓ,2022,7,1,7420,2.0335462504675341e-4,1.5088913178469103,0.6627382556796303
PIOJÓ,2022,10,1,7420,2.59268312325771e-4,1.9237708774572206,0.5198124224241134
PIOJÓ,2022,13,2,7420,5.263723116063582e-4,3.905682552119178,0.5120743873346345
PIOJÓ,2023,7,2,7571,9.45305928323655e-5,0.7156911183338392,2.7945016345264824
PIOJÓ,2023,8,3,7571,1.676201581459753e-4,1.2690522173231789,2.3639689203080407
PIOJÓ,2023,9,6,7571,1.1051382832858124e-4,0.8367001942756885,7.17102737760693
PIOJÓ,2023,10,19,7571,1.1681757394982434e-4,0.8844258523741201,21.4828636555536
PIOJÓ,2023,12,3,7571,1.0123431976448612e-4,0.7664450349369244,3.9141750070138936
PIOJÓ,2023,13,3,7571,7.65779099237608e-5,0.5797713560327931,5.174453633805106
POLONUEVO,2018,1,2,18187,1.4127227377256848e-4,2.569318843101703,0.7784164294632983
POLONUEVO,2018,2,1,18187,9.71322893695922e-5,1.7665449467647734,0.5660767374367612
POLONUEVO,2018,5,1,18187,3.810004163790265e-5,0.6929254572685355,1.4431566765376629
POLONUEVO,2018,6,5,18187,4.4248884043144435e-5,0.8047544540926679,6.213075273547038
POLONUEVO,2018,7,14,18187,7.687843550508663e-5,1.3981881065310104,10.012958867698316
POLONUEVO,2018,8,6,18187,9.463492756788235e-5,1.7211254276770764,3.486091079426979
POLONUEVO,2018,9,11,18187,9.597514333484023e-5,1.7454999318307391,6.301919466970605
POLONUEVO,2018,10,21,18187,1.498853331224517e-4,2.725964553498029,7.703695183069145
POLONUEVO,2018,11,61,18187,1.7008655143232985e-4,3.093364110899783,19.71963138288839
POLONUEVO,2018,12,59,18187,2.2590697786283408e-4,4.108570206391364,14.36022680304174
POLONUEVO,2018,13,18,18187,2.4116327910867475e-4,4.386036557149468,4.103932962131623
POLONUEVO,2019,1,10,18749,2.076576561051351e-4,3.893373394315178,2.568466722097931
POLONUEVO,2019,2,2,18749,1.0533413879438326e-4,1.9749097682558918,1.0127044952368969
POLONUEVO,2019,3,1,18749,5.352779952659651e-5,1.003592713324158,0.9964201480576139
POLONUEVO,2019,4,2,18749,3.834176540450562e-5,0.718869759569076,2.7821451290410284
POLONUEVO,2019,5,5,18749,4.72684832660975e-5,0.8862367927560619,5.641833018973133
POLONUEVO,2019,6,5,18749,4.667658244834832e-5,0.8751392443240826,5.71337650828557
POLONUEVO,2019,7,7,18749,9.375364494977906e-5,1.7577870891634075,3.9822797898302604
POLONUEVO,2019,8,35,18749,1.1797208302458832e-4,2.2118585846280063,15.823796441256823
POLONUEVO,2019,9,34,18749,1.1487237835054205e-4,2.153742221694313,15.786476049697706
POLONUEVO,2019,10,4,18749,9.5810393606517e-5,1.7963490697285873,2.226738704301144
POLONUEVO,2019,11,5,18749,1.581910247888378e-4,2.96592352376592,1.685815551188371
POLONUEVO,2019,12,1,18749,2.4239431719989677e-4,4.544651053180864,0.22003889590160858
POLONUEVO,2019,13,5,18749,3.166691593235031e-4,5.93723006815636,0.8421435488607585
POLONUEVO,2020,1,6,19368,3.3363221219008695e-4,6.461788685697604,0.9285354708798018
POLONUEVO,2020,2,1,19368,1.9503212360501006e-4,3.7773821699818346,0.2647336051794857
POLONUEVO,2020,3,1,19368,7.903710227401034e-5,1.5307905968430322,0.6532572136661356
POLONUEVO,2020,5,1,19368,2.4625768618419432e-5,0.4769518866015476,2.0966475405419964
POLONUEVO,2020,6,1,19368,2.171322796989461e-5,0.4205417993209188,2.377884913258984
POLONUEVO,2020,7,1,19368,9.445122656724101e-6,0.1829331356154324,5.466478211482858
POLONUEVO,2020,10,2,19368,4.7472151109898895e-5,0.9194406226965218,2.1752356276519844
POLONUEVO,2021,8,2,19836,1.1191199240916943e-4,2.219886281428285,0.9009470515368881
POLONUEVO,2021,9,3,19836,2.50639088722142e-4,4.971676963892408,0.6034181266779751
POLONUEVO,2021,10,8,19836,3.59547941345098e-4,7.1319929645213636,1.1217060981126317
POLONUEVO,2021,11,6,19836,4.1853895028106053e-4,8.302138617775118,0.7227053505411036
POLONUEVO,2021,12,3,19836,5.452221432515547e-4,10.815026433537838,0.2773918324135462
POLONUEVO,2021,13,5,19836,3.869934211118411e-4,7.676401501174481,0.6513468581906516
POLONUEVO,2022,1,3,20229,2.192701055175691e-4,4.4356149645149054,0.6763436465969472
POLONUEVO,2022,4,3,20229,5.6345374608198414e-5,1.1398105829492458,2.6320162708417194
POLONUEVO,2022,5,2,20229,6.586926114062313e-5,1.3324692836136651,1.500972686271602
POLONUEVO,2022,6,1,20229,1.591294979941727e-4,3.2190306149241192,0.310652528548124
POLONUEVO,2022,7,3,20229,2.0335462504675341e-4,4.113660710070775,0.7292774517489036
POLONUEVO,2022,8,2,20229,2.899313370111123e-4,5.865021016397791,0.3410047456621682
POLONUEVO,2022,9,1,20229,2.4209310432224935e-4,4.8973014073347825,0.20419408911656545
POLONUEVO,2022,10,3,20229,2.59268312325771e-4,5.244738690038021,0.5720018054852323
POLONUEVO,2022,11,1,20229,3.8573183531486757e-4,7.802969296584456,0.12815634177078253
POLONUEVO,2022,12,5,20229,4.3288916530475534e-4,8.756914924949896,0.5709773410900881
POLONUEVO,2022,13,2,20229,5.263723116063582e-4,10.64798549148502,0.18782895615319534
POLONUEVO,2023,1,1,20628,3.701077708451503e-4,7.634583096993761,0.13098292169925638
POLONUEVO,2023,6,1,20628,4.513880546703739e-5,0.9311232791740472,1.0739716451800558
POLONUEVO,2023,7,4,20628,9.45305928323655e-5,1.9499770689460356,2.0513061736474696
POLONUEVO,2023,8,4,20628,1.676201581459753e-4,3.4576686222351785,1.1568488588748091
POLONUEVO,2023,10,1,20628,1.1681757394982434e-4,2.4097129154369767,0.41498719353407304
POLONUEVO,2023,13,2,20628,7.65779099237608e-5,1.579649125907338,1.2661039513133752
PONEDERA,2018,2,1,23842,9.71322893695922e-5,2.3158280431498173,0.4318109900076494
PONEDERA,2018,10,1,23842,1.498853331224517e-4,3.573566112305494,0.2798325170357203
PONEDERA,2018,12,4,23842,2.2590697786283408e-4,5.38607416620569,0.7426559450476091
PONEDERA,2019,1,3,24518,2.076576561051351e-4,5.091350412385703,0.5892346346269773
PONEDERA,2019,2,3,24518,1.0533413879438326e-4,2.582582414960689,1.1616279823719255
PONEDERA,2019,3,2,24518,5.352779952659651e-5,1.3123945887930932,1.5239319158114206
PONEDERA,2019,7,3,24518,9.375364494977906e-5,2.298651866878683,1.3051128112208095
PONEDERA,2019,8,1,24518,1.1797208302458832e-4,2.8924395315968563,0.34572892158195634
PONEDERA,2019,9,2,24518,1.1487237835054205e-4,2.81644097239859,0.710116071879441
PONEDERA,2019,10,8,24518,9.5810393606517e-5,2.349079230444584,3.40558968651131
PONEDERA,2019,11,4,24518,1.581910247888378e-4,3.8785275457727253,1.031319219160805
PONEDERA,2019,12,14,24518,2.4239431719989677e-4,5.943023869107069,2.3557031417582848
PONEDERA,2019,13,16,24518,3.166691593235031e-4,7.764094448293649,2.0607683364176994
PONEDERA,2020,1,12,25284,3.3363221219008695e-4,8.435556853014159,1.422549833887043
PONEDERA,2020,2,10,25284,1.9503212360501006e-4,4.931192213229075,2.027907160700949
PONEDERA,2020,3,1,25284,7.903710227401034e-5,1.9983740938960775,0.5004068072411689
PONEDERA,2020,5,1,25284,2.4625768618419432e-5,0.6226379337481169,1.6060698293473101
PONEDERA,2020,10,1,25284,4.7472151109898895e-5,1.2002858686626836,0.8331348607096115
PONEDERA,2020,13,2,25284,1.1132073260760027e-4,2.8146334032505655,0.7105721113414766
PONEDERA,2021,8,2,25818,1.1191199240916943e-4,2.889343820019936,0.6921986875159081
PONEDERA,2021,9,1,25818,2.50639088722142e-4,6.470999992628261,0.15453562063656254
PONEDERA,2021,10,1,25818,3.59547941345098e-4,9.28280874964774,0.10772601558100048
PONEDERA,2021,12,3,25818,5.452221432515547e-4,14.076545294468637,0.21312047361356815
PONEDERA,2021,13,2,25818,3.869934211118411e-4,9.991396146265513,0.20017222525477987
PONEDERA,2022,2,1,26243,1.553884202225685e-4,4.077858311900865,0.245226764520383
PONEDERA,2022,7,5,26243,2.0335462504675341e-4,5.336635425101949,0.9369199133374342
PONEDERA,2022,8,3,26243,2.899313370111123e-4,7.608668077182621,0.39428714323819686
PONEDERA,2022,9,4,26243,2.4209310432224935e-4,6.35324933672879,0.6295990898508559
PONEDERA,2022,10,6,26243,2.59268312325771e-4,6.803978320365208,0.8818370249712886
PONEDERA,2022,11,15,26243,3.8573183531486757e-4,10.12276055416807,1.4818092278023622
PONEDERA,2022,12,3,26243,4.3288916530475534e-4,11.360310365092694,0.2640772922206621
PONEDERA,2022,13,1,26243,5.263723116063582e-4,13.813588573485658,0.07239248473922548
PONEDERA,2023,1,1,26657,3.701077708451503e-4,9.865962847419171,0.10135858156627756
PONEDERA,2023,2,1,26657,2.1217267080088766e-4,5.655886885539262,0.1768069305906309
PONEDERA,2023,3,2,26657,9.03675589352035e-5,2.4089280185357196,0.8302448162048907
PONEDERA,2023,5,1,26657,6.153453792751676e-5,1.6403261775338143,0.6096348480541064
PONEDERA,2023,6,1,26657,4.513880546703739e-5,1.2032651373348155,0.831072029739813
PONEDERA,2023,8,5,26657,1.676201581459753e-4,4.468250555697264,1.119006183219678
PONEDERA,2023,10,5,26657,1.1681757394982434e-4,3.1140060687804674,1.6056487654688936
PONEDERA,2023,11,9,26657,8.066161135529346e-5,2.1501965738980577,4.185663817556941
PONEDERA,2023,12,16,26657,1.0123431976448612e-4,2.6986032619619063,5.928993055603094
PONEDERA,2023,13,9,26657,7.65779099237608e-5,2.0413373448376917,4.408874418899928
PUERTO COLOMBIA,2018,1,2,49250,1.4127227377256848e-4,6.957659483298998,0.2874529868558174
PUERTO COLOMBIA,2018,2,1,49250,9.71322893695922e-5,4.783765251452416,0.2090403578428909
PUERTO COLOMBIA,2018,5,1,49250,3.810004163790265e-5,1.8764270506667056,0.5329277254048828
PUERTO COLOMBIA,2018,6,1,49250,4.4248884043144435e-5,2.1792575391248636,0.45887187817258873
PUERTO COLOMBIA,2018,7,5,49250,7.687843550508663e-5,3.7862629486255166,1.3205633279683051
PUERTO COLOMBIA,2018,8,4,49250,9.463492756788235e-5,4.660770182718206,0.858227254978524
PUERTO COLOMBIA,2018,9,2,49250,9.597514333484023e-5,4.726775809240881,0.4231214004459415
PUERTO COLOMBIA,2018,11,6,49250,1.7008655143232985e-4,8.376762658042246,0.7162671601110249
PUERTO COLOMBIA,2018,12,13,49250,2.2590697786283408e-4,11.12591865974458,1.1684428403234834
PUERTO COLOMBIA,2018,13,3,49250,2.4116327910867475e-4,11.877291496102231,0.2525828385187405
PUERTO COLOMBIA,2019,1,3,52086,2.076576561051351e-4,10.816056675892067,0.2773654105092392
PUERTO COLOMBIA,2019,5,2,52086,4.72684832660975e-5,2.4620262193979543,0.8123390336960202
PUERTO COLOMBIA,2019,6,7,52086,4.667658244834832e-5,2.4311964734046705,2.8792407674880893
PUERTO COLOMBIA,2019,7,2,52086,9.375364494977906e-5,4.883252350854192,0.40956310595952605
PUERTO COLOMBIA,2019,8,2,52086,1.1797208302458832e-4,6.144693916418707,0.32548407247039146
PUERTO COLOMBIA,2019,9,1,52086,1.1487237835054205e-4,5.983242698766333,0.16713345093057766
PUERTO COLOMBIA,2019,10,1,52086,9.5810393606517e-5,4.990380161389044,0.20038553530191489
PUERTO COLOMBIA,2019,11,4,52086,1.581910247888378e-4,8.239537717151405,0.4854641288519874
PUERTO COLOMBIA,2019,12,8,52086,2.4239431719989677e-4,12.625350405673823,0.6336457795583088
PUERTO COLOMBIA,2019,13,11,52086,3.166691593235031e-4,16.494029832523985,0.666907972866006
PUERTO COLOMBIA,2020,1,9,55121,3.3363221219008695e-4,18.390141168129784,0.4893926543422652
PUERTO COLOMBIA,2020,2,8,55121,1.9503212360501006e-4,10.75036568523176,0.7441607322242019
PUERTO COLOMBIA,2020,3,5,55121,7.903710227401034e-5,4.356604114445724,1.147682889850122
PUERTO COLOMBIA,2020,4,1,55121,3.1161358567857645e-5,1.7176452456188813,0.5821923954033313
PUERTO COLOMBIA,2020,10,1,55121,4.7472151109898895e-5,2.616712441328737,0.38215891979793215
PUERTO COLOMBIA,2020,11,1,55121,4.835255923188506e-5,2.665241417420736,0.3752005328536959
PUERTO COLOMBIA,2021,1,1,57267,6.808375885682619e-5,3.8989526184538654,0.2564791362857216
PUERTO COLOMBIA,2021,2,2,57267,5.210255148757055e-5,2.983756816038703,0.670295913275949
PUERTO COLOMBIA,2021,5,1,57267,1.8645163886083935e-5,1.0677526002643687,0.9365465368591998
PUERTO COLOMBIA,2021,8,1,57267,1.1191199240916943e-4,6.408864069295905,0.15603389137099652
PUERTO COLOMBIA,2021,11,4,57267,4.1853895028106053e-4,23.968470065745493,0.16688591257714838
PUERTO COLOMBIA,2021,12,27,57267,5.452221432515547e-4,31.22323647758678,0.8647405921350152
PUERTO COLOMBIA,2021,13,34,57267,3.869934211118411e-4,22.161952246811804,1.5341608727133327
PUERTO COLOMBIA,2022,1,25,59069,2.192701055175691e-4,12.952065862817289,1.9301940142050888
PUERTO COLOMBIA,2022,2,17,59069,1.553884202225685e-4,9.178638594126898,1.8521265246109295
PUERTO COLOMBIA,2022,3,9,59069,8.248102936324645e-5,4.872071923457605,1.8472633699571688
PUERTO COLOMBIA,2022,4,8,59069,5.6345374608198414e-5,3.3282649327316722,2.4036548056389258
PUERTO COLOMBIA,2022,5,23,59069,6.586926114062313e-5,3.8908313863154675,5.911333007360285
PUERTO COLOMBIA,2022,6,66,59069,1.591294979941727e-4,9.399620317017787,7.021560209246813
PUERTO COLOMBIA,2022,7,76,59069,2.0335462504675341e-4,12.011954346886677,6.327030373679208
PUERTO COLOMBIA,2022,8,113,59069,2.899313370111123e-4,17.125954145909393,6.5981725185799665
PUERTO COLOMBIA,2022,9,57,59069,2.4209310432224935e-4,14.300197579210947,3.9859589131037123
PUERTO COLOMBIA,2022,10,51,59069,2.59268312325771e-4,15.314719940770967,3.3301294569695266
PUERTO COLOMBIA,2022,11,36,59069,3.8573183531486757e-4,22.784793780213914,1.580001133530646
PUERTO COLOMBIA,2022,12,32,59069,4.3288916530475534e-4,25.570330105386592,1.251450406315206
PUERTO COLOMBIA,2022,13,26,59069,5.263723116063582e-4,31.092286074275975,0.8362202746330367
PUERTO COLOMBIA,2023,1,9,60841,3.701077708451503e-4,22.517726885989788,0.39968510345507713
PUERTO COLOMBIA,2023,2,5,60841,2.1217267080088766e-4,12.908797464196805,0.3873327483731734
PUERTO COLOMBIA,2023,3,7,60841,9.03675589352035e-5,5.498052653176716,1.2731780580448744
PUERTO COLOMBIA,2023,4,3,60841,5.027066363659577e-5,3.058517446314123,0.980867381879857
PUERTO COLOMBIA,2023,5,4,60841,6.153453792751676e-5,3.7438228220480476,1.0684266297120897
PUERTO COLOMBIA,2023,6,3,60841,4.513880546703739e-5,2.746290063420022,1.0923827894071856
PUERTO COLOMBIA,2023,7,1,60841,9.45305928323655e-5,5.751335798513949,0.17387265063854968
PUERTO COLOMBIA,2023,8,5,60841,1.676201581459753e-4,10.198178041759283,0.4902836545435965
PUERTO COLOMBIA,2023,10,4,60841,1.1681757394982434e-4,7.107298016681263,0.5628017835486504
PUERTO COLOMBIA,2023,11,5,60841,8.066161135529346e-5,4.90753309646741,1.0188418298389368
PUERTO COLOMBIA,2023,12,2,60841,1.0123431976448612e-4,6.1591972487910995,0.324717640824468
PUERTO COLOMBIA,2023,13,5,60841,7.65779099237608e-5,4.6590766176715315,1.0731740235898615
REPELÓN,2018,10,1,26207,1.498853331224517e-4,3.928044925140092,0.2545795730593217
REPELÓN,2019,7,1,26977,9.375364494977906e-5,2.5291920798101897,0.3953831770954493
REPELÓN,2019,10,1,26977,9.5810393606517e-5,2.584676988323009,0.3868955403393831
REPELÓN,2019,12,4,26977,2.4239431719989677e-4,6.539071495101616,0.6117076412142579
REPELÓN,2019,13,17,26977,3.166691593235031e-4,8.542783911070144,1.9899836138861706
REPELÓN,2020,1,20,27800,3.3363221219008695e-4,9.274975498884418,2.156339928057554
REPELÓN,2020,2,12,27800,1.9503212360501006e-4,5.42189303621928,2.213249121632926
REPELÓN,2020,3,5,27800,7.903710227401034e-5,2.1972314432174875,2.2755909558067833
REPELÓN,2020,4,1,27800,3.1161358567857645e-5,0.8662857681864425,1.1543534901808283
REPELÓN,2020,5,4,27800,2.4625768618419432e-5,0.6845963675920602,5.842858930247107
REPELÓN,2020,6,4,27800,2.171322796989461e-5,0.6036277375630702,6.626600719424459
REPELÓN,2020,8,1,27800,2.3150463194467594e-5,0.6435828768061991,1.553801438848921
REPELÓN,2020,9,3,27800,4.202460882907712e-5,1.168284125448344,2.5678684959009535
REPELÓN,2020,10,2,27800,4.7472151109898895e-5,1.3197258008551893,1.515466317854807
REPELÓN,2020,11,2,27800,4.835255923188506e-5,1.3442011466464046,1.4878725590955808
REPELÓN,2020,12,1,27800,5.670953553118227e-5,1.576525087766867,0.6343064298561151
REPELÓN,2020,13,2,27800,1.1132073260760027e-4,3.0947163664912876,0.646262779250284
REPELÓN,2021,1,2,28418,6.808375885682619e-5,1.9348042591932868,1.0336962979572395
REPELÓN,2021,11,1,28418,4.1853895028106053e-4,11.894039889087178,0.08407572274223692
REPELÓN,2021,12,1,28418,5.452221432515547e-4,15.49412286692268,0.06454060088388934
REPELÓN,2021,13,2,28418,3.869934211118411e-4,10.997579041156301,0.18185820647575152
REPELÓN,2022,7,1,28912,2.0335462504675341e-4,5.879388919351735,0.17008570341528972
REPELÓN,2022,9,1,28912,2.4209310432224935e-4,6.999395832164874,0.1428694738772483
REPELÓN,2022,10,1,28912,2.59268312325771e-4,7.495965445962691,0.13340509734321115
REPELÓN,2022,12,1,28912,4.3288916530475534e-4,12.515691547291086,0.0798997000063046
REPELÓN,2023,1,1,29382,3.701077708451503e-4,10.874506522972206,0.09195819579376015
REPELÓN,2023,9,3,29382,1.1051382832858124e-4,3.247117303950374,0.9238964038503518
SABANAGRANDE,2018,1,2,32341,1.4127227377256848e-4,4.568886606078637,0.43774340937661194
SABANAGRANDE,2018,4,1,32341,2.8614255622150956e-5,0.9254136410759841,1.0805978598254655
SABANAGRANDE,2018,6,1,32341,4.4248884043144435e-5,1.4310531588393343,0.6987860610370736
SABANAGRANDE,2018,8,2,32341,9.463492756788235e-5,3.060588192472883,0.6534691615548732
SABANAGRANDE,2018,9,1,32341,9.597514333484023e-5,3.103932110592068,0.3221719948666185
SABANAGRANDE,2018,10,1,32341,1.498853331224517e-4,4.847441558513211,0.20629439012911305
SABANAGRANDE,2018,11,3,32341,1.7008655143232985e-4,5.50076915987298,0.5453782758026651
SABANAGRANDE,2018,12,1,32341,2.2590697786283408e-4,7.306057571061917,0.13687272380125148
SABANAGRANDE,2019,3,2,33538,5.352779952659651e-5,1.7952153405229938,1.1140724763511363
SABANAGRANDE,2019,7,1,33538,9.375364494977906e-5,3.14430974432569,0.3180348252282168
SABANAGRANDE,2019,8,2,33538,1.1797208302458832e-4,3.956547720478643,0.5054911860782637
SABANAGRANDE,2019,9,2,33538,1.1487237835054205e-4,3.8525898251204795,0.5191313092712784
SABANAGRANDE,2019,10,2,33538,9.5810393606517e-5,3.213288980775367,0.6224152299919815
SABANAGRANDE,2019,11,1,33538,1.581910247888378e-4,5.3054105893680426,0.188486825506773
SABANAGRANDE,2019,12,1,33538,2.4239431719989677e-4,8.129420610250138,0.12300999639988248
SABANAGRANDE,2019,13,3,33538,3.166691593235031e-4,10.620450265391648,0.28247389941422313
SABANAGRANDE,2020,1,4,34851,3.3363221219008695e-4,11.62741622703672,0.34401451895211044
SABANAGRANDE,2020,2,2,34851,1.9503212360501006e-4,6.797064539758205,0.29424466816540584
SABANAGRANDE,2020,11,1,34851,4.835255923188506e-5,1.685135041790426,0.5934242509950525
SABANAGRANDE,2020,12,4,34851,5.670953553118227e-5,1.9763840227972331,2.0238981664801585
SABANAGRANDE,2020,13,16,34851,1.1132073260760027e-4,3.879638852107477,4.124095208322951
SABANAGRANDE,2021,1,9,35912,6.808375885682619e-5,2.4450239480663423,3.6809455412973313
SABANAGRANDE,2021,2,2,35912,5.210255148757055e-5,1.8711068290216337,1.0688860566265808
SABANAGRANDE,2021,6,1,35912,2.8917641592822257e-5,1.0384903448814329,0.9629362515779312
SABANAGRANDE,2021,10,2,35912,3.59547941345098e-4,12.91208566958516,0.15489364392238084
SABANAGRANDE,2021,12,1,35912,5.452221432515547e-4,19.58001760844983,0.05107247705275027
SABANAGRANDE,2021,13,4,35912,3.869934211118411e-4,13.897707738968439,0.28781724836421846
SABANAGRANDE,2022,1,1,36855,2.192701055175691e-4,8.08119973885001,0.12374400241495631
SABANAGRANDE,2022,2,1,36855,1.553884202225685e-4,5.7268402273027625,0.17461636090919577
SABANAGRANDE,2022,8,2,36855,2.899313370111123e-4,10.685419425544545,0.1871709401709402
SABANAGRANDE,2022,9,3,36855,2.4209310432224935e-4,8.9223413597965,0.3362346136539685
SABANAGRANDE,2022,10,1,36855,2.59268312325771e-4,9.55533365076629,0.1046535931186249
SABANAGRANDE,2022,11,4,36855,3.8573183531486757e-4,14.216146790529445,0.2813701953798572
SABANAGRANDE,2022,12,3,36855,4.3288916530475534e-4,15.954130187306758,0.1880390823428798
SABANAGRANDE,2023,1,1,37771,3.701077708451503e-4,13.979340612592171,0.07153413223934396
SABANAGRANDE,2023,3,2,37771,9.03675589352035e-5,3.4132730685415713,0.5859478453197895
SABANAGRANDE,2023,4,1,37771,5.027066363659577e-5,1.8987732362178589,0.5266558327901686
SABANAGRANDE,2023,7,1,37771,9.45305928323655e-5,3.5705150218712776,0.2800716406105213
SABANAGRANDE,2023,10,1,37771,1.1681757394982434e-4,4.412316585658815,0.2266383158566323
SABANAGRANDE,2023,13,1,37771,7.65779099237608e-5,2.8924242357303696,0.34573074988340663
SABANALARGA,2018,1,1,93248,1.4127227377256848e-4,13.173356984744466,0.07591079488379915
SABANALARGA,2018,2,1,93248,9.71322893695922e-5,9.057391719135733,0.11040706099607903
SABANALARGA,2018,3,2,93248,3.624514344307817e-5,3.379787135780153,0.591753243518498
SABANALARGA,2018,5,1,93248,3.810004163790265e-5,3.552752682651146,0.2814718865411642
SABANALARGA,2018,6,3,93248,4.4248884043144435e-5,4.126119939255132,0.727075326012354
SABANALARGA,2018,7,2,93248,7.687843550508663e-5,7.168760353978318,0.27898826313674946
SABANALARGA,2018,8,8,93248,9.463492756788235e-5,8.824517725849894,0.9065651232775461
SABANALARGA,2018,9,7,93248,9.597514333484023e-5,8.949490165687182,0.7821674609843553
SABANALARGA,2018,10,10,93248,1.498853331224517e-4,13.976507543002377,0.7154863236922663
SABANALARGA,2018,11,15,93248,1.7008655143232985e-4,15.860230747961895,0.9457617760023802
SABANALARGA,2018,12,21,93248,2.2590697786283408e-4,21.065373871753554,0.9968966194404357
SABANALARGA,2018,13,28,93248,2.4116327910867475e-4,22.487993450325703,1.245108864952754
SABANALARGA,2019,1,30,95541,2.076576561051351e-4,19.83982012194071,1.5121104836441144
SABANALARGA,2019,2,19,95541,1.0533413879438326e-4,10.06372895455417,1.887968176189987
SABANALARGA,2019,3,7,95541,5.352779952659651e-5,5.114099494570557,1.3687649228239753
SABANALARGA,2019,4,10,95541,3.834176540450562e-5,3.663210608511872,2.7298457742953417
SABANALARGA,2019,5,18,95541,4.72684832660975e-5,4.516078159726221,3.9857591838249355
SABANALARGA,2019,6,15,95541,4.667658244834832e-5,4.459527363697647,3.363585146288384
SABANALARGA,2019,7,35,95541,9.375364494977906e-5,8.957316992146842,3.9074200489594806
SABANALARGA,2019,8,27,95541,1.1797208302458832e-4,11.271170784252192,2.395492049301901
SABANALARGA,2019,9,28,95541,1.1487237835054205e-4,10.975021899989137,2.551247756510419
SABANALARGA,2019,10,17,95541,9.5810393606517e-5,9.153820815560241,1.857147997817734
SABANALARGA,2019,11,35,95541,1.581910247888378e-4,15.113728699350352,2.315775325615342
SABANALARGA,2019,12,37,95541,2.4239431719989677e-4,23.158595459595336,1.597678929387306
SABANALARGA,2019,13,43,95541,3.166691593235031e-4,30.25488815092681,1.421257939725114
SABANALARGA,2020,1,31,98114,3.3363221219008695e-4,32.73399086681819,0.9470278196791488
SABANALARGA,2020,2,16,98114,1.9503212360501006e-4,19.13538177538196,0.8361474146590747
SABANALARGA,2020,3,6,98114,7.903710227401034e-5,7.75464625251225,0.7737296847107884
SABANALARGA,2020,4,2,98114,3.1161358567857645e-5,3.057365534526785,0.654157959659723
SABANALARGA,2020,6,2,98114,2.171322796989461e-5,2.13037164903824,0.938803330819251
SABANALARGA,2020,8,4,98114,2.3150463194467594e-5,2.2713845458619937,1.7610404223658194
SABANALARGA,2020,9,7,98114,4.202460882907712e-5,4.123202470656072,1.6977094988222055
SABANALARGA,2020,10,7,98114,4.7472151109898895e-5,4.65768263399662,1.5028932948128986
SABANALARGA,2020,11,16,98114,4.835255923188506e-5,4.744062996477171,3.372636495738194
SABANALARGA,2020,12,9,98114,5.670953553118227e-5,5.563999369106417,1.617541520578103
SABANALARGA,2020,13,22,98114,1.1132073260760027e-4,10.922122359062094,2.0142605325920546
SABANALARGA,2021,1,9,99882,6.808375885682619e-5,6.800342002137514,1.3234628489524616
SABANALARGA,2021,2,3,99882,5.210255148757055e-5,5.204107047681522,0.5764677729556942
SABANALARGA,2021,4,1,99882,2.650856685511539e-5,2.6477286746226354,0.3776822034616232
SABANALARGA,2021,5,2,99882,1.8645163886083935e-5,1.8623162592698357,1.0739314496368872
SABANALARGA,2021,6,1,99882,2.8917641592822257e-5,2.888351877574273,0.34621820414756077
SABANALARGA,2021,7,4,99882,5.6680773881499396e-5,5.661389056831923,0.7065403843201644
SABANALARGA,2021,8,12,99882,1.1191199240916943e-4,11.177993625812661,1.0735379175999107
SABANALARGA,2021,9,14,99882,2.50639088722142e-4,25.034333459744985,0.5592319852458582
SABANALARGA,2021,10,15,99882,3.59547941345098e-4,35.912367477431076,0.4176834069607543
SABANALARGA,2021,11,48,99882,4.1853895028106053e-4,41.80450743197289,1.148201544489164
SABANALARGA,2021,12,39,99882,5.452221432515547e-4,54.457878112251784,0.7161498272042642
SABANALARGA,2021,13,26,99882,3.869934211118411e-4,38.653676887492914,0.6726397614301154
SABANALARGA,2022,1,22,101256,2.192701055175691e-4,22.202413804286977,0.9908832523314247
SABANALARGA,2022,2,8,101256,1.553884202225685e-4,15.734009878056396,0.5084527124364708
SABANALARGA,2022,3,5,101256,8.248102936324645e-5,8.351699109204883,0.5986805720154855
SABANALARGA,2022,4,7,101256,5.6345374608198414e-5,5.7053072513277385,1.2269277869953386
SABANALARGA,2022,5,6,101256,6.586926114062313e-5,6.669657906054935,0.899596363788464
SABANALARGA,2022,6,20,101256,1.591294979941727e-4,16.11281644889795,1.2412479260488267
SABANALARGA,2022,7,40,101256,2.0335462504675341e-4,20.590875913734063,1.9426079865461234
SABANALARGA,2022,8,46,101256,2.899313370111123e-4,29.35728746039719,1.5669022576439917
SABANALARGA,2022,9,41,101256,2.4209310432224935e-4,24.51337937125368,1.6725560102937023
SABANALARGA,2022,10,24,101256,2.59268312325771e-4,26.252472232858267,0.9141996146923255
SABANALARGA,2022,11,42,101256,3.8573183531486757e-4,39.05766271664223,1.0753331632951006
SABANALARGA,2022,12,25,101256,4.3288916530475534e-4,43.83262532209831,0.5703514178375302
SABANALARGA,2022,13,25,101256,5.263723116063582e-4,53.298354784013405,0.4690576304148629
SABANALARGA,2023,1,14,102557,3.701077708451503e-4,37.95714265456608,0.36883703621763164
SABANALARGA,2023,2,8,102557,2.1217267080088766e-4,21.759792599326634,0.3676505630043351
SABANALARGA,2023,3,3,102557,9.03675589352035e-5,9.267825741717665,0.32370051871993777
SABANALARGA,2023,4,5,102557,5.027066363659577e-5,5.155608450578352,0.9698176360617734
SABANALARGA,2023,5,2,102557,6.153453792751676e-5,6.310797606232336,0.3169171513320069
SABANALARGA,2023,6,2,102557,4.513880546703739e-5,4.629300472282954,0.4320307165142153
SABANALARGA,2023,7,1,102557,9.45305928323655e-5,9.69477400910891,0.10314835591427206
SABANALARGA,2023,8,5,102557,1.676201581459753e-4,17.19062055897679,0.2908562831019526
SABANALARGA,2023,9,4,102557,1.1051382832858124e-4,11.333966691894306,0.35292145360376553
SABANALARGA,2023,10,3,102557,1.1681757394982434e-4,11.980459931572135,0.25040774871205845
SABANALARGA,2023,11,4,102557,8.066161135529346e-5,8.272412875764832,0.4835348597890403
SABANALARGA,2023,12,2,102557,1.0123431976448612e-4,10.382288132086403,0.19263576338427857
SABANALARGA,2023,13,3,102557,7.65779099237608e-5,7.853600708051137,0.38199039033453064
SANTA LUCÍA,2019,4,1,16629,3.834176540450562e-5,0.637585216911524,1.5684177949482905
SANTA LUCÍA,2019,13,2,16629,3.166691593235031e-4,5.265891450390534,0.3798027397339674
SANTA LUCÍA,2020,1,1,17251,3.3363221219008695e-4,5.75548929249119,0.1737471740768651
SANTA LUCÍA,2020,5,3,17251,2.4625768618419432e-5,0.4248191344363536,7.061828803875264
SANTA LUCÍA,2020,6,3,17251,2.171322796989461e-5,0.37457489570865193,8.00907918381543
SANTA LUCÍA,2020,7,1,17251,9.445122656724101e-6,0.16293781095114745,6.137310880528665
SANTA LUCÍA,2020,8,4,17251,2.3150463194467594e-5,0.39936864056776045,10.015808938612254
SANTA LUCÍA,2020,9,4,17251,4.202460882907712e-5,0.7249665269104094,5.517496120885476
SANTA LUCÍA,2020,10,1,17251,4.7472151109898895e-5,0.8189420787968659,1.2210875785856945
SANTA LUCÍA,2021,10,2,17792,3.59547941345098e-4,6.397076972411984,0.3126427911724674
SANTA LUCÍA,2021,11,3,17792,4.1853895028106053e-4,7.446645003400629,0.4028659884592326
SANTA LUCÍA,2021,12,1,17792,5.452221432515547e-4,9.700592372731661,0.1030864880799442
SANTA LUCÍA,2021,13,2,17792,3.869934211118411e-4,6.8853869484218775,0.2904702400870001
SANTA LUCÍA,2022,1,3,18233,2.192701055175691e-4,3.9979518339018374,0.750384227884037
SANTA LUCÍA,2022,2,5,18233,1.553884202225685e-4,2.8331970659180916,1.7647907588735838
SANTA LUCÍA,2022,3,1,18233,8.248102936324645e-5,1.5038766083800725,0.6649481708989196
SANTA LUCÍA,2022,4,1,18233,5.6345374608198414e-5,1.0273452152312816,0.9733826421480675
SANTA LUCÍA,2022,13,1,18233,5.263723116063582e-4,9.59734635751873,0.10419546849182769
SANTA LUCÍA,2023,1,1,18699,3.701077708451503e-4,6.920645207033465,0.14449519807541905
SANTA LUCÍA,2023,5,1,18699,6.153453792751676e-5,1.150634324706636,0.8690858411989044
SANTO TOMÁS,2018,1,2,29842,1.4127227377256848e-4,4.215847193920989,0.4744004960340797
SANTO TOMÁS,2018,3,1,29842,3.624514344307817e-5,1.0816275706283387,0.9245326461298322
SANTO TOMÁS,2018,5,1,29842,3.810004163790265e-5,1.136981442558291,0.8795218308488195
SANTO TOMÁS,2018,6,1,29842,4.4248884043144435e-5,1.3204751976155162,0.7573031298170363
SANTO TOMÁS,2018,11,1,29842,1.7008655143232985e-4,5.075722867843587,0.19701627256589138
SANTO TOMÁS,2018,12,1,29842,2.2590697786283408e-4,6.741516033382695,0.14833458750942544
SANTO TOMÁS,2019,5,1,30976,4.72684832660975e-5,1.464188537650636,0.6829721543951915
SANTO TOMÁS,2019,6,1,30976,4.667658244834832e-5,1.4458538179200375,0.6916328522329943
SANTO TOMÁS,2019,7,2,30976,9.375364494977906e-5,2.904112905964356,0.6886784587102232
SANTO TOMÁS,2019,8,2,30976,1.1797208302458832e-4,3.6543032437696477,0.5472999547615189
SANTO TOMÁS,2019,9,1,30976,1.1487237835054205e-4,3.5582867917863905,0.2810341207764097
SANTO TOMÁS,2019,11,2,30976,1.581910247888378e-4,4.90012518385904,0.40815283792911633
SANTO TOMÁS,2019,12,1,30976,2.4239431719989677e-4,7.508406369584002,0.13318405408249157
SANTO TOMÁS,2019,13,1,30976,3.166691593235031e-4,9.809143879204832,0.10194569600716917
SANTO TOMÁS,2020,1,1,32228,3.3363221219008695e-4,10.752298934462122,0.09300336663770635
SANTO TOMÁS,2020,2,2,32228,1.9503212360501006e-4,6.285495279542264,0.31819290462431915
SANTO TOMÁS,2020,3,1,32228,7.903710227401034e-5,2.547207732086805,0.3925867479919857
SANTO TOMÁS,2020,4,1,32228,3.1161358567857645e-5,1.004268263924916,0.9957498767229438
SANTO TOMÁS,2020,8,1,32228,2.3150463194467594e-5,0.7460931278313017,1.340315253816557
SANTO TOMÁS,2020,11,2,32228,4.835255923188506e-5,1.5583062789251916,1.2834447419280484
SANTO TOMÁS,2020,13,1,32228,1.1132073260760027e-4,3.5876445704777415,0.2787344120509789
SANTO TOMÁS,2021,1,2,33251,6.808375885682619e-5,2.263853065748328,0.8834495622792949
SANTO TOMÁS,2021,9,1,33251,2.50639088722142e-4,8.334000339099942,0.11999039588568078
SANTO TOMÁS,2021,10,1,33251,3.59547941345098e-4,11.955328597665854,0.08364471054314969
SANTO TOMÁS,2021,11,1,33251,4.1853895028106053e-4,13.916838635795544,0.07185539950344016
SANTO TOMÁS,2021,12,4,33251,5.452221432515547e-4,18.129181485257444,0.22063875323068385
SANTO TOMÁS,2021,13,2,33251,3.869934211118411e-4,12.867918245389829,0.15542529582953615
SANTO TOMÁS,2022,1,1,34180,2.192701055175691e-4,7.494652206590512,0.13342847305451186
SANTO TOMÁS,2022,2,1,34180,1.553884202225685e-4,5.311176203207391,0.18828221127292016
SANTO TOMÁS,2022,3,1,34180,8.248102936324645e-5,2.819201583635764,0.3547103569338795
SANTO TOMÁS,2022,4,2,34180,5.6345374608198414e-5,1.9258849041082218,1.0384836579453314
SANTO TOMÁS,2022,8,1,34180,2.899313370111123e-4,9.90985309903982,0.10090966939730836
SANTO TOMÁS,2022,9,2,34180,2.4209310432224935e-4,8.274742305734483,0.24169936973311895
SANTO TOMÁS,2022,10,1,34180,2.59268312325771e-4,8.861790915294852,0.11284400744256644
SANTO TOMÁS,2022,11,4,34180,3.8573183531486757e-4,13.184314131062173,0.3033908294536173
SANTO TOMÁS,2022,12,1,34180,4.3288916530475534e-4,14.796151670116538,0.06758514121071615
SANTO TOMÁS,2022,13,2,34180,5.263723116063582e-4,17.991405610705325,0.11116418823940867
SANTO TOMÁS,2023,1,3,35083,3.701077708451503e-4,12.984490924560408,0.23104486863828014
SANTO TOMÁS,2023,5,4,35083,6.153453792751676e-5,2.1588161941110706,1.8528673311379658
SANTO TOMÁS,2023,6,1,35083,4.513880546703739e-5,1.5836047122000727,0.6314707150692414
SANTO TOMÁS,2023,8,1,35083,1.676201581459753e-4,5.880618008235251,0.17005015435445633
SANTO TOMÁS,2023,9,1,35083,1.1051382832858124e-4,3.8771566392516155,0.2579209696807669
SANTO TOMÁS,2023,10,2,35083,1.1681757394982434e-4,4.098310946881687,0.4880059190046951
SANTO TOMÁS,2023,11,2,35083,8.066161135529346e-5,2.8298513111777606,0.7067509137671324
SANTO TOMÁS,2023,12,4,35083,1.0123431976448612e-4,3.5516036402974662,1.126251802035257
SANTO TOMÁS,2023,13,1,35083,7.65779099237608e-5,2.6865828138553005,0.3722200539818759
SOLEDAD,2018,1,132,603998,1.4127227377256848e-4,85.32817081408382,1.5469685889271727
SOLEDAD,2018,2,88,603998,9.71322893695922e-5,58.667708514654954,1.4999733623142613
SOLEDAD,2018,3,25,603998,3.624514344307817e-5,21.89199414933233,1.1419699744786593
SOLEDAD,2018,4,15,603998,2.8614255622150956e-5,17.282953167267934,0.8679072294431948
SOLEDAD,2018,5,19,603998,3.810004163790265e-5,23.012348949209926,0.8256436594949305
SOLEDAD,2018,6,11,603998,4.4248884043144435e-5,26.726237464291152,0.4115805681475766
SOLEDAD,2018,7,24,603998,7.687843550508663e-5,46.434421288201314,0.5168579543834704
SOLEDAD,2018,8,42,603998,9.463492756788235e-5,57.159306981145804,0.7347884748472169
SOLEDAD,2018,9,47,603998,9.597514333484023e-5,57.968794623956825,0.8107810470251914
SOLEDAD,2018,10,53,603998,1.498853331224517e-4,90.53044143529459,0.5854384355110103
SOLEDAD,2018,11,51,603998,1.7008655143232985e-4,102.73193689202436,0.4964376370476025
SOLEDAD,2018,12,84,603998,2.2590697786283408e-4,136.44736281519607,0.6156220117919712
SOLEDAD,2018,13,84,603998,2.4116327910867475e-4,145.66213825508135,0.5766769663431719
SOLEDAD,2019,1,82,627273,2.076576561051351e-4,130.25804091803641,0.6295196781870663
SOLEDAD,2019,2,48,627273,1.0533413879438326e-4,66.07326124396917,0.7264663359473753
SOLEDAD,2019,3,11,627273,5.352779952659651e-5,33.57654339244677,0.3276096610491034
SOLEDAD,2019,4,9,627273,3.834176540450562e-5,24.050754210580454,0.3742086389973044
SOLEDAD,2019,5,8,627273,4.72684832660975e-5,29.650243303774776,0.2698122884874108
SOLEDAD,2019,6,14,627273,4.667658244834832e-5,29.278959902122796,0.47815906189293855
SOLEDAD,2019,7,27,627273,9.375364494977906e-5,58.80913012858276,0.4591123851171759
SOLEDAD,2019,8,32,627273,1.1797208302458832e-4,74.00070243508259,0.43242832766448575
SOLEDAD,2019,9,19,627273,1.1487237835054205e-4,72.05634138507956,0.26368255221925907
SOLEDAD,2019,10,26,627273,9.5810393606517e-5,60.09927302874074,0.43261754576575745
SOLEDAD,2019,11,55,627273,1.581910247888378e-4,99.22895869236865,0.5542736790225922
SOLEDAD,2019,12,123,627273,2.4239431719989677e-4,152.04741053293085,0.8089582030294447
SOLEDAD,2019,13,156,627273,3.166691593235031e-4,198.6380135763318,0.785348167711378
SOLEDAD,2020,1,203,653377,3.3363221219008695e-4,217.98761390412244,0.9312455710868305
SOLEDAD,2020,2,107,653377,1.9503212360501006e-4,127.42950382467066,0.8396799547082953
SOLEDAD,2020,3,37,653377,7.903710227401034e-5,51.641024772486055,0.7164846197961842
SOLEDAD,2020,4,6,653377,3.1161358567857645e-5,20.360114976991124,0.29469381714104137
SOLEDAD,2020,5,4,653377,2.4625768618419432e-5,16.089910822597034,0.24860299377062486
SOLEDAD,2020,6,6,653377,2.171322796989461e-5,14.18692375128583,0.422924666769721
SOLEDAD,2020,7,3,653377,9.445122656724101e-6,6.171225906082423,0.4861270751801793
SOLEDAD,2020,8,4,653377,2.3150463194467594e-5,15.125980190611653,0.26444567225353816
SOLEDAD,2020,9,9,653377,4.202460882907712e-5,27.457912842915924,0.3277743669552793
SOLEDAD,2020,10,10,653377,4.7472151109898895e-5,31.017211675732412,0.3224016428215535
SOLEDAD,2020,11,10,653377,4.835255923188506e-5,31.59245009325136,0.3165313222141057
SOLEDAD,2020,12,20,653377,5.670953553118227e-5,37.05270619675728,0.5397716402628192
SOLEDAD,2020,13,43,653377,1.1132073260760027e-4,72.73440630895604,0.5911920118980233
SOLEDAD,2021,1,25,670454,6.808375885682619e-5,45.64702846059455,0.5476807766705254
SOLEDAD,2021,2,26,670454,5.210255148757055e-5,34.93236405504763,0.7442954607660764
SOLEDAD,2021,3,13,670454,5.1757520720652896e-5,34.70103679724462,0.37462857596901095
SOLEDAD,2021,4,8,670454,2.650856685511539e-5,17.772774682279532,0.4501266765046234
SOLEDAD,2021,5,5,670454,1.8645163886083935e-5,12.500724708080519,0.39997681068586205
SOLEDAD,2021,6,14,670454,2.8917641592822257e-5,19.387948476474055,0.7220980609159365
SOLEDAD,2021,7,20,670454,5.6680773881499396e-5,38.001851571946794,0.5262901456823784
SOLEDAD,2021,8,34,670454,1.1191199240916943e-4,75.03184295869728,0.453140942022655
SOLEDAD,2021,9,81,670454,2.50639088722142e-4,168.04197959011498,0.4820224100999867
SOLEDAD,2021,10,186,670454,3.59547941345098e-4,241.06035546658634,0.7715909969517226
SOLEDAD,2021,11,292,670454,4.1853895028106053e-4,280.61111337173816,1.0405860141867385
SOLEDAD,2021,12,500,670454,5.452221432515547e-4,365.5463668315778,1.3678155368737954
SOLEDAD,2021,13,347,670454,3.869934211118411e-4,259.4612871581183,1.3373864124420793
SOLEDAD,2022,1,184,683762,2.192701055175691e-4,149.92856588890407,1.2272511172843645
SOLEDAD,2022,2,118,683762,1.553884202225685e-4,106.24869698822388,1.1106018553157275
SOLEDAD,2022,3,54,683762,8.248102936324645e-5,56.39739359947212,0.9574910568297157
SOLEDAD,2022,4,23,683762,5.6345374608198414e-5,38.52682603285096,0.5969866290150249
SOLEDAD,2022,5,17,683762,6.586926114062313e-5,45.03889773603475,0.3774515109058415
SOLEDAD,2022,6,30,683762,1.591294979941727e-4,108.8067038074915,0.2757183054922619
SOLEDAD,2022,7,61,683762,2.0335462504675341e-4,139.0461651312182,0.4387032173266638
SOLEDAD,2022,8,106,683762,2.899313370111123e-4,198.24403085739218,0.5346945355255192
SOLEDAD,2022,9,136,683762,2.4209310432224935e-4,165.53406519758985,0.821583157748609
SOLEDAD,2022,10,184,683762,2.59268312325771e-4,177.2778197724938,1.0379189017336345
SOLEDAD,2022,11,287,683762,3.8573183531486757e-4,263.7487711785645,1.0881567285319933
SOLEDAD,2022,12,418,683762,4.3288916530475534e-4,295.99316144711014,1.4121947884079435
SOLEDAD,2022,13,507,683762,5.263723116063582e-4,359.91338452858673,1.408672257810214
SOLEDAD,2023,1,402,696982,3.701077708451503e-4,257.95845433919453,1.5583904820246848
SOLEDAD,2023,2,210,696982,2.1217267080088766e-4,147.8805324401443,1.4200652143648387
SOLEDAD,2023,3,72,696982,9.03675589352035e-5,62.984561961776,1.1431372666161477
SOLEDAD,2023,4,32,696982,5.027066363659577e-5,35.03774768276179,0.9133007146958727
SOLEDAD,2023,5,49,696982,6.153453792751676e-5,42.88846531379649,1.1424983300635272
SOLEDAD,2023,6,32,696982,4.513880546703739e-5,31.46093491202665,1.0171344268528804
SOLEDAD,2023,7,49,696982,9.45305928323655e-5,65.88612165348778,0.7437074572047772
SOLEDAD,2023,8,102,696982,1.676201581459753e-4,116.82823306489814,0.8730766298873915
SOLEDAD,2023,9,71,696982,1.1051382832858124e-4,77.02614909611121,0.9217648919642608
SOLEDAD,2023,10,64,696982,1.1681757394982434e-4,81.41974632669647,0.7860501031678508
SOLEDAD,2023,11,45,696982,8.066161135529346e-5,56.21969120563515,0.800431290798151
SOLEDAD,2023,12,68,696982,1.0123431976448612e-4,70.55849865809107,0.9637393268458146
SOLEDAD,2023,13,54,696982,7.65779099237608e-5,53.373424814482654,1.0117394599970906
SUAN,2018,6,1,11937,4.4248884043144435e-5,0.5281989288230151,1.8932261037111502
SUAN,2019,1,1,12350,2.076576561051351e-4,2.5645720528984186,0.38992860382683486
SUAN,2019,2,1,12350,1.0533413879438326e-4,1.3008766141106332,0.7687124121941936
SUAN,2019,6,1,12350,4.667658244834832e-5,0.5764557932371017,1.7347383992525696
SUAN,2019,7,2,12350,9.375364494977906e-5,1.1578575151297714,1.7273282540087345
SUAN,2019,8,1,12350,1.1797208302458832e-4,1.4569552253536657,0.6863628906353364
SUAN,2019,9,5,12350,1.1487237835054205e-4,1.4186738726291943,3.524418188327963
SUAN,2019,10,1,12350,9.5810393606517e-5,1.183258361040485,0.8451239669421488
SUAN,2019,11,1,12350,1.581910247888378e-4,1.9536591561421468,0.5118600124571785
SUAN,2019,12,4,12350,2.4239431719989677e-4,2.993569817418725,1.336197330934173
SUAN,2019,13,3,12350,3.166691593235031e-4,3.9108641176452634,0.767093897858641
SUAN,2020,1,9,12827,3.3363221219008695e-4,4.279500385762245,2.1030492320885634
SUAN,2020,2,3,12827,1.9503212360501006e-4,2.501677049481464,1.1991955558859309
SUAN,2020,3,1,12827,7.903710227401034e-5,1.0138089108687307,0.9863791778502934
SUAN,2020,4,2,12827,3.1161358567857645e-5,0.39970674634991,5.003668360026044
SUAN,2021,11,1,13192,4.1853895028106053e-4,5.52136583210775,0.1811146064955192
SUAN,2021,12,1,13192,5.452221432515547e-4,7.192570513774509,0.13903235263177435
SUAN,2021,13,2,13192,3.869934211118411e-4,5.105217211307408,0.39175610306457753
SUAN,2022,1,4,13503,2.192701055175691e-4,2.9608042348037356,1.3509842876407363
SUAN,2022,2,12,13503,1.553884202225685e-4,2.0982098382653427,5.7191610587055415
SUAN,2022,3,7,13503,8.248102936324645e-5,1.113741339491917,6.2851218247796785
SUAN,2022,4,2,13503,5.6345374608198414e-5,0.7608315933345032,2.6287026163498055
SUAN,2022,5,5,13503,6.586926114062313e-5,0.8894326331818341,5.621561221689298
SUAN,2022,6,14,13503,1.591294979941727e-4,2.1487256114153137,6.515489891135303
SUAN,2022,7,7,13503,2.0335462504675341e-4,2.7458975020063114,2.5492575723913204
SUAN,2022,8,10,13503,2.899313370111123e-4,3.91494284366105,2.5543157076205287
SUAN,2022,9,3,13503,2.4209310432224935e-4,3.268983187663333,0.91771655826238685
SUAN,2022,10,1,13503,2.59268312325771e-4,3.5009000213348855,0.28564083347307423
SUAN,2023,6,2,13814,4.513880546703739e-5,0.6235474587216545,3.207454335713652
SUAN,2023,8,1,13814,1.676201581459753e-4,2.315504864628503,0.43187125852160063
SUAN,2023,9,4,13814,1.1051382832858124e-4,1.5266380245310212,2.6201364932127826
SUAN,2023,10,3,13814,1.1681757394982434e-4,1.6137179665428736,1.8590609153512796
SUAN,2023,12,4,13814,1.0123431976448612e-4,1.3984508932266113,2.860307801563842
TUBARÁ,2018,7,1,17376,7.687843550508663e-5,1.3358396953363854,0.7485928165566186
TUBARÁ,2018,8,3,17376,9.463492756788235e-5,1.6443765014195237,1.8243997025074374
TUBARÁ,2018,9,2,17376,9.597514333484023e-5,1.6676640905861837,1.1992822842980329
TUBARÁ,2018,10,3,17376,1.498853331224517e-4,2.604407548335721,1.1518934515134054
TUBARÁ,2018,11,1,17376,1.7008655143232985e-4,2.9554239176881634,0.3383609349626686
TUBARÁ,2018,13,1,17376,2.4116327910867475e-4,4.190453137792333,0.23863767643201292
TUBARÁ,2019,1,1,17949,2.076576561051351e-4,3.72724726943107,0.268294515419322
TUBARÁ,2019,7,1,17949,9.375364494977906e-5,1.6827841732035842,0.59425327140809725
TUBARÁ,2019,11,2,17949,1.581910247888378e-4,2.8393707039348497,0.704381431148939
TUBARÁ,2020,1,4,18586,3.3363221219008695e-4,6.200888295764956,0.6450688690412139
TUBARÁ,2020,2,10,18586,1.9503212360501006e-4,3.624867049322717,2.758721868673345
TUBARÁ,2020,3,1,18586,7.903710227401034e-5,1.4689835828647562,0.6807428018016634
TUBARÁ,2020,6,1,18586,2.171322796989461e-5,0.4035620550484612,2.4779336597438935
TUBARÁ,2020,7,1,18586,9.445122656724101e-6,0.17554704969787413,5.69647853222856
TUBARÁ,2021,5,1,19036,1.8645163886083935e-5,0.3549293397354938,2.817462204576371
TUBARÁ,2021,9,1,19036,2.50639088722142e-4,4.771165692914694,0.2095923856689836
TUBARÁ,2021,11,3,19036,4.1853895028106053e-4,7.967307457550268,0.3765387511381943
TUBARÁ,2021,12,3,19036,5.452221432515547e-4,10.378848718936595,0.2890494004914426
TUBARÁ,2021,13,1,19036,3.869934211118411e-4,7.366806764285007,0.1357440247853516
TUBARÁ,2022,1,1,19376,2.192701055175691e-4,4.248577564508419,0.2353728947668877
TUBARÁ,2022,2,1,19376,1.553884202225685e-4,3.0108060302324873,0.33213697261088
TUBARÁ,2022,3,1,19376,8.248102936324645e-5,1.5981524249422632,0.6257225433526012
TUBARÁ,2022,4,1,19376,5.6345374608198414e-5,1.0917479784084525,0.9159623097794031
TUBARÁ,2022,5,1,19376,6.586926114062313e-5,1.2762828038607137,0.7835254043814057
TUBARÁ,2022,7,6,19376,2.0335462504675341e-4,3.940199214905894,1.5227656452754512
TUBARÁ,2022,10,1,19376,2.59268312325771e-4,5.0235828196241386,0.19906111552368502
TUBARÁ,2022,11,7,19376,3.8573183531486757e-4,7.473940041060874,0.9365876581218062
TUBARÁ,2022,12,9,19376,4.3288916530475534e-4,8.38766046694494,1.0730048069385067
TUBARÁ,2022,13,1,19376,5.263723116063582e-4,10.198989909684798,0.0980489253205767
TUBARÁ,2023,2,1,19692,2.1217267080088766e-4,4.17810423341108,0.23934299963205605
TUBARÁ,2023,4,1,19692,5.027066363659577e-5,0.9899299083318439,1.0101725299775268
TUBARÁ,2023,7,1,19692,9.45305928323655e-5,1.8614964340549416,0.5372022109232175
TUBARÁ,2023,12,1,19692,1.0123431976448612e-4,1.9935062248022606,0.5016287321095232
USIACURÍ,2018,1,1,12261,1.4127227377256848e-4,1.7321393487254622,0.5773207569794065
USIACURÍ,2018,6,1,12261,4.4248884043144435e-5,0.5425355672529939,1.8431971291085556
USIACURÍ,2018,7,4,12261,7.687843550508663e-5,0.9426064977278672,4.2435523303116565
USIACURÍ,2018,8,5,12261,9.463492756788235e-5,1.1603188469098056,4.30916037718093
USIACURÍ,2018,11,2,12261,1.7008655143232985e-4,2.0854312071117964,0.9590342722308669
USIACURÍ,2018,12,3,12261,2.2590697786283408e-4,2.769845455576209,1.0830929191231402
USIACURÍ,2018,13,2,12261,2.4116327910867475e-4,2.9569029651514613,0.6763833725932071
USIACURÍ,2019,2,2,12771,1.0533413879438326e-4,1.3452222865430685,1.4867431353219467
USIACURÍ,2019,7,1,12771,9.375364494977906e-5,1.1973277996536282,0.8351931695641639
USIACURÍ,2019,9,3,12771,1.1487237835054205e-4,1.4670351439147726,2.044940785804573
USIACURÍ,2019,12,1,12771,2.4239431719989677e-4,3.0956178249598816,0.32303729224487193
USIACURÍ,2020,2,1,13321,1.9503212360501006e-4,2.598022918542339,0.3849080748529599
USIACURÍ,2020,10,1,13321,4.7472151109898895e-5,0.6323765249349632,1.5813363725082064
USIACURÍ,2021,13,2,13795,3.869934211118411e-4,5.338574244237848,0.37463186021224404
USIACURÍ,2022,1,1,14221,2.192701055175691e-4,3.1182401705653504,0.3206937071234945
USIACURÍ,2022,5,2,14221,6.586926114062313e-5,0.9367267626808015,2.1350943302572416
USIACURÍ,2022,7,1,14221,2.0335462504675341e-4,2.89190612278988,0.34579269088973047
USIACURÍ,2022,11,2,14221,3.8573183531486757e-4,5.485492430012732,0.3645980785712903
USIACURÍ,2022,12,1,14221,4.3288916530475534e-4,6.1561168197989256,0.16244006234317407
USIACURÍ,2022,13,2,14221,5.263723116063582e-4,7.48554064335402,0.267181770200618
USIACURÍ,2023,1,1,14627,3.701077708451503e-4,5.413566364152014,0.1847211122453176
USIACURÍ,2023,4,2,14627,5.027066363659577e-5,0.7353089970124863,2.7199449593652094
USIACURÍ,2023,5,5,14627,6.153453792751676e-5,0.9000656862657878,5.555150114370107
USIACURÍ,2023,6,7,14627,4.513880546703739e-5,0.6602453075663559,10.602120029904926
USIACURÍ,2023,7,46,14627,9.45305928323655e-5,1.3826989813590103,33.26826780098448
USIACURÍ,2023,8,62,14627,1.676201581459753e-4,2.4517800532011806,25.287749575680472
USIACURÍ,2023,9,23,14627,1.1051382832858124e-4,1.6164857669621577,14.228396234644011
USIACURÍ,2023,10,29,14627,1.1681757394982434e-4,1.7086906541640807,16.972059822137478
USIACURÍ,2023,11,24,14627,8.066161135529346e-5,1.1798373892938774,20.341786264600238
USIACURÍ,2023,12,11,14627,1.0123431976448612e-4,1.4807543951951385,7.42864585490586
USIACURÍ,2023,13,2,14627,7.65779099237608e-5,1.1201050884548494,1.7855467496884054
