año_semana,Femenino,Masculino,Adolescencia,Adulto,Adulto mayor,Ancianidad,Infancia,Menor de 1 año,Primera infancia,Afrocolombiano,Indígena,Otro,Rom,Contributivo,Especial,Excepción,Indeterminado,No asegurado,Subsidiado,Clasico,Grave,Conf. por laboratorio,Conf. por nexo,Probable,No,Si,Fallecido,Vivo,BARANOA,CAMPO DE LA CRUZ,CANDELARIA,GALAPA,JUAN DE ACOSTA,LURUACO,MALAMBO,MANATÍ,PALMAR DE VARELA,PIOJÓ,POLONUEVO,PONEDERA,PUERTO COLOMBIA,REPELÓN,SABANAGRANDE,SABANALARGA,SANTA LUCÍA,SANTO TOMÁS,SOLEDAD,SUAN,TUBARÁ,USIACURÍ,Centro,Costera,Metropolitana,Oriental,Sur,Cabecera municipal,Centro poblado,Rural disperso,año,semana,total_casos
2017_1,1,1,0,2,0,0,0,0,0,0,0,2,0,1,0,0,0,0,1,2,0,0,0,2,0,2,0,2,0,0,0,0,0,0,0,0,0,0,0,0,0,0,1,0,0,0,1,0,0,0,0,0,1,1,0,2,0,0,2017,1,2
2017_2,0,3,1,1,0,0,1,0,0,1,0,2,0,0,0,0,0,0,3,3,0,1,0,2,2,1,0,3,0,0,0,0,0,0,0,0,0,0,0,0,0,0,0,0,0,1,2,0,0,0,0,0,2,1,0,3,0,0,2017,2,3
2017_3,0,2,1,1,0,0,0,0,0,1,0,1,0,0,0,0,0,0,2,2,0,1,0,1,0,2,0,2,0,0,0,0,0,1,0,0,0,0,0,0,0,0,0,0,0,0,1,0,0,0,1,0,1,0,0,2,0,0,2017,3,2
2017_4,2,1,0,1,0,0,1,0,1,1,0,2,0,1,0,0,0,0,2,3,0,1,0,2,1,2,0,3,0,0,0,0,0,1,0,0,0,0,0,0,0,0,0,0,0,0,2,0,0,0,1,0,2,0,0,3,0,0,2017,4,3
2017_5,1,3,1,0,1,0,1,1,0,0,0,4,0,1,0,0,0,0,3,4,0,2,0,2,2,2,0,4,0,0,0,1,0,0,0,0,0,0,0,0,0,0,1,0,0,0,2,0,0,0,0,0,3,1,0,4,0,0,2017,5,4
2017_6,2,0,1,0,0,0,0,0,1,0,0,2,0,0,0,0,1,0,1,2,0,0,0,2,1,1,0,2,0,0,0,0,0,0,0,0,0,0,0,0,0,0,0,1,0,0,1,0,0,0,1,0,1,0,0,2,0,0,2017,6,2
2017_7,0,1,1,0,0,0,0,0,0,0,0,1,0,0,0,0,0,0,1,1,0,0,0,1,1,0,0,1,0,0,0,1,0,0,0,0,0,0,0,0,0,0,0,0,0,0,0,0,0,0,0,0,1,0,0,1,0,0,2017,7,1
2017_8,0,1,0,1,0,0,0,0,0,0,0,1,0,1,0,0,0,0,0,1,0,1,0,0,1,0,0,1,0,0,0,0,0,0,0,0,0,0,0,0,0,0,0,1,0,0,0,0,0,0,1,0,0,0,0,1,0,0,2017,8,1
2017_9,1,2,1,2,0,0,0,0,0,1,0,2,0,1,0,0,0,1,1,3,0,0,0,3,0,3,0,3,0,0,0,0,0,0,1,0,1,0,0,0,0,0,0,0,0,0,1,0,0,0,0,0,2,1,0,3,0,0,2017,9,3
2017_10,1,3,2,0,0,0,1,0,1,2,0,2,0,2,0,0,0,0,2,4,0,0,0,4,1,3,0,4,0,0,0,0,0,0,0,0,0,0,0,0,1,0,1,0,0,0,2,0,0,0,0,0,3,1,0,4,0,0,2017,10,4
2017_11,1,1,0,1,0,0,1,0,0,0,0,2,0,1,0,0,0,0,1,2,0,2,0,0,0,2,0,2,0,0,0,0,0,0,0,0,0,0,0,0,0,0,0,0,0,0,2,0,0,0,0,0,2,0,0,2,0,0,2017,11,2
2017_12,4,0,0,0,1,0,1,0,2,1,0,3,0,1,0,0,0,0,3,4,0,0,0,4,3,1,0,4,0,0,0,2,0,0,0,0,0,0,0,1,0,0,0,0,0,0,1,0,0,0,0,0,3,1,0,3,1,0,2017,12,4
2017_13,0,1,0,0,0,0,0,0,1,0,0,1,0,0,0,1,0,0,0,1,0,0,0,1,1,0,0,1,0,0,0,0,0,0,0,0,0,0,0,0,0,0,0,0,0,0,1,0,0,0,0,0,1,0,0,1,0,0,2017,13,1
2017_14,2,1,0,2,1,0,0,0,0,0,0,3,0,2,0,0,0,0,1,3,0,0,0,3,2,1,0,3,0,0,0,1,0,0,0,0,0,0,0,0,0,0,0,0,0,0,1,0,0,1,1,0,2,0,0,3,0,0,2017,14,3
2017_15,1,0,0,0,0,0,0,0,1,0,0,1,0,0,0,0,0,0,1,1,0,0,0,1,1,0,0,1,0,1,0,0,0,0,0,0,0,0,0,0,0,0,0,0,0,0,0,0,0,0,0,0,0,0,1,1,0,0,2017,15,1
2017_16,3,1,1,1,1,0,0,0,1,2,0,2,0,0,0,0,0,1,3,4,0,0,0,4,2,2,0,4,0,0,0,0,0,2,0,0,0,0,0,0,0,0,0,1,0,0,1,0,0,0,3,0,1,0,0,3,1,0,2017,16,4
2017_17,3,8,1,3,1,1,1,1,3,6,0,5,0,5,0,0,0,0,6,11,0,1,0,10,10,1,0,11,0,0,0,1,0,0,1,0,5,0,0,0,0,0,0,0,0,0,3,0,1,0,0,1,5,5,0,11,0,0,2017,17,11
2017_18,1,1,1,1,0,0,0,0,0,0,0,2,0,1,0,0,0,0,1,2,0,0,0,2,2,0,0,2,0,0,0,0,0,1,0,0,0,0,0,0,0,0,0,0,0,0,0,0,0,1,2,0,0,0,0,1,1,0,2017,18,2
2017_19,1,2,0,1,0,0,2,0,0,0,0,3,0,1,0,0,0,0,2,3,0,0,0,3,1,2,0,3,0,0,0,0,0,0,0,0,0,0,0,0,0,0,0,1,0,0,2,0,0,0,1,0,2,0,0,2,1,0,2017,19,3
2017_20,2,3,0,3,1,0,0,0,1,1,0,4,0,2,0,0,0,1,2,5,0,0,0,5,2,3,0,5,0,0,0,1,0,1,0,0,1,0,0,0,0,0,0,1,0,0,1,0,0,0,2,0,2,1,0,5,0,0,2017,20,5
2017_21,2,4,0,3,1,0,1,0,1,1,0,5,0,2,0,0,0,0,4,6,0,1,0,5,5,1,0,6,0,0,0,1,0,0,1,0,0,0,0,0,0,0,1,0,0,1,1,0,0,1,1,0,3,2,0,6,0,0,2017,21,6
2017_22,1,7,2,4,0,0,1,0,1,3,0,5,0,3,0,0,0,0,5,6,2,2,0,6,2,6,0,8,0,0,0,0,0,1,1,0,1,0,0,0,0,0,0,1,0,1,3,0,0,0,2,0,4,2,0,8,0,0,2017,22,8
2017_23,2,5,0,3,2,0,0,0,2,2,0,5,0,2,0,0,0,0,5,7,0,0,0,7,4,3,0,7,1,0,0,0,0,1,1,0,0,0,0,0,0,0,0,0,0,1,3,0,0,0,2,0,4,1,0,5,1,1,2017,23,7
2017_24,1,2,1,2,0,0,0,0,0,0,0,3,0,0,0,0,0,0,3,3,0,0,0,3,3,0,0,3,0,1,0,2,0,0,0,0,0,0,0,0,0,0,0,0,0,0,0,0,0,0,0,0,2,0,1,3,0,0,2017,24,3
2017_25,3,3,1,4,1,0,0,0,0,4,0,2,0,1,0,0,0,0,5,6,0,0,0,6,5,1,0,6,0,0,0,0,1,3,0,0,1,0,0,0,0,0,0,1,0,0,0,0,0,0,4,1,0,1,0,4,1,1,2017,25,6
2017_26,2,1,1,0,2,0,0,0,0,0,0,3,0,2,0,0,0,0,1,3,0,2,0,1,3,0,0,3,0,0,0,1,0,0,0,0,0,0,0,0,0,0,0,0,0,1,1,0,0,0,0,0,2,1,0,3,0,0,2017,26,3
2017_27,2,3,4,0,0,0,1,0,0,1,0,4,0,2,0,0,0,0,3,5,0,1,0,4,4,1,0,5,0,0,0,0,0,0,0,0,0,0,0,0,0,0,0,0,0,0,5,0,0,0,0,0,5,0,0,5,0,0,2017,27,5
2017_28,0,3,0,2,1,0,0,0,0,0,0,3,0,1,0,0,0,0,2,3,0,1,0,2,0,3,0,3,2,0,0,0,0,0,0,0,0,0,0,0,0,0,0,1,0,0,0,0,0,0,3,0,0,0,0,3,0,0,2017,28,3
2017_29,2,2,0,3,1,0,0,0,0,1,0,3,0,2,0,0,0,0,2,4,0,1,0,3,1,3,0,4,0,0,1,0,0,0,0,0,0,0,0,0,0,0,0,0,0,1,2,0,0,0,0,0,2,1,1,4,0,0,2017,29,4
2017_30,2,3,1,3,1,0,0,0,0,0,0,5,0,2,0,0,0,1,2,5,0,2,0,3,0,5,0,5,0,0,0,0,0,0,1,0,0,0,0,0,0,0,0,0,0,0,4,0,0,0,0,0,5,0,0,5,0,0,2017,30,5
2017_31,3,6,3,1,0,0,3,0,2,2,0,7,0,4,0,0,0,0,5,9,0,4,0,5,6,3,0,9,0,1,0,0,0,0,0,0,0,0,1,0,0,0,0,0,0,2,5,0,0,0,1,0,5,2,1,9,0,0,2017,31,9
2017_32,3,2,2,1,0,0,0,0,2,1,0,4,0,3,0,0,0,0,2,5,0,1,0,4,4,1,0,5,0,0,0,0,0,0,0,0,0,0,0,0,0,0,0,0,0,0,4,0,0,1,1,0,4,0,0,5,0,0,2017,32,5
2017_33,2,2,2,0,0,0,2,0,0,0,0,4,0,1,0,0,0,0,3,4,0,1,0,3,2,2,0,4,0,0,0,0,0,0,0,0,0,0,1,0,0,0,0,0,0,0,3,0,0,0,1,0,3,0,0,4,0,0,2017,33,4
2017_34,7,9,4,4,0,0,4,0,4,3,0,13,0,4,0,2,0,0,10,15,1,1,0,15,9,7,0,16,0,1,0,1,0,0,0,0,0,0,0,0,0,2,0,0,0,2,10,0,0,0,0,0,11,2,3,16,0,0,2017,34,16
2017_35,8,4,9,3,0,0,0,0,0,1,1,10,0,4,0,1,0,1,6,12,0,4,0,8,8,4,0,12,0,0,0,0,0,0,3,0,0,0,0,0,0,0,0,0,0,0,6,0,0,3,3,0,9,0,0,12,0,0,2017,35,12
2017_36,5,9,6,7,1,0,0,0,0,0,0,14,0,8,0,2,0,1,3,13,1,5,0,9,6,8,0,14,0,0,1,1,0,0,1,0,0,0,0,0,0,0,0,0,0,0,11,0,0,0,0,0,13,0,1,14,0,0,2017,36,14
2017_37,9,4,4,5,1,0,2,0,1,1,0,12,0,2,3,0,0,1,7,13,0,4,0,9,7,6,0,13,0,0,0,0,0,0,0,1,1,0,0,0,0,1,0,0,0,0,10,0,0,0,0,0,10,1,2,13,0,0,2017,37,13
2017_38,6,6,3,6,2,0,0,0,1,1,0,11,0,5,0,0,0,0,7,11,1,2,0,10,8,4,0,12,0,0,0,2,0,0,0,0,0,0,0,0,1,1,0,0,0,0,8,0,0,0,0,0,11,0,1,12,0,0,2017,38,12
2017_39,7,7,3,5,0,0,3,1,2,0,0,14,0,6,0,0,0,0,8,13,1,4,0,10,10,4,0,14,0,0,1,1,0,0,0,0,0,0,0,0,1,2,0,0,0,0,8,0,0,1,1,0,10,0,3,13,1,0,2017,39,14
2017_40,10,8,4,5,2,1,5,0,1,4,0,14,0,6,0,0,0,1,11,18,0,2,0,16,13,5,0,18,0,0,0,3,0,2,0,0,0,0,0,1,1,0,0,0,0,0,10,0,0,1,3,0,14,1,0,16,1,1,2017,40,18
2017_41,7,9,3,6,1,0,5,0,1,1,0,15,0,9,0,2,0,1,4,16,0,7,0,9,8,8,0,16,0,0,0,3,0,0,0,0,0,0,1,0,0,0,0,0,0,0,12,0,0,0,1,0,15,0,0,16,0,0,2017,41,16
2017_42,7,19,11,8,0,0,6,0,1,3,0,23,0,11,1,0,0,0,14,26,0,6,0,20,18,8,0,26,0,0,0,5,0,0,0,0,0,0,0,0,0,0,0,1,0,0,20,0,0,0,1,0,25,0,0,26,0,0,2017,42,26
2017_43,7,7,6,5,0,0,2,1,0,1,0,13,0,4,2,0,0,0,8,14,0,5,0,9,10,4,0,14,1,0,0,1,0,0,0,0,0,0,0,0,1,0,0,0,0,0,11,0,0,0,1,0,13,0,0,14,0,0,2017,43,14
2017_44,10,9,8,7,1,0,3,0,0,3,1,15,0,10,0,0,0,0,9,19,0,7,0,12,10,9,0,19,1,0,0,2,0,0,0,0,0,0,0,0,2,1,0,0,0,0,9,0,2,2,3,2,13,0,1,18,0,1,2017,44,19
2017_45,8,14,7,9,2,0,4,0,0,2,2,18,0,11,0,0,0,1,10,21,1,4,0,18,16,6,0,22,0,0,0,1,0,0,3,1,0,0,0,0,1,1,0,0,0,0,12,0,3,0,0,3,17,0,2,19,0,3,2017,45,22
2017_46,5,9,6,3,1,0,1,0,3,1,1,12,0,6,0,1,0,0,7,14,0,5,1,8,7,7,0,14,0,0,0,1,0,0,0,0,0,0,1,0,0,0,1,0,0,0,10,0,1,0,1,1,11,1,0,13,0,1,2017,46,14
2017_47,8,11,8,6,1,0,3,0,1,1,0,18,0,8,0,1,0,0,10,19,0,6,0,13,13,6,0,19,1,0,0,0,0,0,2,0,0,0,0,0,0,1,0,1,0,0,12,0,2,0,2,2,14,0,1,17,0,2,2017,47,19
2017_48,10,13,6,12,1,0,1,0,3,0,0,23,0,12,0,1,0,2,8,21,2,6,0,17,11,12,0,23,0,0,0,0,0,0,1,1,0,0,1,1,0,0,0,0,0,0,17,0,1,1,2,1,18,1,1,22,1,0,2017,48,23
2017_49,11,13,5,11,1,0,4,1,2,1,0,23,0,14,0,0,0,2,8,23,1,7,0,17,10,14,0,24,1,0,0,3,1,0,1,0,0,0,0,0,2,0,0,0,0,0,16,0,0,0,1,1,22,0,0,22,2,0,2017,49,24
2017_50,24,13,17,9,1,0,5,0,5,2,0,35,0,20,1,0,0,0,16,37,0,8,0,29,10,27,0,37,0,0,0,1,0,0,4,0,0,0,0,0,1,0,0,0,0,0,31,0,0,0,0,0,37,0,0,37,0,0,2017,50,37
2017_51,20,20,20,11,0,0,4,2,3,2,0,38,0,19,0,0,1,1,19,40,0,8,0,32,19,21,0,40,0,0,0,1,1,0,1,0,0,0,0,0,1,2,0,0,0,1,33,0,0,0,0,1,36,1,2,40,0,0,2017,51,40
2017_52,15,13,10,6,0,0,7,0,5,5,0,23,0,15,1,1,0,0,11,28,0,6,0,22,13,15,0,28,0,0,0,2,0,0,0,1,0,0,0,0,2,0,0,0,0,0,23,0,0,0,0,0,27,0,1,28,0,0,2017,52,28
2018_1,17,15,16,5,0,0,6,0,5,1,0,31,0,17,0,0,0,0,15,32,0,12,0,20,14,18,0,32,0,0,0,1,0,0,1,0,0,0,1,0,0,0,1,0,0,1,26,0,0,1,2,0,28,2,0,32,0,0,2018,1,32
2018_2,29,19,18,12,0,0,11,0,7,3,0,45,0,27,0,0,1,3,17,48,0,17,0,31,23,25,0,48,0,0,0,0,0,0,2,2,0,0,1,0,0,0,1,0,0,1,41,0,0,0,1,0,43,2,2,47,1,0,2018,2,48
2018_3,17,28,19,10,1,0,10,0,5,0,0,45,0,28,0,0,0,3,14,45,0,26,0,19,15,30,0,45,0,0,0,0,1,0,0,0,0,0,0,0,2,0,0,0,0,0,42,0,0,0,0,1,44,0,0,42,3,0,2018,3,45
2018_4,17,9,11,7,0,0,4,0,4,1,0,25,0,12,0,1,0,2,11,26,0,9,0,17,10,16,0,26,0,0,0,0,0,0,2,0,0,0,0,0,0,0,0,1,0,0,23,0,0,0,1,0,25,0,0,26,0,0,2018,4,26
2018_5,13,16,9,10,0,0,7,0,3,7,0,22,0,13,0,0,1,1,14,28,1,9,0,20,7,22,0,29,0,0,0,0,0,0,3,0,0,0,1,0,0,0,0,0,0,0,25,0,0,0,1,0,28,0,0,29,0,0,2018,5,29
2018_6,8,15,13,5,1,0,1,0,3,0,0,23,0,16,0,1,0,1,5,23,0,12,0,11,9,14,0,23,0,0,0,0,0,0,3,0,0,0,0,0,0,0,0,0,0,0,20,0,0,0,0,0,23,0,0,23,0,0,2018,6,23
2018_7,14,13,12,6,0,0,5,1,3,3,0,24,0,15,0,0,0,1,11,27,0,11,0,16,15,12,0,27,1,0,0,1,0,0,1,0,0,0,0,0,0,0,0,0,0,0,24,0,0,0,1,0,26,0,0,27,0,0,2018,7,27
2018_8,12,10,12,6,0,0,2,0,2,1,0,21,0,11,1,0,0,0,10,22,0,12,0,10,6,16,0,22,0,0,0,0,0,0,0,0,0,0,0,1,1,0,0,1,0,0,19,0,0,0,1,0,20,1,0,22,0,0,2018,8,22
2018_9,5,4,6,2,0,0,0,0,1,0,0,9,0,4,0,0,0,1,4,9,0,2,0,7,0,9,0,9,0,0,0,0,0,0,0,0,0,0,0,0,0,0,0,1,0,1,7,0,0,0,1,0,7,1,0,9,0,0,2018,9,9
2018_10,3,7,3,3,0,0,1,0,3,0,0,10,0,4,0,0,0,0,6,10,0,3,0,7,3,7,0,10,0,0,0,0,0,0,3,0,0,0,0,0,0,0,0,0,0,0,7,0,0,0,0,0,10,0,0,10,0,0,2018,10,10
2018_11,3,5,3,2,0,0,2,0,1,0,0,8,0,6,0,0,0,0,2,7,1,4,0,4,2,6,0,8,0,0,0,0,0,0,0,0,0,0,0,0,0,0,0,1,0,0,7,0,0,0,1,0,7,0,0,8,0,0,2018,11,8
2018_12,1,3,2,1,0,0,1,0,0,0,0,4,0,0,0,1,0,0,3,3,1,0,0,4,0,4,0,4,0,0,0,0,0,0,0,0,0,0,0,0,0,0,0,0,0,0,4,0,0,0,0,0,4,0,0,4,0,0,2018,12,4
2018_13,5,1,0,5,0,0,0,0,1,0,0,6,0,3,0,0,0,0,3,6,0,3,0,3,4,2,0,6,0,0,0,1,0,0,3,0,0,0,0,0,0,0,1,0,0,0,1,0,0,0,0,0,5,1,0,6,0,0,2018,13,6
2018_14,2,3,2,1,0,0,1,1,0,1,0,4,0,3,0,0,0,1,1,5,0,2,0,3,2,3,0,5,0,0,0,0,0,0,1,0,0,0,0,0,0,0,0,0,0,0,4,0,0,0,0,0,5,0,0,5,0,0,2018,14,5
2018_15,2,4,3,1,0,0,0,0,2,0,0,6,0,4,1,0,0,0,1,6,0,4,0,2,4,2,0,6,0,0,0,1,0,0,1,0,0,0,0,0,0,0,0,0,0,0,4,0,0,0,0,0,6,0,0,6,0,0,2018,15,6
2018_16,5,4,2,5,0,0,2,0,0,0,0,9,0,4,0,0,0,0,5,8,1,1,0,8,5,4,0,9,1,0,0,0,1,0,1,0,0,0,0,0,0,0,0,0,0,0,6,0,0,0,1,1,7,0,0,9,0,0,2018,16,9
2018_17,4,3,3,4,0,0,0,0,0,1,0,6,0,4,0,0,0,1,2,7,0,2,0,5,3,4,0,7,0,0,0,0,1,0,1,0,0,0,0,0,0,0,0,0,0,0,5,0,0,0,0,1,6,0,0,7,0,0,2018,17,7
2018_18,3,4,1,3,1,0,1,0,1,0,0,7,0,6,0,0,0,0,1,7,0,1,1,5,1,6,0,7,1,0,0,0,0,0,3,0,0,0,1,0,0,0,0,0,0,0,2,0,0,0,2,0,5,0,0,7,0,0,2018,18,7
2018_19,6,9,6,4,0,0,3,0,2,1,0,14,0,6,0,1,0,1,7,15,0,5,0,10,8,7,0,15,0,0,0,3,1,0,2,0,1,0,0,0,0,0,0,0,0,1,7,0,0,0,0,1,12,2,0,15,0,0,2018,19,15
2018_20,8,5,6,4,0,0,0,0,3,0,1,12,0,6,0,0,1,0,6,13,0,4,0,9,5,8,0,13,0,0,0,0,3,0,2,0,0,1,0,0,1,0,0,1,0,0,5,0,0,0,1,4,8,0,0,11,2,0,2018,20,13
2018_21,2,5,0,2,1,0,3,0,1,0,0,7,0,4,0,1,0,0,2,5,2,4,0,3,3,4,0,7,0,0,0,0,2,0,2,0,0,0,0,0,0,0,0,0,0,0,3,0,0,0,0,2,5,0,0,6,1,0,2018,21,7
2018_22,6,10,3,4,3,0,5,0,1,0,0,16,0,7,0,0,0,0,9,16,0,2,5,9,7,9,0,16,0,0,0,1,0,0,5,0,0,5,2,0,0,0,1,2,0,0,0,0,0,0,4,5,6,1,0,16,0,0,2018,22,16
2018_23,6,7,4,2,1,0,5,0,1,1,0,12,0,6,0,0,0,3,4,13,0,4,0,9,3,10,0,13,1,0,0,0,1,0,5,0,0,1,1,0,1,0,0,0,0,0,2,1,0,0,2,2,8,0,1,13,0,0,2018,23,13
2018_24,6,8,3,3,1,0,3,0,4,1,0,13,0,7,0,0,0,0,7,14,0,4,0,10,4,10,0,14,1,0,0,0,0,0,2,0,0,0,2,0,0,0,0,1,0,1,6,0,0,1,5,0,8,1,0,12,1,1,2018,24,14
2018_25,6,16,3,9,0,0,8,0,2,1,0,21,0,9,0,0,0,0,13,22,0,8,0,14,9,13,0,22,0,0,0,1,0,0,6,0,0,0,6,0,3,0,0,0,0,0,6,0,0,0,6,0,16,0,0,20,1,1,2018,25,22
2018_26,3,9,2,3,1,0,5,0,1,0,0,12,0,6,0,0,0,0,6,12,0,4,0,8,2,10,0,12,1,0,0,0,0,0,4,0,0,0,3,0,1,0,0,1,0,0,2,0,0,0,5,0,7,0,0,12,0,0,2018,26,12
2018_27,9,12,5,4,1,0,7,1,3,0,0,21,0,7,0,0,0,1,13,21,0,7,0,14,12,9,0,21,2,0,0,1,1,0,6,0,0,0,4,0,0,0,0,0,0,0,3,0,1,3,9,2,10,0,0,20,1,0,2018,27,21
2018_28,10,17,6,8,0,0,9,0,4,0,0,27,0,11,0,0,0,1,15,27,0,12,0,15,7,20,0,27,0,0,0,2,1,0,7,0,0,0,1,0,1,0,0,1,0,0,13,0,0,1,3,1,23,0,0,27,0,0,2018,28,27
2018_29,10,12,9,4,0,0,6,0,3,0,0,22,0,9,0,0,1,1,11,20,2,8,0,14,10,12,0,22,3,0,0,1,0,0,4,0,0,0,3,0,1,0,0,1,0,0,9,0,0,0,7,0,15,0,0,22,0,0,2018,29,22
2018_30,15,12,11,4,0,0,8,0,4,0,0,27,0,11,0,1,0,0,15,27,0,6,0,21,16,11,0,27,1,0,0,1,1,0,9,0,0,0,2,0,2,0,0,3,0,0,7,0,1,0,6,2,19,0,0,27,0,0,2018,30,27
2018_31,8,10,10,4,0,0,1,0,3,2,0,16,0,7,0,2,0,0,9,17,1,7,0,11,8,10,0,18,1,0,0,3,0,0,2,0,0,0,1,0,0,0,1,0,0,0,8,0,0,2,4,0,13,1,0,18,0,0,2018,31,18
2018_32,17,20,19,3,0,0,10,1,4,1,0,36,0,19,1,0,0,1,16,37,0,16,2,19,15,22,0,37,2,0,0,1,3,0,2,0,0,0,0,0,1,0,1,4,0,0,18,0,2,3,9,5,22,1,0,34,3,0,2018,32,37
2018_33,11,13,14,1,3,0,5,0,1,1,0,22,1,10,0,1,0,0,13,24,0,10,0,14,7,17,0,24,0,0,0,1,1,0,6,0,0,0,0,0,0,0,0,1,0,0,15,0,0,0,1,1,22,0,0,24,0,0,2018,33,24
2018_34,14,15,11,8,1,0,3,0,6,0,0,29,0,8,0,0,0,2,19,28,1,12,0,17,10,19,1,28,2,0,0,1,5,1,3,0,0,0,0,0,2,0,0,2,0,0,13,0,0,0,5,5,19,0,0,28,1,0,2018,34,29
2018_35,10,14,7,4,0,0,9,1,3,2,0,22,0,8,1,0,0,2,13,24,0,8,0,16,9,15,0,24,4,0,0,1,0,0,1,0,0,0,5,0,0,0,0,2,0,0,11,0,0,0,11,0,13,0,0,24,0,0,2018,35,24
2018_36,15,15,10,6,0,0,13,0,1,0,0,30,0,15,0,0,0,1,14,30,0,9,1,20,12,18,0,30,5,0,0,0,1,1,4,0,0,0,6,0,0,0,1,2,0,0,8,0,2,0,14,3,12,1,0,28,2,0,2018,36,30
2018_37,18,16,10,7,1,0,10,0,6,0,0,34,0,18,1,0,0,0,15,33,1,9,0,25,12,22,0,34,5,0,0,7,0,0,3,0,0,0,3,0,0,0,0,2,0,0,13,0,1,0,10,1,23,0,0,33,1,0,2018,37,34
2018_38,12,27,14,9,1,0,8,1,6,0,0,39,0,14,1,0,0,1,23,38,1,12,0,27,11,28,0,39,5,0,0,6,1,0,1,0,0,0,5,0,0,1,1,4,0,0,14,0,1,0,14,2,21,1,1,38,1,0,2018,38,39
2018_39,34,13,22,6,1,0,12,0,6,1,0,46,0,18,0,0,0,2,27,46,1,16,0,31,15,32,0,47,12,0,0,7,2,0,3,0,0,0,7,1,0,0,0,1,0,0,14,0,0,0,20,2,24,1,0,46,1,0,2018,39,47
2018_40,13,30,14,9,1,1,6,1,11,2,0,41,0,21,0,1,0,0,21,39,4,9,0,34,14,29,0,43,10,0,0,4,3,0,4,0,0,0,6,0,0,0,0,3,0,0,12,0,1,0,19,4,20,0,0,40,2,1,2018,40,43
2018_41,18,25,20,8,1,0,9,1,4,0,0,43,0,16,1,0,0,2,24,43,0,14,1,28,13,30,0,43,9,0,0,5,3,0,1,0,0,0,9,0,2,0,1,1,0,0,10,0,0,2,21,3,18,1,0,42,1,0,2018,41,43
2018_42,22,24,17,7,0,0,13,0,9,0,0,46,0,19,0,3,1,1,22,46,0,9,0,37,19,27,0,46,4,0,1,6,1,0,4,1,0,0,15,0,1,0,1,4,0,0,8,0,0,0,23,1,19,1,2,45,1,0,2018,42,46
2018_43,32,30,31,8,0,0,17,0,6,1,0,61,0,15,0,2,0,2,43,62,0,9,0,53,20,42,0,62,5,0,0,4,0,0,4,0,0,0,22,0,1,0,1,6,0,1,17,0,1,0,33,1,26,2,0,61,1,0,2018,43,62
2018_44,29,23,28,9,0,0,10,0,5,2,0,49,1,24,0,1,0,0,27,52,0,14,0,38,18,34,0,52,6,0,0,4,0,0,3,1,1,0,15,0,2,0,0,4,0,0,16,0,0,0,25,0,25,1,1,52,0,0,2018,44,52
2018_45,34,33,37,12,1,0,14,0,3,1,0,66,0,33,0,0,0,1,33,66,1,21,0,46,26,41,0,67,8,0,0,5,3,0,6,0,0,0,15,1,2,0,1,4,0,0,19,0,0,3,30,3,32,2,0,67,0,0,2018,45,67
2018_46,30,30,26,13,0,0,15,0,6,0,0,60,0,30,0,1,1,0,28,59,1,16,1,43,20,40,0,60,2,0,0,2,0,0,4,0,0,0,15,1,3,0,0,5,0,0,28,0,0,0,22,0,37,1,0,60,0,0,2018,46,60
2018_47,34,44,31,16,1,0,23,0,7,0,1,77,0,26,2,0,0,1,49,77,1,22,0,56,28,50,0,78,8,0,0,16,0,0,5,0,0,0,18,1,3,0,0,6,0,1,20,0,0,0,32,0,44,2,0,77,1,0,2018,47,78
2018_48,24,34,25,8,1,0,18,0,6,0,0,58,0,29,0,0,0,0,29,57,1,19,0,39,20,38,1,57,8,0,0,2,2,0,4,0,2,0,11,1,5,0,0,6,0,0,17,0,0,0,25,2,28,3,0,58,0,0,2018,48,58
2018_49,28,30,26,6,0,0,16,1,9,1,1,56,0,25,0,1,0,1,31,58,0,18,0,40,19,39,0,58,12,0,0,7,2,0,4,0,0,0,6,0,0,0,0,7,0,0,18,0,1,1,26,3,29,0,0,58,0,0,2018,49,58
2018_50,36,39,34,8,1,0,21,0,11,1,0,74,0,30,0,0,0,0,45,75,0,21,0,54,15,60,0,75,15,0,0,13,6,2,4,0,1,0,2,0,1,0,0,10,0,0,21,0,0,0,29,6,39,1,0,73,1,1,2018,50,75
2018_51,29,48,40,12,0,0,14,0,11,1,0,76,0,33,0,0,2,2,40,77,0,17,0,60,18,59,0,77,12,0,0,13,2,1,5,0,0,0,6,0,2,0,0,8,0,0,27,0,0,1,28,2,47,0,0,73,4,0,2018,51,77
2018_52,27,34,31,10,1,0,13,0,6,0,1,60,0,26,0,0,0,1,34,60,1,19,0,42,22,39,0,61,15,0,0,14,1,0,5,0,1,0,4,0,0,0,0,3,0,0,18,0,0,0,22,1,37,1,0,60,0,1,2018,52,61
2019_1,31,28,25,10,1,0,21,0,2,0,0,59,0,25,1,0,1,0,32,57,2,29,1,29,9,50,2,57,16,0,0,9,2,0,2,0,1,0,3,0,1,0,0,6,0,0,19,0,0,0,25,2,31,1,0,54,5,0,2019,1,59
2019_2,35,34,31,11,0,0,21,0,6,1,0,68,0,31,2,0,0,1,35,68,1,23,1,45,14,55,0,69,18,0,0,4,2,0,5,0,2,0,3,1,2,0,0,6,0,0,25,1,0,0,27,2,36,3,1,63,5,1,2019,2,69
2019_3,37,32,25,9,0,0,21,0,14,0,0,69,0,25,0,2,0,0,42,66,3,12,1,56,28,41,0,69,13,0,0,8,2,0,9,0,1,0,3,2,0,0,0,13,0,0,17,0,1,0,29,3,34,3,0,61,8,0,2019,3,69
2019_4,19,25,22,3,0,0,15,0,4,0,0,44,0,21,0,0,1,1,21,44,0,17,0,27,11,33,0,44,8,0,0,3,1,0,4,0,1,0,1,0,0,0,0,5,0,0,21,0,0,0,14,1,28,1,0,44,0,0,2019,4,44
2019_5,19,19,15,7,0,1,9,0,6,0,0,38,0,16,0,0,1,0,21,37,1,12,0,26,12,26,0,38,4,0,0,5,0,1,4,0,1,0,1,2,0,0,0,8,0,0,12,0,0,0,14,0,21,3,0,35,3,0,2019,5,38
2019_6,17,15,16,2,0,0,8,1,5,0,0,32,0,9,0,1,0,0,22,32,0,8,0,24,10,22,0,32,5,0,0,2,0,0,4,0,0,0,0,1,0,0,0,3,0,0,17,0,0,0,8,0,23,1,0,28,4,0,2019,6,32
2019_7,14,13,10,4,1,0,9,0,3,2,0,25,0,4,2,0,0,0,21,26,1,8,0,19,5,22,0,27,6,0,0,1,0,0,4,0,0,0,0,0,0,0,0,3,0,0,11,0,0,2,11,0,16,0,0,26,1,0,2019,7,27
2019_8,13,7,9,4,0,0,4,0,3,1,0,18,1,6,0,0,0,0,14,20,0,3,0,17,3,17,0,20,0,0,0,0,0,0,4,0,1,0,1,0,0,0,0,5,0,0,8,1,0,0,6,0,12,1,1,18,2,0,2019,8,20
2019_9,10,8,7,2,0,0,5,1,3,1,0,17,0,4,0,0,0,2,12,18,0,6,0,12,6,12,0,18,3,0,0,1,3,0,4,2,0,0,0,2,0,0,0,1,0,0,2,0,0,0,4,3,7,2,2,15,3,0,2019,9,18
2019_10,10,10,10,1,0,0,4,0,5,0,0,20,0,8,0,0,0,0,12,20,0,5,0,15,5,15,0,20,6,0,0,0,1,0,4,0,0,0,0,0,0,0,2,1,0,0,6,0,0,0,7,1,10,2,0,18,2,0,2019,10,20
2019_11,5,8,2,0,0,0,5,0,6,0,0,13,0,2,0,1,0,1,9,13,0,3,0,10,2,11,0,13,5,0,0,0,0,0,2,0,0,0,1,0,0,0,0,3,0,0,2,0,0,0,9,0,4,0,0,11,2,0,2019,11,13
2019_12,0,8,4,2,0,0,1,0,1,0,0,8,0,2,0,0,1,0,5,8,0,2,0,6,2,6,0,8,5,0,0,0,0,0,0,0,0,0,0,0,0,0,0,2,0,0,1,0,0,0,7,0,1,0,0,8,0,0,2019,12,8
2019_13,8,3,6,4,0,0,1,0,0,0,0,11,0,1,0,0,0,0,10,11,0,1,0,10,4,7,0,11,2,0,0,2,0,0,3,0,0,0,0,0,0,0,0,3,0,0,1,0,0,0,5,0,6,0,0,8,3,0,2019,13,11
2019_14,8,5,6,2,1,0,3,0,1,1,0,12,0,6,0,0,0,0,7,13,0,3,0,10,1,12,0,13,0,0,0,0,1,0,4,0,0,0,2,0,0,0,0,3,1,0,2,0,0,0,5,1,6,0,1,11,2,0,2019,14,13
2019_15,9,1,5,2,0,0,2,0,1,0,0,10,0,6,0,0,0,1,3,9,1,3,0,7,2,8,0,10,0,0,0,0,0,1,3,0,0,0,0,0,0,0,0,2,0,0,4,0,0,0,3,0,7,0,0,8,2,0,2019,15,10
2019_16,4,3,4,0,0,0,2,0,1,0,0,7,0,2,0,0,0,0,5,7,0,1,0,6,5,2,0,7,0,0,0,1,0,0,2,0,0,0,0,0,0,0,0,2,0,0,2,0,0,0,2,0,5,0,0,6,1,0,2019,16,7
2019_17,11,7,8,0,0,0,5,1,4,0,0,18,0,5,0,0,0,1,12,18,0,4,0,14,6,12,0,18,1,0,1,0,0,0,1,0,1,0,1,0,1,0,0,8,0,0,4,0,0,0,10,0,6,1,1,14,4,0,2019,17,18
2019_18,8,8,4,3,1,0,5,0,3,0,0,16,0,6,0,1,0,0,9,16,0,5,0,11,5,11,0,16,1,0,0,0,0,0,2,1,0,0,3,0,1,0,0,5,0,0,3,0,0,0,9,0,6,0,1,12,4,0,2019,18,16
2019_19,6,4,2,2,1,0,1,0,4,0,0,10,0,0,0,0,0,0,10,10,0,2,0,8,6,4,0,10,2,0,0,0,1,1,1,0,0,0,0,0,0,0,0,3,0,1,1,0,0,0,6,1,2,1,0,7,2,1,2019,19,10
2019_20,5,6,5,0,0,0,3,0,3,0,0,11,0,1,0,1,0,0,9,10,1,4,0,7,1,10,0,11,1,1,0,0,0,0,3,3,0,0,1,0,0,0,0,2,0,0,0,0,0,0,4,0,3,0,4,10,0,1,2019,20,11
2019_21,3,6,4,1,0,0,4,0,0,0,0,9,0,3,0,0,0,1,5,9,0,2,0,7,2,7,0,9,0,0,0,0,0,0,1,0,0,0,1,0,0,0,0,5,0,0,2,0,0,0,6,0,3,0,0,6,3,0,2019,21,9
2019_22,3,8,5,2,0,0,4,0,0,0,0,11,0,5,0,0,0,0,6,11,0,2,0,9,3,8,0,11,1,0,1,0,0,0,0,0,0,0,0,0,2,0,0,2,0,0,5,0,0,0,3,0,7,0,1,11,0,0,2019,22,11
2019_23,7,9,4,7,0,0,3,0,2,2,0,14,0,9,0,0,0,1,6,16,0,4,0,12,5,11,0,16,2,0,0,0,0,0,2,0,0,0,2,0,3,0,0,1,0,1,4,1,0,0,5,0,9,1,1,13,2,1,2019,23,16
2019_24,6,10,8,3,0,0,4,0,1,0,0,16,0,4,0,0,0,0,12,16,0,3,0,13,3,13,0,16,0,0,0,1,0,0,1,0,0,0,2,0,2,0,0,7,0,0,3,0,0,0,9,0,7,0,0,13,3,0,2019,24,16
2019_25,7,6,5,3,1,0,2,0,2,0,0,13,0,6,0,0,0,0,7,13,0,3,0,10,1,12,0,13,1,0,0,0,1,0,2,0,0,0,0,2,0,0,0,4,0,0,3,0,0,0,5,1,5,2,0,12,1,0,2019,25,13
2019_26,14,13,14,3,0,0,5,1,4,1,0,26,0,6,0,0,0,1,20,27,0,4,0,23,13,14,0,27,1,0,2,3,0,1,0,2,1,0,1,0,0,0,0,8,0,0,8,0,0,0,11,0,11,1,4,26,1,0,2019,26,27
2019_27,18,20,18,8,0,0,7,0,5,2,0,36,0,19,1,1,0,1,16,37,1,7,0,31,18,20,0,38,1,3,1,0,1,0,2,3,1,0,1,1,0,0,0,12,0,1,10,0,0,1,15,1,12,3,7,32,6,0,2019,27,38
2019_28,31,18,20,3,1,0,16,0,9,2,0,47,0,12,0,2,0,2,33,48,1,9,1,39,14,35,0,49,3,4,0,0,1,0,3,5,3,0,5,0,2,1,1,11,0,1,6,2,1,0,19,2,11,5,12,43,6,0,2019,28,49
2019_29,16,22,12,6,1,1,14,1,3,0,0,38,0,18,0,0,0,0,20,35,3,8,0,30,6,32,0,38,3,1,1,1,1,0,1,2,2,0,3,0,0,0,1,11,0,1,10,0,0,0,17,1,12,4,4,34,4,0,2019,29,38
2019_30,15,17,13,10,0,0,4,0,5,0,0,32,0,9,1,0,0,3,19,32,0,8,0,24,9,23,0,32,2,1,0,1,2,0,2,2,1,0,6,0,2,0,1,5,0,0,7,0,0,0,13,2,12,2,3,29,3,0,2019,30,32
2019_31,23,18,15,4,1,0,11,0,10,2,0,39,0,12,0,0,0,0,29,40,1,8,1,32,13,28,0,41,1,1,2,0,1,1,0,3,4,0,10,0,0,0,0,7,0,1,9,1,0,0,19,1,9,5,7,38,2,1,2019,31,41
2019_32,20,22,19,5,1,0,11,1,5,0,0,42,0,11,0,1,0,2,28,41,1,10,1,31,8,34,0,42,9,1,0,1,0,0,1,3,0,0,16,1,0,0,0,4,0,0,6,0,0,0,29,0,8,1,4,40,2,0,2019,32,42
2019_33,26,33,30,10,1,0,10,0,8,3,1,55,0,17,0,0,0,2,40,59,0,14,0,45,24,35,0,59,7,0,0,1,2,1,1,2,0,0,24,0,1,0,1,11,0,1,6,1,0,0,43,2,9,2,3,57,2,0,2019,33,59
2019_34,21,13,16,5,1,0,8,0,4,0,0,34,0,13,0,0,0,0,21,33,1,5,0,29,14,20,0,34,7,1,0,1,0,0,1,3,0,0,7,0,0,0,0,9,0,0,4,1,0,0,23,0,6,0,5,31,3,0,2019,34,34
2019_35,8,13,11,4,0,0,3,0,3,0,0,21,0,7,0,1,0,0,13,21,0,3,0,18,5,16,0,21,4,0,2,0,1,0,1,1,0,0,1,1,0,0,0,4,0,0,3,0,0,3,12,1,4,1,3,17,4,0,2019,35,21
2019_36,15,18,11,8,1,0,6,0,7,3,0,30,0,12,0,0,1,0,20,33,0,2,0,31,12,21,0,33,9,3,1,0,0,0,2,1,0,0,2,1,0,0,1,4,0,0,6,3,0,0,15,0,8,2,8,30,3,0,2019,36,33
2019_37,12,10,8,2,0,0,8,0,4,2,0,20,0,8,1,2,0,0,11,22,0,3,0,19,4,18,0,22,11,0,1,0,0,0,1,1,0,0,0,1,0,0,0,2,0,0,5,0,0,0,13,0,6,1,2,19,3,0,2019,37,22
2019_38,11,18,18,1,0,0,8,0,2,1,0,28,0,6,0,0,0,0,23,29,0,5,0,24,5,24,0,29,10,0,1,0,0,0,1,0,0,0,2,1,0,1,1,6,0,0,5,1,0,0,18,0,6,2,3,26,3,0,2019,38,29
2019_39,10,13,14,1,0,0,5,1,2,0,0,23,0,7,0,0,0,1,15,23,0,1,0,22,3,20,0,23,9,0,0,0,0,0,1,0,0,0,1,3,1,0,0,3,0,0,5,0,0,0,13,0,7,3,0,23,0,0,2019,39,23
2019_40,20,27,23,9,1,0,9,1,4,0,0,47,0,13,0,1,1,0,32,47,0,8,0,39,16,31,0,47,12,2,1,3,1,3,1,2,0,0,1,3,0,0,1,6,0,0,11,0,0,0,22,1,15,4,5,39,8,0,2019,40,47
2019_41,20,27,22,9,0,0,11,1,4,0,0,47,0,16,0,1,0,1,29,47,0,3,0,44,6,41,0,47,16,0,0,0,0,3,1,0,0,0,3,0,1,0,0,10,0,0,11,0,2,0,32,2,13,0,0,43,4,0,2019,41,47
2019_42,18,22,17,6,0,0,12,0,5,4,0,36,0,12,0,1,0,2,25,39,1,5,0,35,7,33,0,40,7,1,2,1,0,2,5,1,0,0,1,0,0,0,0,6,0,1,13,0,0,0,16,0,19,1,4,40,0,0,2019,42,40
2019_43,28,29,21,3,2,0,28,0,3,0,0,57,0,22,0,1,0,0,34,55,2,10,0,47,11,46,0,57,16,1,4,0,2,3,5,2,1,0,0,3,1,0,0,6,0,0,13,0,0,0,25,2,19,4,7,53,4,0,2019,43,57
2019_44,32,32,31,10,2,1,14,0,6,1,0,63,0,27,1,1,0,0,35,64,0,16,0,48,11,53,0,64,15,0,2,1,0,3,4,1,0,0,1,1,2,0,1,13,0,1,18,1,0,0,32,0,25,3,4,58,6,0,2019,44,64
2019_45,27,38,27,11,1,0,18,0,8,2,0,63,0,20,0,1,1,2,41,65,0,13,0,52,16,49,0,65,13,1,1,0,2,2,10,1,1,0,0,1,0,0,0,6,0,0,26,1,0,0,21,2,36,2,4,61,4,0,2019,45,65
2019_46,50,26,36,12,1,0,15,2,10,1,0,75,0,30,0,2,0,1,43,75,1,15,0,61,18,58,0,76,8,0,0,0,1,4,4,6,0,0,0,5,3,2,0,14,0,1,28,0,0,0,26,1,35,6,8,67,9,0,2019,46,76
2019_47,47,42,38,11,2,0,27,0,11,1,0,88,0,33,0,2,0,2,52,86,3,15,0,74,21,68,0,89,22,1,0,2,1,2,7,0,0,0,0,4,5,1,1,5,0,0,36,2,0,0,29,1,50,5,4,88,1,0,2019,47,89
2019_48,43,51,40,13,0,0,31,0,10,0,0,94,0,36,0,0,0,1,57,91,3,20,0,74,18,76,1,93,24,0,1,0,2,6,6,1,1,0,1,4,0,1,0,12,0,0,33,1,0,1,44,2,39,5,4,90,4,0,2019,48,94
2019_49,43,57,46,7,0,0,32,1,14,0,0,100,0,36,1,0,1,2,60,100,0,26,0,74,19,81,0,100,22,1,1,3,0,3,11,1,0,0,2,3,1,4,0,9,1,1,37,0,0,0,36,0,52,4,8,94,6,0,2019,49,100
2019_50,55,53,57,6,1,0,30,0,14,2,0,106,0,40,0,1,1,1,65,107,1,29,0,79,30,78,0,108,18,3,2,0,2,3,8,0,0,0,2,5,4,6,1,14,1,0,38,1,0,0,37,2,50,6,13,102,6,0,2019,50,108
2019_51,52,61,53,17,1,0,31,1,10,1,0,112,0,30,0,3,3,2,75,111,2,15,0,98,21,92,0,113,24,3,0,2,0,6,7,0,0,0,1,2,3,5,2,15,0,0,42,1,0,0,46,0,54,4,9,105,8,0,2019,51,113
2019_52,39,55,49,8,0,0,28,0,9,1,0,92,1,41,0,3,0,0,50,93,1,16,0,78,19,75,0,94,21,1,1,5,0,3,7,0,0,0,0,6,3,2,0,5,0,0,39,1,0,0,29,0,54,6,5,91,3,0,2019,52,94
2020_1,53,64,58,19,1,0,33,0,6,3,0,114,0,61,0,5,3,4,44,113,4,37,0,80,24,93,1,116,22,0,1,3,1,3,12,0,0,0,3,3,3,2,1,7,0,0,52,4,0,0,35,1,70,4,7,110,6,1,2020,1,117
2020_2,71,55,71,15,1,0,25,0,14,6,0,119,1,61,0,5,2,6,52,122,4,20,0,106,35,91,0,126,18,0,0,7,0,3,10,0,1,0,0,5,1,7,0,12,0,0,59,3,0,0,33,0,77,6,10,121,5,0,2020,2,126
2020_3,75,53,57,22,1,0,30,1,17,2,0,126,0,64,0,2,0,7,55,128,0,22,0,106,50,78,0,128,20,0,0,7,0,7,13,0,1,0,2,4,4,4,2,9,0,1,51,2,1,0,38,1,75,8,6,117,10,1,2020,3,128
2020_4,48,45,38,16,0,0,27,2,10,2,1,90,0,45,0,1,0,6,41,92,1,18,0,75,37,56,0,93,7,4,1,6,1,6,9,0,1,0,1,0,1,7,1,3,1,0,41,0,3,0,17,4,57,2,13,86,7,0,2020,4,93
2020_5,46,35,40,14,1,0,15,0,11,2,0,79,0,33,0,1,1,2,44,80,1,16,0,65,22,59,0,81,11,0,0,1,0,2,5,0,4,0,0,3,2,5,1,8,0,1,38,0,0,0,21,0,46,9,5,74,6,1,2020,5,81
2020_6,45,31,36,15,1,0,18,0,6,1,0,75,0,37,0,4,1,2,32,75,1,17,1,58,32,44,0,76,8,0,0,3,0,0,9,0,4,0,0,2,2,2,1,4,0,0,32,0,8,1,13,8,46,7,2,69,7,0,2020,6,76
2020_7,27,28,28,11,0,1,9,0,6,1,0,53,1,27,0,3,1,4,20,55,0,8,0,47,17,38,0,55,7,0,0,0,0,2,11,0,1,0,1,2,4,2,0,1,0,0,19,3,2,0,11,2,34,3,5,50,5,0,2020,7,55
2020_8,25,21,25,5,1,0,10,2,3,0,0,45,1,20,0,0,0,0,26,46,0,10,0,36,13,33,0,46,5,0,0,0,0,3,8,0,2,0,0,3,0,3,0,3,0,1,18,0,0,0,11,0,26,6,3,42,3,1,2020,8,46
2020_9,18,26,22,8,3,0,9,1,1,1,0,42,1,22,0,2,0,0,20,44,0,4,0,40,11,33,0,44,4,1,0,1,1,2,7,0,1,0,0,0,3,3,0,2,0,0,18,1,0,0,8,1,29,1,5,38,6,0,2020,9,44
2020_10,15,15,15,5,0,0,8,0,2,0,0,30,0,14,0,1,0,2,13,28,2,5,0,25,5,25,0,30,3,0,0,1,0,0,12,0,0,0,0,0,1,2,0,3,0,0,7,0,1,0,6,1,21,0,2,28,2,0,2020,10,30
2020_11,14,7,6,8,1,0,4,0,2,1,0,20,0,12,0,0,0,1,8,20,1,5,0,16,7,14,0,21,0,0,0,0,1,0,6,0,0,1,1,0,0,0,0,1,0,1,10,0,0,0,2,2,16,1,0,21,0,0,2020,11,21
2020_12,6,4,4,0,0,0,3,0,3,0,0,10,0,5,0,0,0,1,4,10,0,1,0,9,2,8,0,10,1,0,0,0,1,0,3,0,0,1,0,1,1,0,0,0,0,0,2,0,0,0,1,2,6,1,0,8,1,1,2020,12,10
2020_13,6,4,5,1,2,0,2,0,0,0,0,10,0,5,0,1,0,1,3,10,0,1,0,9,1,9,0,10,2,0,0,0,0,0,3,0,0,0,0,0,1,1,0,0,0,0,2,1,0,0,2,0,6,0,2,8,2,0,2020,13,10
2020_14,9,5,5,3,0,0,6,0,0,0,0,14,0,9,0,1,0,0,4,14,0,4,0,10,5,9,0,14,1,0,0,1,0,1,6,0,0,2,0,0,0,0,0,1,0,1,1,0,0,0,3,2,8,1,0,12,2,0,2020,14,14
2020_15,2,2,2,0,0,0,0,0,2,0,0,4,0,2,0,0,0,0,2,4,0,0,0,4,2,2,0,4,0,0,0,0,0,0,1,0,0,1,0,0,0,0,0,1,0,0,1,0,0,0,1,1,2,0,0,3,1,0,2020,15,4
2020_16,3,6,5,1,0,0,2,0,1,1,0,8,0,7,0,1,0,0,1,9,0,1,0,8,3,6,0,9,1,0,0,0,0,0,4,0,0,1,0,0,0,0,0,0,0,0,2,1,0,0,1,1,6,0,1,9,0,0,2020,16,9
2020_17,3,3,4,0,0,0,1,0,1,0,0,6,0,1,0,0,0,1,4,6,0,3,0,3,1,5,0,6,0,0,0,0,0,0,3,0,0,0,0,1,0,0,0,0,1,0,1,0,0,0,0,0,4,1,1,6,0,0,2020,17,6
2020_18,1,5,3,1,0,0,0,0,2,1,0,5,0,0,0,0,0,0,6,6,0,0,0,6,3,3,0,6,0,0,0,0,0,0,3,1,0,0,0,0,0,0,0,0,0,0,2,0,0,0,0,0,5,0,1,6,0,0,2020,18,6
2020_19,3,0,1,1,0,0,1,0,0,0,0,3,0,2,0,0,0,0,1,3,0,0,0,3,2,1,0,3,0,0,0,0,0,0,0,0,0,0,0,0,0,2,0,0,0,0,1,0,0,0,0,0,1,0,2,2,1,0,2020,19,3
2020_20,3,5,6,1,1,0,0,0,0,0,0,8,0,1,0,1,0,0,6,8,0,2,0,6,1,7,0,8,0,0,0,0,0,0,2,0,1,0,1,0,0,2,0,0,2,0,0,0,0,0,1,0,2,1,4,7,1,0,2020,20,8
2020_21,5,3,3,4,0,0,0,0,1,0,0,8,0,3,0,0,0,1,4,8,0,0,0,8,3,5,0,8,0,0,0,0,0,0,3,0,0,0,0,0,0,4,0,0,0,0,1,0,0,0,0,0,4,0,4,7,1,0,2020,21,8
2020_22,3,3,0,2,1,0,1,0,2,1,0,5,0,2,0,1,0,1,2,6,0,1,0,5,3,3,0,6,0,0,0,0,0,0,1,0,0,0,0,0,0,0,0,1,1,0,3,0,0,0,1,0,4,0,1,5,1,0,2020,22,6
2020_23,1,5,1,3,0,0,2,0,0,0,0,6,0,1,0,0,0,0,5,6,0,1,0,5,3,3,0,6,0,0,0,1,0,0,0,0,0,0,1,0,0,0,0,0,2,0,1,0,1,0,1,1,2,0,2,5,0,1,2020,23,6
2020_24,2,2,0,3,0,0,0,0,1,0,0,4,0,2,0,0,0,0,2,4,0,0,0,4,4,0,0,4,1,0,0,1,0,0,0,0,0,0,0,0,0,0,0,1,0,0,1,0,0,0,2,0,2,0,0,4,0,0,2020,24,4
2020_25,1,2,1,0,1,0,0,0,1,0,0,3,0,2,0,0,0,0,1,3,0,1,0,2,2,1,0,3,0,0,0,0,0,0,1,0,0,0,1,0,0,0,0,0,0,0,1,0,0,0,1,0,2,0,0,3,0,0,2020,25,3
2020_26,2,0,0,1,0,0,1,0,0,0,0,2,0,1,0,0,0,0,1,1,1,0,0,2,2,0,1,1,0,0,0,0,0,0,0,0,0,0,0,0,0,0,0,0,1,0,0,0,1,0,0,1,0,0,1,2,0,0,2020,26,2
2020_27,0,1,1,0,0,0,0,0,0,1,0,0,0,0,0,0,0,1,0,1,0,1,0,0,1,0,0,1,0,0,0,0,0,0,0,0,0,0,0,0,0,0,0,0,0,0,1,0,0,0,0,0,1,0,0,1,0,0,2020,27,1
2020_28,1,1,1,0,0,0,1,0,0,0,0,2,0,2,0,0,0,0,0,2,0,0,0,2,1,1,0,2,0,0,0,0,0,0,1,0,0,0,0,0,0,0,0,0,0,0,1,0,0,0,0,0,2,0,0,2,0,0,2020,28,2
2020_29,1,1,0,1,0,0,1,0,0,0,0,2,0,0,0,0,0,0,2,2,0,0,0,2,1,1,0,2,1,0,0,0,0,0,0,0,0,0,0,0,0,0,0,0,0,0,1,0,0,0,1,0,1,0,0,2,0,0,2020,29,2
2020_30,2,6,4,0,0,0,2,0,2,0,0,8,0,2,0,0,2,0,4,8,0,1,0,7,6,2,0,8,2,0,0,0,0,0,0,0,0,0,0,0,0,0,0,1,2,0,3,0,0,0,3,0,3,0,2,8,0,0,2020,30,8
2020_31,4,2,1,1,0,0,4,0,0,0,0,6,0,2,0,0,0,1,3,6,0,0,0,6,2,4,0,6,1,0,0,0,0,0,1,1,0,0,0,0,0,0,0,2,1,0,0,0,0,0,3,0,1,0,2,5,1,0,2020,31,6
2020_32,4,5,3,0,2,0,1,0,3,1,0,8,0,3,0,0,0,0,6,8,1,1,0,8,3,6,0,9,3,1,0,0,0,0,1,0,0,0,0,0,0,1,0,1,1,1,0,0,0,0,4,0,1,1,3,6,3,0,2020,32,9
2020_33,4,3,1,0,2,0,2,0,2,0,0,7,0,0,0,1,0,0,6,6,1,1,0,6,0,7,0,7,4,0,0,0,0,0,1,0,0,0,0,0,0,0,0,1,1,0,0,0,0,0,5,0,1,0,1,4,2,1,2020,33,7
2020_34,6,5,5,2,0,0,4,0,0,1,0,10,0,4,0,0,0,0,7,11,0,2,0,9,6,5,0,11,3,0,0,0,0,0,2,1,0,0,0,0,0,0,0,1,1,0,3,0,0,0,4,0,5,0,2,9,1,1,2020,34,11
2020_35,5,7,6,2,0,0,2,0,2,0,0,12,0,4,0,0,2,1,5,12,0,1,0,11,2,10,0,12,4,0,0,0,0,0,1,0,0,0,0,0,0,3,0,2,0,0,2,0,0,0,6,0,3,0,3,9,2,1,2020,35,12
2020_36,7,6,6,1,0,0,3,0,3,0,0,13,0,5,0,0,0,0,8,12,1,1,0,12,4,9,0,13,1,0,0,0,0,0,3,0,0,0,0,0,0,0,0,3,2,0,4,0,0,0,4,0,7,0,2,12,1,0,2020,36,13
2020_37,2,8,4,1,0,0,3,0,2,1,0,9,0,5,0,1,0,0,4,10,0,1,0,9,7,3,0,10,1,0,0,0,0,0,4,1,0,0,0,0,0,1,0,2,0,0,1,0,0,0,3,0,5,0,2,9,1,0,2020,37,10
2020_38,6,8,5,2,0,0,4,1,2,0,0,14,0,4,0,2,0,1,7,14,0,1,0,13,4,10,0,14,1,0,0,0,1,0,4,0,0,0,1,1,1,0,0,3,1,0,1,0,0,0,5,1,6,1,1,12,2,0,2020,38,14
2020_39,7,5,5,5,0,0,1,0,1,0,0,12,0,7,0,0,0,2,3,12,0,1,0,11,5,7,0,12,1,0,0,0,0,0,4,0,0,0,1,0,0,0,0,1,0,0,5,0,0,0,3,0,9,0,0,11,1,0,2020,39,12
2020_40,9,10,12,1,0,0,5,0,1,1,0,18,0,7,0,0,0,0,12,19,0,1,0,18,3,16,0,19,4,0,0,0,0,0,9,0,0,0,0,0,0,1,0,1,0,0,3,0,0,1,6,0,12,0,1,15,2,2,2020,40,19
2020_41,4,15,8,1,2,0,6,0,2,0,0,19,0,8,0,0,0,0,11,18,1,1,0,18,6,13,0,19,6,0,0,0,0,0,4,1,0,0,0,0,0,1,0,4,0,1,2,0,0,0,10,0,6,1,2,19,0,0,2020,41,19
2020_42,5,8,7,2,0,0,2,0,2,0,0,13,0,5,0,0,1,0,7,11,2,4,0,9,6,7,0,13,1,0,0,0,0,0,3,0,0,0,0,0,0,1,1,3,0,0,4,0,0,0,4,0,7,1,1,11,1,1,2020,42,13
2020_43,5,8,3,3,0,0,6,0,1,3,0,10,0,3,0,1,0,0,9,13,0,2,0,11,5,8,0,13,0,0,0,0,0,0,4,0,0,0,0,0,1,0,0,6,0,1,1,0,0,0,6,0,6,1,0,13,0,0,2020,43,13
2020_44,6,5,4,3,0,1,3,0,0,0,0,11,0,3,0,0,1,0,7,11,0,0,0,11,4,7,0,11,2,0,0,0,0,1,2,0,0,0,0,0,0,0,0,3,0,0,3,0,0,0,6,0,5,0,0,8,1,2,2020,44,11
2020_45,5,5,3,1,1,0,5,0,0,1,0,9,0,4,0,0,0,0,6,10,0,2,0,8,5,5,0,10,2,0,0,0,0,0,2,0,0,0,0,0,0,0,1,1,0,0,4,0,0,0,3,0,6,1,0,9,0,1,2020,45,10
2020_46,13,10,8,4,0,0,6,1,4,1,0,22,0,10,0,1,0,0,12,23,0,3,0,20,7,16,0,23,6,0,0,0,0,0,4,1,0,0,0,0,0,0,1,2,0,0,9,0,0,0,8,0,13,1,1,22,0,1,2020,46,23
2020_47,6,7,5,2,0,0,5,0,1,1,0,12,0,3,0,0,0,2,8,12,1,4,0,9,3,10,0,13,0,0,0,1,1,0,4,0,0,0,0,0,0,0,1,4,0,0,2,0,0,0,4,1,7,1,0,11,1,1,2020,47,13
2020_48,8,10,8,3,1,0,4,0,2,0,0,18,0,7,0,0,0,0,11,18,0,6,0,12,1,17,0,18,3,0,0,0,0,0,6,0,0,0,0,0,0,1,1,2,0,0,5,0,0,0,5,0,11,1,1,15,2,1,2020,48,18
2020_49,9,7,7,1,0,0,5,0,3,2,0,14,0,8,0,0,0,0,8,16,0,2,0,14,5,11,0,16,1,0,0,0,0,0,4,0,0,0,0,0,0,1,1,4,0,0,5,0,0,0,5,0,9,1,1,15,0,1,2020,49,16
2020_50,11,9,9,5,0,0,5,0,1,3,0,17,0,11,0,1,0,0,8,20,0,6,0,14,5,15,0,20,2,0,0,0,0,0,3,0,0,0,0,0,0,0,0,2,0,0,13,0,0,0,4,0,16,0,0,20,0,0,2020,50,20
2020_51,21,15,13,9,1,0,10,0,3,1,0,35,0,15,0,2,1,0,18,36,0,0,0,36,12,24,0,36,3,0,0,0,2,1,11,0,0,0,0,0,0,0,3,6,0,1,9,0,0,0,10,2,20,4,0,34,2,0,2020,51,36
2020_52,17,13,13,3,1,0,11,0,2,0,0,30,0,12,0,0,0,1,17,30,0,1,0,29,7,23,0,30,4,0,0,0,0,0,5,0,0,0,0,1,0,1,6,7,0,0,6,0,0,0,11,0,11,7,1,30,0,0,2020,52,30
2020_53,15,16,18,4,2,0,4,0,3,0,0,31,0,9,0,1,0,2,19,31,0,1,0,30,9,22,0,31,3,0,0,2,0,0,6,0,0,0,0,1,0,0,6,3,0,0,10,0,0,0,6,0,18,7,0,30,1,0,2020,53,31
2021_1,12,11,4,4,2,0,8,1,4,4,0,19,0,10,0,1,0,1,11,22,1,8,0,15,11,12,0,23,0,0,0,3,2,0,6,0,0,1,0,0,0,0,2,2,0,0,7,0,0,0,2,3,16,2,0,23,0,0,2021,1,23
2021_2,15,11,9,6,0,0,6,0,5,1,0,25,0,11,0,1,0,0,14,26,0,4,0,22,10,16,0,26,3,0,0,2,0,0,7,0,0,0,0,0,0,0,3,2,0,2,7,0,0,0,5,0,16,5,0,25,1,0,2021,2,26
2021_3,7,10,6,4,0,0,6,0,1,0,0,17,0,5,0,0,0,0,12,15,2,2,0,15,3,14,0,17,0,0,0,0,0,1,4,0,0,0,0,0,0,1,1,4,0,0,6,0,0,0,5,0,10,1,1,17,0,0,2021,3,17
2021_4,10,10,9,1,0,0,4,0,6,0,0,20,0,7,0,1,0,0,12,20,0,5,0,15,3,17,0,20,1,0,0,2,1,1,4,0,0,0,0,0,1,1,3,1,0,0,5,0,0,0,3,1,12,3,1,19,1,0,2021,4,20
2021_5,5,9,5,4,0,0,4,0,1,1,0,13,0,8,0,1,0,1,4,13,1,4,0,10,6,8,0,14,1,0,0,2,1,0,1,0,0,0,0,0,1,0,0,0,0,0,8,0,0,0,1,1,12,0,0,14,0,0,2021,5,14
2021_6,5,10,6,4,0,0,4,0,1,0,0,15,0,10,0,1,0,0,4,15,0,3,0,12,7,8,0,15,0,0,0,0,0,0,8,0,0,1,0,0,0,0,0,0,0,0,6,0,0,0,0,1,14,0,0,15,0,0,2021,6,15
2021_7,9,11,7,2,0,0,9,0,2,0,0,20,0,7,0,2,0,1,10,18,2,3,0,17,6,14,0,20,0,0,0,1,0,0,10,0,0,0,0,0,1,0,1,2,0,0,5,0,0,0,2,0,17,1,0,20,0,0,2021,7,20
2021_8,9,3,5,2,0,0,3,0,2,0,0,12,0,3,0,0,0,1,8,12,0,2,0,10,3,9,0,12,0,0,0,0,0,0,3,0,0,0,0,0,0,0,1,1,0,0,7,0,0,0,1,0,10,1,0,12,0,0,2021,8,12
2021_9,6,12,10,4,0,0,3,0,1,0,0,18,0,8,0,0,0,0,10,18,0,5,0,13,6,12,0,18,0,0,0,0,0,0,12,0,0,0,0,0,0,0,0,0,0,0,6,0,0,0,0,0,18,0,0,18,0,0,2021,9,18
2021_10,5,3,4,0,0,0,4,0,0,0,0,8,0,3,0,0,0,0,5,7,1,1,0,7,1,7,0,8,0,0,0,0,0,1,6,0,0,0,0,0,0,0,0,0,0,0,1,0,0,0,1,0,7,0,0,8,0,0,2021,10,8
2021_11,5,2,1,1,0,0,5,0,0,0,0,7,0,0,0,0,0,0,7,7,0,1,0,6,2,5,0,7,0,0,0,0,0,0,5,0,0,1,0,0,0,0,0,0,0,0,1,0,0,0,0,1,6,0,0,7,0,0,2021,11,7
2021_12,6,5,5,2,0,0,3,1,0,0,0,11,0,5,0,0,0,1,5,11,0,4,0,7,4,7,0,11,0,0,0,0,0,0,6,0,0,0,0,0,0,0,0,0,0,0,5,0,0,0,0,0,11,0,0,11,0,0,2021,12,11
2021_13,5,3,3,2,0,1,1,0,1,0,0,8,0,3,0,0,0,0,5,8,0,4,0,4,2,6,0,8,1,0,0,0,0,0,5,0,0,0,0,0,0,0,0,0,0,0,2,0,0,0,1,0,7,0,0,8,0,0,2021,13,8
2021_14,2,4,2,2,1,0,1,0,0,0,0,6,0,5,0,0,0,0,1,5,1,3,0,3,2,4,0,6,0,0,0,0,0,0,2,0,0,0,0,0,0,0,0,1,0,0,3,0,0,0,1,0,5,0,0,6,0,0,2021,14,6
2021_15,1,3,2,0,0,0,1,0,1,0,0,4,0,2,0,0,0,1,1,4,0,0,0,4,0,4,0,4,0,0,0,0,0,0,4,0,0,0,0,0,0,0,0,0,0,0,0,0,0,0,0,0,4,0,0,4,0,0,2021,15,4
2021_16,4,4,1,1,0,0,4,1,1,0,0,8,0,5,0,0,0,0,3,8,0,0,0,8,1,7,0,8,0,0,0,0,0,0,5,0,0,0,0,0,0,0,0,0,0,0,3,0,0,0,0,0,8,0,0,8,0,0,2021,16,8
2021_18,4,5,4,2,0,0,3,0,0,0,0,9,0,4,0,0,0,0,5,9,0,3,0,6,3,6,0,9,0,0,0,0,0,1,3,0,0,0,0,0,0,0,0,1,0,0,3,0,1,0,2,1,6,0,0,9,0,0,2021,18,9
2021_19,2,2,0,2,0,0,1,0,1,0,0,4,0,2,0,0,0,0,2,4,0,1,0,3,2,2,0,4,0,0,0,0,0,0,3,0,0,0,0,0,1,0,0,0,0,0,0,0,0,0,0,0,4,0,0,4,0,0,2021,19,4
2021_20,5,1,0,4,0,0,1,0,1,0,0,6,0,3,0,0,0,0,3,6,0,1,0,5,1,5,0,6,0,0,0,0,0,0,3,0,0,0,0,0,0,0,0,1,0,0,2,0,0,0,1,0,5,0,0,6,0,0,2021,20,6
2021_21,3,5,1,2,1,0,2,0,2,1,0,7,0,6,0,1,0,0,1,8,0,3,0,5,4,4,0,8,0,0,0,1,1,0,1,0,0,0,0,0,0,0,1,0,0,0,4,0,0,0,0,1,6,1,0,8,0,0,2021,21,8
2021_22,4,2,2,0,0,0,2,1,1,0,0,6,0,2,0,0,0,0,4,6,0,2,0,4,1,5,0,6,0,0,0,0,0,0,5,0,0,0,0,0,0,0,0,0,0,0,1,0,0,0,0,0,6,0,0,6,0,0,2021,22,6
2021_23,2,2,3,1,0,0,0,0,0,0,0,4,0,2,0,0,0,0,2,4,0,1,0,3,2,2,0,4,0,0,0,0,0,0,1,0,0,0,0,0,0,0,0,0,0,0,3,0,0,0,0,0,4,0,0,4,0,0,2021,23,4
2021_24,5,7,4,2,0,0,2,2,2,0,0,12,0,5,0,1,0,1,5,12,0,1,0,11,5,7,0,12,0,0,0,0,2,0,3,0,0,0,0,0,0,0,0,1,0,0,6,0,0,0,1,2,9,0,0,11,1,0,2021,24,12
2021_25,3,5,5,2,0,0,1,0,0,0,0,8,0,5,0,0,0,0,3,8,0,0,0,8,2,6,0,8,0,0,0,0,0,0,2,0,0,0,0,0,0,0,0,0,0,0,6,0,0,0,0,0,8,0,0,8,0,0,2021,25,8
2021_26,7,7,8,0,2,0,2,0,2,0,0,14,0,3,0,0,0,0,11,14,0,3,0,11,2,12,0,14,0,0,0,0,0,0,6,0,0,0,0,0,0,0,0,3,0,0,5,0,0,0,3,0,11,0,0,14,0,0,2021,26,14
2021_27,10,9,7,1,1,0,6,0,4,1,0,18,0,6,0,2,0,1,10,18,1,3,0,16,6,13,0,19,1,1,0,0,0,3,7,0,0,0,0,0,0,0,0,1,0,0,6,0,0,0,5,0,13,0,1,18,1,0,2021,27,19
2021_28,10,9,7,4,0,0,4,0,4,2,0,17,0,8,0,1,0,2,8,19,0,4,0,15,5,14,0,19,0,0,0,0,0,3,12,1,0,0,0,0,0,0,0,0,0,0,3,0,0,0,3,0,15,0,1,18,1,0,2021,28,19
2021_29,9,9,6,1,2,0,8,0,1,1,0,17,0,6,0,0,0,0,12,17,1,3,0,15,5,13,0,18,1,0,0,1,0,2,6,0,0,0,0,1,0,0,0,3,0,0,4,0,0,0,6,0,11,1,0,16,1,1,2021,29,18
2021_30,15,23,19,5,0,0,9,0,5,1,0,37,0,5,0,1,0,1,31,34,4,8,0,30,3,35,0,38,0,0,0,0,0,4,21,1,0,0,0,0,0,0,0,2,0,0,10,0,0,0,6,0,31,0,1,38,0,0,2021,30,38
2021_31,24,21,19,4,0,0,13,1,8,0,0,45,0,12,0,0,1,1,31,45,0,7,0,38,6,39,0,45,1,0,0,0,0,2,27,0,0,0,1,1,1,0,0,3,0,0,9,0,0,0,7,0,37,1,0,44,1,0,2021,31,45
2021_32,18,21,19,2,0,0,10,0,8,1,0,38,0,18,0,2,0,1,18,39,0,6,1,32,11,28,0,39,0,1,0,0,1,3,18,0,0,0,1,0,0,0,0,4,0,0,11,0,0,0,8,1,29,0,1,37,2,0,2021,32,39
2021_33,38,31,38,7,0,0,16,0,8,3,0,66,0,18,0,2,1,2,46,68,1,3,0,66,13,56,0,69,1,0,0,0,1,11,37,0,0,0,1,0,0,0,0,5,0,0,13,0,0,0,18,1,50,0,0,68,1,0,2021,33,69
2021_34,24,28,30,6,0,0,9,0,7,0,0,52,0,14,0,2,0,4,32,52,0,12,0,40,10,42,0,52,2,0,0,1,1,8,18,1,0,0,0,1,0,0,0,4,0,0,16,0,0,0,14,1,35,1,1,51,1,0,2021,34,52
2021_35,41,41,32,5,2,0,31,1,11,3,0,79,0,26,0,2,2,5,47,81,1,18,0,64,16,66,0,82,0,0,0,1,1,20,36,0,0,0,0,0,0,0,0,3,0,0,20,0,1,0,23,2,57,0,0,82,0,0,2021,35,82
2021_36,47,56,47,12,2,0,31,0,11,11,0,91,1,29,0,5,0,3,66,102,1,17,0,86,30,73,0,103,6,0,0,4,1,24,31,0,0,0,2,0,0,0,0,2,0,1,32,0,0,0,34,1,67,1,0,101,1,1,2021,36,103
2021_37,42,60,53,16,1,0,25,0,7,2,0,100,0,34,0,4,0,4,60,99,3,7,0,95,30,72,0,102,5,0,0,4,1,16,37,1,0,0,3,0,0,0,1,3,1,0,30,0,0,0,27,1,71,1,2,100,2,0,2021,37,102
2021_38,63,59,60,14,1,0,39,0,8,2,0,120,0,43,0,4,1,1,73,120,2,15,0,107,36,86,0,122,5,1,0,9,0,15,40,1,0,1,2,1,0,0,1,2,0,1,43,0,0,0,24,1,92,3,2,120,2,0,2021,38,122
2021_39,59,66,65,13,0,0,31,0,16,5,0,120,0,37,0,2,0,5,81,119,6,25,0,100,47,78,0,125,9,1,1,6,0,9,32,9,1,0,2,0,0,0,0,6,1,0,48,0,0,0,26,0,86,1,12,122,2,1,2021,39,125
2021_40,65,67,64,17,0,0,40,1,10,3,0,128,1,43,0,3,2,3,81,130,2,27,0,105,53,79,0,132,5,0,0,10,0,13,27,3,1,3,1,0,0,0,0,4,0,0,65,0,0,0,23,3,102,1,3,132,0,0,2021,40,132
2021_41,56,94,69,21,1,0,47,0,12,3,0,147,0,47,0,6,0,5,92,148,2,31,0,119,49,101,0,150,6,0,0,6,0,7,43,4,1,0,1,0,0,0,0,17,0,0,63,0,2,0,31,2,112,1,4,138,8,4,2021,41,150
2021_42,60,67,59,19,0,0,33,0,16,0,0,127,0,31,0,8,1,6,81,126,1,16,0,111,38,89,0,127,4,0,0,8,0,10,26,2,0,0,2,0,1,1,0,11,1,0,60,1,0,0,27,0,95,0,5,123,4,0,2021,42,127
2021_43,64,77,64,24,2,0,32,0,19,1,0,140,0,62,0,5,0,3,71,139,2,27,0,114,50,91,0,141,4,0,0,10,0,6,32,3,1,1,2,0,1,0,0,8,1,0,71,0,1,0,20,2,114,1,4,139,2,0,2021,43,141
2021_44,76,82,73,33,4,1,31,0,16,3,0,155,0,55,0,4,1,5,93,156,2,28,1,129,64,94,0,158,4,1,0,4,2,4,21,6,0,1,1,0,2,0,0,12,1,1,98,0,0,0,21,3,125,1,8,153,4,1,2021,44,158
2021_45,90,108,100,40,2,0,44,0,12,1,0,197,0,104,0,9,0,3,82,196,2,45,2,151,72,126,0,198,8,1,0,13,0,1,26,5,1,0,1,0,3,0,0,15,0,1,122,0,1,0,25,1,164,2,6,190,8,0,2021,45,198
2021_46,96,112,118,36,3,0,37,1,13,4,0,204,0,100,0,13,0,7,88,201,7,39,1,168,73,135,0,208,10,0,0,10,3,1,27,5,1,0,1,1,5,0,1,8,0,0,135,0,0,0,20,3,177,3,5,204,4,0,2021,46,208
2021_47,88,104,88,42,4,0,44,1,13,0,0,192,0,81,0,15,1,2,93,187,5,48,0,144,72,120,0,192,6,1,0,10,2,0,23,1,0,0,1,1,7,0,0,9,0,1,130,0,0,0,16,2,170,2,2,186,6,0,2021,47,192
2021_48,84,102,86,35,2,0,45,1,17,3,0,183,0,81,0,10,1,3,91,183,3,39,0,147,75,111,0,186,5,1,0,16,4,0,18,0,1,1,0,1,12,1,0,7,1,2,113,1,2,0,12,7,159,4,4,175,10,1,2021,48,186
2021_49,96,73,76,40,2,0,33,0,18,0,0,169,0,74,0,12,1,5,77,161,8,39,1,129,64,105,0,169,5,2,0,7,2,0,16,1,0,0,3,0,9,1,1,9,0,0,110,1,0,2,19,2,142,1,5,160,8,1,2021,49,169
2021_50,55,64,48,31,0,0,29,1,10,1,0,118,0,60,0,11,0,4,44,116,3,25,0,94,48,71,0,119,4,0,0,14,0,1,14,1,1,0,0,0,7,0,1,3,0,1,72,0,0,0,8,0,107,3,1,114,5,0,2021,50,119
2021_51,73,71,57,43,2,0,27,0,15,1,0,143,0,66,0,10,0,2,66,143,1,33,0,111,66,78,0,144,5,3,0,10,1,0,8,0,0,0,0,1,12,1,0,7,0,0,94,1,1,0,12,2,124,1,5,142,2,0,2021,51,144
2021_52,67,60,57,27,1,0,30,1,11,0,0,127,0,54,0,5,0,7,61,121,6,27,0,100,39,88,0,127,6,2,0,11,0,1,12,3,0,0,2,1,6,0,2,7,2,1,71,0,0,0,16,0,100,4,7,125,2,0,2021,52,127
2022_1,34,61,37,26,1,0,19,2,10,1,0,94,0,49,0,4,1,2,39,89,6,24,0,71,36,59,0,95,1,0,0,7,2,0,7,2,0,0,3,0,9,0,0,2,1,0,61,0,0,0,6,2,84,0,3,90,3,2,2022,1,95
2022_2,24,39,27,10,0,0,17,0,9,0,0,63,0,32,0,4,0,2,25,61,2,9,0,54,20,43,0,63,3,1,0,9,3,2,2,1,0,0,0,0,3,0,0,4,0,0,34,0,1,0,9,4,48,0,2,62,1,0,2022,2,63
2022_3,39,41,39,16,4,0,14,0,7,1,0,79,0,37,0,4,1,0,38,74,6,22,0,58,38,42,0,80,0,1,0,3,0,0,4,1,1,0,0,0,6,0,1,4,2,0,55,2,0,0,4,0,68,2,6,79,1,0,2022,3,80
2022_4,37,36,27,19,5,1,17,0,4,2,0,71,0,35,0,5,2,0,31,70,3,22,0,51,28,45,0,73,2,0,0,2,3,1,6,2,0,0,0,0,7,0,0,12,0,1,34,2,0,1,16,3,49,1,4,68,5,0,2022,4,73
2022_5,34,42,37,7,2,0,19,0,11,0,0,76,0,38,0,5,0,1,32,74,2,24,0,52,23,53,0,76,0,4,0,1,1,1,6,1,0,0,0,0,5,0,0,7,0,0,49,1,0,0,8,1,61,0,6,72,4,0,2022,5,76
2022_6,25,28,24,6,2,0,14,0,7,0,0,53,0,23,0,2,0,0,28,52,1,17,0,36,24,29,0,53,1,5,0,5,0,0,1,1,0,0,0,0,3,0,1,0,1,0,30,5,0,0,1,0,39,1,12,52,1,0,2022,6,53
2022_7,24,24,27,7,2,0,7,0,5,1,0,47,0,17,0,2,0,1,28,45,3,13,0,35,19,29,0,48,0,7,0,5,2,0,1,0,0,0,0,0,3,0,0,1,1,1,22,5,0,0,1,2,31,1,13,46,2,0,2022,7,48
2022_8,13,24,18,4,2,0,9,0,4,1,0,36,0,17,0,4,0,1,15,36,1,12,0,25,22,15,0,37,0,1,0,2,0,0,3,2,0,0,0,1,6,0,0,0,3,0,17,1,1,0,0,1,28,1,7,35,2,0,2022,8,37
2022_9,16,15,9,5,2,0,10,0,5,0,0,31,0,9,0,5,0,0,17,30,1,10,0,21,12,19,0,31,1,1,0,1,1,0,3,1,0,1,0,0,6,0,0,0,0,0,14,2,0,0,1,2,24,0,4,30,1,0,2022,9,31
2022_10,16,10,11,2,1,0,9,0,3,0,0,26,0,9,0,3,0,0,14,26,0,5,0,21,14,12,0,26,0,2,0,1,0,0,3,0,0,0,0,0,1,0,0,2,0,0,13,4,0,0,2,0,18,0,6,25,0,1,2022,10,26
2022_11,9,21,13,9,2,0,5,0,1,1,0,29,0,14,0,2,1,2,11,30,0,7,0,23,13,17,0,30,0,1,0,2,0,0,5,5,0,0,0,0,0,0,0,2,1,0,13,1,0,0,2,0,20,0,8,29,1,0,2022,11,30
2022_12,14,8,11,3,0,0,5,1,2,1,0,21,0,14,0,1,0,1,6,21,1,2,0,20,10,12,0,22,0,1,0,1,0,1,0,0,0,0,0,0,2,0,0,1,0,1,14,0,1,0,2,1,17,1,1,21,1,0,2022,12,22
2022_13,7,10,8,2,0,0,6,0,1,0,0,16,1,8,0,1,0,2,6,15,2,5,0,12,6,11,0,17,0,0,0,0,0,0,3,1,0,0,0,0,1,0,0,0,1,1,10,0,0,0,0,0,14,1,2,17,0,0,2022,13,17
2022_14,9,9,8,3,0,0,6,0,1,0,0,18,0,6,0,1,0,1,10,16,2,8,0,10,5,13,0,18,0,3,0,1,0,0,1,2,1,0,1,0,1,0,0,2,0,1,3,1,1,0,3,1,6,2,6,16,0,2,2022,14,18
2022_15,4,3,3,1,0,0,2,0,1,0,0,7,0,4,0,0,0,0,3,7,0,0,0,7,5,2,0,7,0,0,0,0,0,0,0,0,0,0,1,0,2,0,0,1,0,0,3,0,0,0,2,0,5,0,0,7,0,0,2022,15,7
2022_16,12,16,14,5,1,0,6,0,2,0,0,28,0,10,0,1,0,0,17,28,0,10,0,18,14,14,0,28,0,2,0,4,0,0,3,1,1,0,1,0,4,0,0,4,0,0,7,1,0,0,5,0,18,1,4,27,1,0,2022,16,28
2022_17,8,7,5,6,1,0,2,0,1,0,0,15,0,4,0,1,0,2,8,15,0,5,0,10,6,9,0,15,0,0,1,1,0,0,1,0,0,1,0,0,3,0,0,1,0,0,5,0,0,2,3,1,10,0,1,15,0,0,2022,17,15
2022_18,10,10,9,5,1,0,3,0,2,0,0,20,0,6,0,1,0,0,13,20,0,5,0,15,6,14,0,20,0,1,0,0,0,0,0,3,0,1,1,0,6,0,0,1,0,0,6,1,0,0,2,1,12,0,5,19,1,0,2022,18,20
2022_19,10,14,13,4,1,0,5,0,1,2,0,22,0,9,0,1,1,1,12,23,1,7,0,17,7,17,0,24,0,0,0,1,0,0,5,3,0,0,0,0,7,0,0,3,0,0,4,1,0,0,3,0,17,0,4,24,0,0,2022,19,24
2022_20,10,16,13,1,0,0,10,0,2,1,0,25,0,7,0,0,0,2,17,25,1,6,0,20,8,18,0,26,1,2,0,0,1,0,2,5,0,0,1,0,7,0,0,1,0,0,2,3,1,0,3,2,11,0,10,24,1,1,2022,20,26
2022_21,23,27,21,11,1,0,14,0,3,1,0,49,0,14,0,3,2,1,30,43,7,20,0,30,17,33,0,50,3,4,0,1,0,0,2,9,0,0,0,0,19,0,0,4,0,0,6,2,0,0,7,0,28,0,15,48,2,0,2022,21,50
2022_22,25,26,27,8,1,0,10,0,5,1,0,50,0,16,0,2,2,3,28,47,4,17,0,34,26,25,0,51,1,3,1,6,0,0,1,3,0,2,0,0,14,0,0,8,0,0,9,3,0,0,9,2,30,0,10,50,1,0,2022,22,51
2022_23,25,29,21,14,0,0,14,0,5,2,0,52,0,17,0,1,0,4,32,46,8,29,0,25,16,38,0,54,1,1,1,1,2,0,4,7,0,1,0,0,16,0,0,6,0,0,9,5,0,0,7,3,30,0,14,53,1,0,2022,23,54
2022_24,26,19,20,11,0,0,12,0,2,3,0,42,0,12,0,1,2,2,28,38,7,17,0,28,16,29,0,45,0,3,0,3,0,0,3,6,0,0,1,0,17,0,0,2,0,0,6,4,0,0,3,0,29,0,13,45,0,0,2022,24,45
2022_25,26,28,28,9,1,1,10,0,5,1,0,53,0,13,0,3,0,2,36,53,1,25,0,29,18,36,0,54,1,2,2,3,6,0,3,3,0,1,0,1,8,0,0,7,0,0,11,4,1,1,9,8,25,1,11,52,2,0,2022,25,54
2022_26,28,35,35,8,0,0,14,0,6,2,0,60,1,18,0,3,1,2,39,62,1,32,0,31,28,35,0,63,1,2,0,2,7,1,1,7,0,0,1,1,15,0,0,9,0,0,15,1,0,0,12,7,33,1,10,61,1,1,2022,26,63
2022_27,38,41,33,24,0,0,14,0,8,6,0,73,0,37,0,2,0,1,39,74,5,38,1,40,34,45,0,79,2,1,0,1,0,0,4,9,0,0,1,1,21,1,0,17,0,0,17,1,3,0,20,3,43,1,12,79,0,0,2022,27,79
2022_28,37,47,38,19,2,0,21,1,3,2,0,82,0,33,0,0,2,2,47,80,4,51,0,33,35,49,0,84,0,8,0,3,2,1,2,5,0,0,1,2,32,0,0,7,0,0,18,1,2,0,9,4,55,2,14,77,7,0,2022,28,84
2022_29,39,56,59,18,1,0,11,0,6,3,0,91,1,37,0,2,1,0,55,90,5,51,0,44,34,61,0,95,5,4,2,10,3,0,1,8,1,0,2,1,23,0,0,9,0,0,23,3,0,0,16,3,57,2,17,87,6,2,2022,29,95
2022_30,53,52,50,30,2,0,15,0,8,3,0,102,0,44,0,5,1,2,53,101,4,48,2,55,40,65,0,105,5,2,1,11,0,0,3,7,0,0,0,1,28,0,0,15,0,0,31,1,0,0,20,0,73,1,11,99,5,1,2022,30,105
2022_31,65,58,55,24,5,1,32,0,6,2,0,121,0,44,0,7,1,3,68,117,6,57,0,66,39,84,0,123,5,2,0,13,1,0,3,9,0,0,0,0,39,0,2,10,0,1,33,5,0,0,15,1,88,3,16,116,6,1,2022,31,123
2022_32,35,42,31,21,2,0,17,1,5,2,0,75,0,33,0,3,1,0,40,74,3,37,0,40,29,48,0,77,0,2,0,4,1,0,6,5,3,0,0,1,23,0,0,12,0,0,19,1,0,0,12,1,52,4,8,72,4,1,2022,32,77
2022_33,37,40,36,19,0,0,17,0,5,3,0,74,0,29,0,4,0,0,44,71,6,29,1,47,32,45,0,77,1,1,1,6,1,0,4,5,0,0,0,1,16,0,1,13,0,0,27,0,0,0,14,1,53,2,7,74,3,0,2022,33,77
2022_34,46,42,46,18,0,1,15,0,8,2,0,86,0,36,0,2,2,1,47,82,6,57,0,31,32,56,0,88,3,2,1,14,2,0,4,6,1,0,0,1,12,0,1,12,0,1,27,1,0,0,15,2,57,4,10,85,3,0,2022,34,88
2022_35,45,52,53,24,0,0,15,1,4,1,0,96,0,37,0,8,1,1,50,94,3,57,0,40,43,54,0,97,3,3,0,9,0,0,3,2,0,0,0,1,17,0,0,10,0,1,47,1,0,0,13,0,76,2,6,94,3,0,2022,35,97
2022_36,37,42,37,21,0,1,16,0,4,2,0,77,0,28,0,5,0,1,45,78,1,36,0,43,33,46,0,79,5,0,0,10,0,0,3,3,0,0,1,1,12,1,1,6,0,0,35,1,0,0,12,0,60,2,5,72,6,1,2022,36,79
2022_37,43,41,40,25,1,0,13,0,5,2,0,82,0,34,0,2,0,1,47,77,7,41,0,43,37,47,0,84,2,1,0,12,0,0,5,4,0,0,0,0,15,0,0,8,0,0,36,1,0,0,10,0,68,0,6,82,2,0,2022,37,84
2022_38,41,53,39,24,2,0,21,0,8,0,0,94,0,41,0,5,0,1,47,92,2,44,0,50,35,59,0,94,6,2,0,6,4,0,5,0,0,1,2,1,11,0,0,6,0,0,50,0,0,0,14,5,72,1,2,88,5,1,2022,38,94
2022_39,38,52,43,25,0,0,18,1,3,1,0,89,0,40,0,1,0,2,47,85,5,46,0,44,40,50,0,90,2,0,0,10,1,1,10,2,0,0,1,1,11,0,0,5,0,0,46,0,0,0,9,1,77,1,2,88,1,1,2022,39,90
2022_40,50,49,51,26,2,0,17,0,3,1,0,98,0,34,0,3,0,1,61,91,8,51,0,48,40,59,0,99,1,0,0,11,2,0,3,3,0,0,0,4,14,1,1,5,0,1,52,0,1,0,6,3,80,6,4,96,3,0,2022,40,99
2022_41,55,54,60,15,2,0,27,1,4,0,0,109,0,45,0,5,0,0,59,106,3,58,1,50,43,66,0,109,7,1,1,12,4,0,7,1,0,0,1,3,9,0,1,8,0,1,51,0,1,1,17,5,79,5,3,104,5,0,2022,41,109
2022_42,65,72,53,41,2,0,30,0,11,1,1,135,0,54,0,10,1,4,68,132,5,62,1,74,59,78,0,137,4,0,1,13,5,2,13,0,1,0,0,3,10,0,2,10,0,0,72,0,0,1,17,5,108,6,1,131,6,0,2022,42,137
2022_43,57,83,73,32,0,0,26,0,9,0,0,140,0,50,0,6,2,0,82,131,9,59,0,81,46,94,0,140,4,0,0,17,4,0,15,0,0,0,0,5,9,0,1,14,0,2,67,0,2,0,18,6,108,8,0,138,1,1,2022,43,140
2022_44,83,83,88,40,2,1,26,1,8,1,0,165,0,68,0,13,1,6,78,154,12,69,0,97,56,110,0,166,3,1,0,26,6,0,6,0,0,0,0,4,8,0,0,10,0,1,97,0,4,0,13,10,137,5,1,164,2,0,2022,44,166
2022_45,83,62,71,36,0,0,33,0,5,1,1,143,0,47,0,9,0,1,88,137,8,69,0,76,54,91,0,145,3,1,0,20,3,1,6,0,0,0,0,0,7,0,1,4,0,0,95,0,4,0,8,7,128,1,1,141,2,2,2022,45,145
2022_46,75,97,74,51,3,0,36,1,7,1,0,169,2,72,0,11,1,5,83,162,10,86,1,85,69,103,0,172,6,1,0,20,3,0,8,1,1,0,1,3,10,0,1,5,0,1,108,0,3,0,12,6,146,6,2,168,3,1,2022,46,172
2022_47,75,89,93,39,3,0,20,0,9,1,1,162,0,76,0,5,1,0,82,160,4,84,0,80,63,101,0,164,6,0,1,9,8,1,13,0,1,0,3,0,10,1,1,8,0,0,101,0,1,0,18,9,133,2,2,161,2,1,2022,47,164
2022_48,68,83,74,39,3,1,25,0,9,1,0,150,0,66,0,5,0,2,78,145,6,84,0,67,71,80,0,151,0,0,0,10,0,0,7,1,3,0,1,0,5,0,0,8,0,0,114,0,1,1,10,1,136,3,1,150,1,0,2022,48,151
2022_49,94,97,111,40,2,0,31,1,6,0,0,191,0,88,0,11,1,4,87,182,9,114,1,76,91,100,0,191,2,0,0,8,7,0,12,0,0,0,2,1,10,0,0,7,0,0,141,0,1,0,11,8,171,1,0,189,2,0,2022,49,191
2022_50,89,98,98,48,2,0,31,1,7,1,0,186,0,90,0,12,2,5,78,179,8,89,1,97,81,106,0,187,0,0,0,16,5,0,15,0,1,1,0,0,10,0,0,7,1,1,129,0,0,1,8,6,170,2,1,185,1,1,2022,50,187
2022_51,84,94,91,46,2,0,26,0,13,8,1,168,1,68,0,8,2,10,90,177,1,80,4,94,80,98,0,178,4,0,0,15,4,0,11,0,1,1,0,0,4,0,0,6,0,0,131,0,0,1,11,5,161,1,0,177,1,0,2022,51,178
2022_52,57,83,74,24,0,0,31,0,11,2,0,138,0,66,0,7,0,4,63,137,3,78,0,62,71,69,0,140,1,0,0,14,5,0,6,0,0,0,0,0,2,0,0,5,0,1,106,0,0,0,6,5,128,1,0,139,1,0,2022,52,140
