año_semana,Femenino,Masculino,Adolescencia,Adulto,Adulto mayor,Ancianidad,Infancia,Menor de 1 año,Primera infancia,Afrocolombiano,Indígena,Otro,Rom,Contributivo,Especial,Excepción,Indeterminado,No asegurado,Subsidiado,Clasico,Grave,Conf. por laboratorio,Conf. por nexo,Probable,No,Si,Fallecido,Vivo,Cabecera municipal,Centro Poblado,Rural disperso,BARRANQUILLA,año,semana,total_casos
2017_1,7,2,3,4,1,0,1,0,0,0,0,9,0,4,0,0,0,0,5,9,0,5,0,4,4,5,0,9,9,0,0,9,2017,1,9
2017_2,2,2,2,0,0,0,0,0,2,0,0,4,0,2,0,0,0,0,2,4,0,2,0,2,3,1,0,4,4,0,0,4,2017,2,4
2017_3,0,1,0,1,0,0,0,0,0,0,0,1,0,1,0,0,0,0,0,1,0,1,0,0,1,0,0,1,1,0,0,1,2017,3,1
2017_4,2,1,0,0,0,0,1,0,2,0,0,3,0,3,0,0,0,0,0,3,0,3,0,0,3,0,0,3,3,0,0,3,2017,4,3
2017_5,0,2,0,2,0,0,0,0,0,0,0,2,0,2,0,0,0,0,0,2,0,2,0,0,0,2,0,2,2,0,0,2,2017,5,2
2017_6,0,1,1,0,0,0,0,0,0,0,0,1,0,1,0,0,0,0,0,1,0,1,0,0,0,1,0,1,1,0,0,1,2017,6,1
2017_7,0,2,0,0,1,0,0,0,1,0,0,2,0,1,0,0,0,0,1,2,0,0,0,2,1,1,0,2,2,0,0,2,2017,7,2
2017_8,0,2,0,2,0,0,0,0,0,0,0,2,0,2,0,0,0,0,0,2,0,1,0,1,1,1,0,2,2,0,0,2,2017,8,2
2017_9,3,0,0,0,1,0,0,0,2,0,0,3,0,2,0,1,0,0,0,3,0,2,0,1,1,2,0,3,3,0,0,3,2017,9,3
2017_11,1,0,0,1,0,0,0,0,0,0,0,1,0,1,0,0,0,0,0,1,0,1,0,0,1,0,0,1,1,0,0,1,2017,11,1
2017_12,1,1,1,1,0,0,0,0,0,0,0,2,0,1,0,0,0,0,1,2,0,1,0,1,1,1,0,2,2,0,0,2,2017,12,2
2017_13,1,1,0,1,1,0,0,0,0,0,0,2,0,1,0,0,0,0,1,2,0,2,0,0,1,1,0,2,2,0,0,2,2017,13,2
2017_14,2,0,1,0,0,0,1,0,0,0,0,2,0,1,0,0,0,0,1,2,0,1,0,1,1,1,0,2,2,0,0,2,2017,14,2
2017_15,1,0,0,1,0,0,0,0,0,0,0,1,0,0,0,0,0,0,1,1,0,0,0,1,0,1,0,1,1,0,0,1,2017,15,1
2017_16,1,2,1,2,0,0,0,0,0,0,0,3,0,0,0,0,0,0,3,2,1,1,0,2,2,1,0,3,3,0,0,3,2017,16,3
2017_17,2,4,2,0,1,0,1,0,2,1,0,5,0,2,1,1,0,0,2,6,0,3,0,3,1,5,0,6,6,0,0,6,2017,17,6
2017_18,5,9,1,4,0,0,4,1,4,0,0,14,0,5,1,1,0,0,7,14,0,4,0,10,11,3,0,14,14,0,0,14,2017,18,14
2017_19,1,3,0,1,0,0,0,0,3,0,0,4,0,0,1,1,0,0,2,4,0,1,0,3,2,2,0,4,4,0,0,4,2017,19,4
2017_20,9,3,2,5,1,0,3,0,1,0,0,12,0,3,0,1,0,0,8,12,0,0,1,11,11,1,0,12,12,0,0,12,2017,20,12
2017_21,1,5,1,0,0,0,1,0,4,0,0,6,0,3,0,1,0,0,2,5,1,0,0,6,3,3,0,6,6,0,0,6,2017,21,6
2017_22,3,2,0,2,1,0,1,0,1,0,0,5,0,4,0,0,0,0,1,3,2,2,0,3,3,2,0,5,5,0,0,5,2017,22,5
2017_23,1,4,0,0,1,0,2,1,1,0,0,5,0,4,0,1,0,0,0,5,0,3,0,2,3,2,0,5,5,0,0,5,2017,23,5
2017_24,1,2,1,1,0,0,0,0,1,0,0,3,0,2,0,0,0,0,1,3,0,3,0,0,0,3,0,3,3,0,0,3,2017,24,3
2017_25,2,2,1,1,1,0,0,0,1,0,0,4,0,1,0,1,0,0,2,4,0,2,0,2,1,3,0,4,4,0,0,4,2017,25,4
2017_26,2,4,2,2,1,0,0,0,1,0,0,6,0,0,0,0,0,0,6,6,0,4,0,2,0,6,0,6,6,0,0,6,2017,26,6
2017_27,4,6,4,2,1,0,2,1,0,0,0,10,0,4,1,0,0,2,3,9,1,8,1,1,1,9,0,10,10,0,0,10,2017,27,10
2017_28,4,3,3,3,0,0,0,0,1,0,0,7,0,6,1,0,0,0,0,7,0,3,0,4,4,3,0,7,7,0,0,7,2017,28,7
2017_29,3,4,3,2,1,0,1,0,0,0,0,7,0,3,0,0,0,0,4,7,0,3,0,4,1,6,0,7,7,0,0,7,2017,29,7
2017_30,1,3,3,1,0,0,0,0,0,0,0,4,0,4,0,0,0,0,0,4,0,2,0,2,1,3,0,4,4,0,0,4,2017,30,4
2017_31,9,3,4,5,0,0,3,0,0,0,0,12,0,7,0,1,0,0,4,11,1,6,0,6,5,7,0,12,12,0,0,12,2017,31,12
2017_32,10,4,4,7,0,0,0,0,3,0,0,14,0,8,0,0,0,0,6,14,0,2,0,12,7,7,0,14,14,0,0,14,2017,32,14
2017_33,5,6,5,3,1,0,1,0,1,0,0,11,0,6,0,1,0,0,4,11,0,4,0,7,7,4,0,11,11,0,0,11,2017,33,11
2017_34,6,5,6,0,1,0,2,0,2,0,0,11,0,6,1,0,0,0,4,9,2,6,1,4,3,8,0,11,11,0,0,11,2017,34,11
2017_35,3,3,3,2,0,0,0,0,1,0,0,6,0,4,0,0,0,0,2,5,1,2,0,4,2,4,0,6,6,0,0,6,2017,35,6
2017_36,8,12,6,9,0,0,3,0,2,0,0,20,0,12,0,1,0,1,6,19,1,9,0,11,7,13,0,20,20,0,0,20,2017,36,20
2017_37,7,12,7,7,0,0,4,0,1,0,0,19,0,14,0,0,0,0,5,19,0,9,0,10,6,13,0,19,19,0,0,19,2017,37,19
2017_38,9,11,14,2,1,0,2,0,1,0,0,20,0,9,1,0,0,0,10,18,2,13,0,7,5,15,0,20,20,0,0,20,2017,38,20
2017_39,10,11,10,4,1,0,3,0,3,0,0,21,0,11,0,0,0,0,10,19,2,10,0,11,5,16,0,21,21,0,0,21,2017,39,21
2017_40,6,5,4,5,1,0,1,0,0,0,0,11,0,7,0,0,0,0,4,11,0,5,0,6,2,9,0,11,11,0,0,11,2017,40,11
2017_41,14,9,10,9,0,0,1,0,3,0,0,23,0,5,0,2,1,1,14,22,1,8,0,15,5,18,0,23,23,0,0,23,2017,41,23
2017_42,8,17,9,7,0,0,6,0,3,0,0,25,0,12,0,1,0,1,11,25,0,16,0,9,7,18,0,25,25,0,0,25,2017,42,25
2017_43,19,13,14,11,1,0,5,0,1,1,0,31,0,21,0,1,0,1,9,31,1,16,0,16,9,23,0,32,32,0,0,32,2017,43,32
2017_44,13,16,13,9,0,2,4,0,1,0,0,29,0,18,0,0,0,0,11,27,2,17,0,12,9,20,0,29,29,0,0,29,2017,44,29
2017_45,12,14,9,6,2,0,6,0,3,0,0,26,0,14,0,0,0,0,12,25,1,15,0,11,15,11,0,26,26,0,0,26,2017,45,26
2017_46,18,26,19,18,0,0,6,0,1,0,0,43,1,24,2,0,0,0,18,42,2,25,0,19,18,26,1,43,43,1,0,44,2017,46,44
2017_47,10,16,12,7,0,0,4,0,3,1,0,25,0,15,0,1,1,0,9,25,1,15,0,11,8,18,0,26,26,0,0,26,2017,47,26
2017_48,20,16,13,12,2,1,3,0,5,1,0,35,0,23,0,0,1,1,11,36,0,19,1,16,8,28,0,36,36,0,0,36,2017,48,36
2017_49,11,20,10,9,0,0,9,0,3,1,0,30,0,11,0,0,0,0,20,30,1,19,0,12,7,24,0,31,31,0,0,31,2017,49,31
2017_50,27,24,21,18,1,0,6,0,5,2,0,49,0,33,1,0,0,3,14,50,1,28,0,23,19,32,0,51,51,0,0,51,2017,50,51
2017_51,25,22,18,12,0,0,9,0,8,1,0,46,0,18,0,1,0,1,27,45,2,25,0,22,10,37,0,47,47,0,0,47,2017,51,47
2017_52,14,24,19,12,1,0,3,0,3,1,0,37,0,20,0,1,1,0,16,36,2,24,0,14,10,28,0,38,38,0,0,38,2017,52,38
2018_1,24,22,23,17,0,0,6,0,0,1,0,45,0,27,0,0,1,1,17,44,2,31,0,15,22,24,0,46,45,1,0,46,2018,1,46
2018_2,26,38,32,20,1,0,8,0,3,0,0,63,1,35,1,1,2,2,23,63,1,26,0,38,33,31,0,64,64,0,0,64,2018,2,64
2018_3,18,19,16,7,0,0,8,0,6,0,0,36,1,21,0,2,0,0,14,37,0,14,0,23,14,23,0,37,36,0,1,37,2018,3,37
2018_4,13,14,12,8,0,0,5,0,2,1,0,26,0,15,0,0,0,3,9,26,1,16,0,11,10,17,0,27,27,0,0,27,2018,4,27
2018_5,11,10,9,7,1,0,1,0,3,0,0,21,0,15,0,0,0,0,6,21,0,12,0,9,10,11,0,21,21,0,0,21,2018,5,21
2018_6,12,11,10,6,0,0,7,0,0,1,0,22,0,15,0,1,0,0,7,23,0,12,0,11,11,12,0,23,23,0,0,23,2018,6,23
2018_7,14,7,7,9,0,0,2,0,3,0,0,20,1,13,0,0,0,1,7,21,0,9,0,12,11,10,0,21,21,0,0,21,2018,7,21
2018_8,5,9,4,3,1,0,4,0,2,0,0,14,0,8,0,0,0,0,6,14,0,8,1,5,4,10,0,14,14,0,0,14,2018,8,14
2018_9,6,11,12,3,1,0,1,0,0,1,0,16,0,4,1,0,0,0,12,16,1,5,1,11,3,14,0,17,17,0,0,17,2018,9,17
2018_10,6,8,6,4,1,1,1,0,1,0,0,14,0,9,0,0,0,1,4,14,0,5,0,9,4,10,0,14,14,0,0,14,2018,10,14
2018_11,3,10,5,7,0,0,1,0,0,0,0,13,0,9,0,0,0,0,4,13,0,8,0,5,6,7,0,13,13,0,0,13,2018,11,13
2018_12,4,8,5,3,0,0,2,2,0,0,0,12,0,4,2,0,0,0,6,12,0,5,0,7,5,7,0,12,12,0,0,12,2018,12,12
2018_13,4,3,4,1,0,0,1,1,0,0,0,7,0,5,1,0,0,0,1,7,0,1,0,6,3,4,0,7,7,0,0,7,2018,13,7
2018_14,3,3,1,4,0,0,1,0,0,0,0,6,0,4,0,1,0,0,1,6,0,2,0,4,2,4,0,6,6,0,0,6,2018,14,6
2018_15,5,3,2,2,0,0,2,0,2,0,0,8,0,3,0,2,0,0,3,8,0,4,0,4,3,5,0,8,8,0,0,8,2018,15,8
2018_16,3,7,4,3,0,0,2,0,1,0,0,10,0,8,0,0,0,1,1,10,0,6,0,4,5,5,0,10,10,0,0,10,2018,16,10
2018_17,2,7,0,3,1,0,2,0,3,0,0,9,0,7,0,0,0,0,2,9,0,3,0,6,7,2,0,9,9,0,0,9,2018,17,9
2018_18,2,5,4,3,0,0,0,0,0,0,0,7,0,3,0,0,0,0,4,7,0,2,0,5,2,5,0,7,7,0,0,7,2018,18,7
2018_19,3,2,1,2,0,0,1,0,1,0,0,5,0,4,0,0,0,1,0,5,0,2,0,3,3,2,0,5,5,0,0,5,2018,19,5
2018_20,3,7,3,4,1,0,2,0,0,0,0,10,0,7,0,0,0,0,3,10,0,5,1,4,3,7,0,10,10,0,0,10,2018,20,10
2018_21,3,3,4,2,0,0,0,0,0,0,0,6,0,3,0,1,0,0,2,6,0,1,0,5,4,2,0,6,6,0,0,6,2018,21,6
2018_22,14,10,8,7,1,0,3,0,5,0,0,24,0,17,0,2,0,0,5,24,0,7,1,16,14,10,0,24,24,0,0,24,2018,22,24
2018_23,11,10,9,4,0,0,3,0,5,0,0,21,0,11,1,1,1,1,6,21,0,13,0,8,7,14,0,21,21,0,0,21,2018,23,21
2018_24,8,12,5,9,1,0,4,1,0,0,0,20,0,13,0,0,0,1,6,20,0,11,0,9,6,14,0,20,20,0,0,20,2018,24,20
2018_25,15,13,11,11,2,0,1,0,3,1,0,27,0,18,0,0,0,0,10,28,0,16,0,12,12,16,0,28,28,0,0,28,2018,25,28
2018_26,14,13,12,8,0,0,3,0,4,0,0,27,0,15,1,1,0,0,10,26,1,11,1,15,8,19,0,27,27,0,0,27,2018,26,27
2018_27,23,16,19,6,0,0,13,0,1,0,0,39,0,13,1,1,0,1,23,38,1,15,0,24,10,29,0,39,39,0,0,39,2018,27,39
2018_28,24,26,19,18,3,0,7,1,2,1,0,49,0,27,0,2,0,1,20,48,2,24,0,26,19,31,0,50,50,0,0,50,2018,28,50
2018_29,22,17,12,10,1,0,11,0,5,0,0,39,0,23,0,2,0,1,13,38,1,26,0,13,11,28,0,39,39,0,0,39,2018,29,39
2018_30,18,16,17,6,0,0,9,0,2,1,0,33,0,24,0,0,0,0,10,33,1,24,0,10,12,22,0,34,34,0,0,34,2018,30,34
2018_31,25,16,16,9,0,0,12,1,3,0,0,41,0,25,1,0,0,0,15,40,1,22,0,19,14,27,0,41,41,0,0,41,2018,31,41
2018_32,23,22,18,9,0,0,12,0,6,0,0,45,0,25,0,2,1,0,17,45,0,29,0,16,17,28,0,45,45,0,0,45,2018,32,45
2018_33,21,14,25,5,0,0,4,0,1,0,0,35,0,25,0,0,0,0,10,35,0,19,0,16,13,22,0,35,35,0,0,35,2018,33,35
2018_34,17,18,12,13,0,0,4,0,6,0,0,35,0,17,0,1,0,0,17,34,1,18,0,17,16,19,1,34,35,0,0,35,2018,34,35
2018_35,7,14,13,4,0,0,3,0,1,0,0,21,0,12,1,0,0,0,8,21,0,8,0,13,6,15,0,21,21,0,0,21,2018,35,21
2018_36,15,13,7,10,1,0,4,1,5,0,0,28,0,16,0,0,0,1,11,28,0,11,1,16,14,14,0,28,28,0,0,28,2018,36,28
2018_37,20,17,14,15,0,0,6,0,2,0,0,37,0,20,0,0,1,0,16,36,1,16,0,21,15,22,0,37,37,0,0,37,2018,37,37
2018_38,11,13,8,13,0,0,1,0,2,0,0,24,0,14,0,0,1,0,9,23,1,10,2,12,8,16,0,24,24,0,0,24,2018,38,24
2018_39,18,14,15,5,2,0,6,0,4,0,0,32,0,16,0,2,1,3,10,32,0,10,0,22,13,19,0,32,32,0,0,32,2018,39,32
2018_40,19,14,13,10,0,0,7,0,3,0,0,33,0,20,2,0,0,0,11,33,0,19,0,14,6,27,0,33,33,0,0,33,2018,40,33
2018_41,14,18,16,6,2,0,5,0,3,0,0,32,0,18,1,1,0,1,11,31,1,13,0,19,10,22,0,32,32,0,0,32,2018,41,32
2018_42,20,23,25,7,0,0,4,0,7,1,0,42,0,25,1,0,0,1,16,42,1,24,0,19,14,29,0,43,43,0,0,43,2018,42,43
2018_43,20,19,15,12,1,0,7,0,4,0,0,38,1,24,0,1,1,0,13,38,1,24,0,15,11,28,0,39,39,0,0,39,2018,43,39
2018_44,10,32,21,7,3,0,11,0,0,0,0,41,1,18,0,0,0,1,23,41,1,18,0,24,8,34,0,42,42,0,0,42,2018,44,42
2018_45,23,25,26,10,1,0,5,3,3,1,0,47,0,31,0,0,0,0,17,47,1,28,0,20,14,34,0,48,48,0,0,48,2018,45,48
2018_46,28,39,28,17,1,0,15,0,6,0,0,67,0,45,0,0,0,1,21,67,0,37,0,30,21,46,0,67,67,0,0,67,2018,46,67
2018_47,39,44,38,21,0,0,15,0,9,0,0,82,1,44,0,1,0,1,37,81,2,39,1,43,28,55,0,83,83,0,0,83,2018,47,83
2018_48,29,36,31,15,1,0,13,0,5,0,1,64,0,35,0,0,2,2,26,64,1,22,1,42,17,48,0,65,65,0,0,65,2018,48,65
2018_49,36,55,32,29,3,0,17,1,9,4,0,87,0,51,1,0,0,1,38,91,0,34,0,57,31,60,0,91,91,0,0,91,2018,49,91
2018_50,44,37,37,16,2,0,16,1,9,2,0,79,0,44,1,2,1,0,33,79,2,30,0,51,20,61,1,80,81,0,0,81,2018,50,81
2018_51,28,28,22,17,2,1,10,1,3,0,1,55,0,24,0,2,0,3,27,56,0,21,0,35,12,44,0,56,56,0,0,56,2018,51,56
2018_52,12,30,23,9,1,0,5,0,4,0,0,42,0,19,0,0,0,2,21,42,0,13,0,29,11,31,0,42,42,0,0,42,2018,52,42
2019_1,21,29,30,11,0,0,9,0,0,0,0,50,0,21,0,1,0,0,28,50,0,21,0,29,6,44,0,50,50,0,0,50,2019,1,50
2019_2,15,20,15,11,0,0,7,0,2,0,0,35,0,28,0,0,0,0,7,35,0,13,0,22,12,23,0,35,34,1,0,35,2019,2,35
2019_3,27,26,23,10,0,0,13,0,7,0,0,53,0,29,0,0,0,3,21,52,1,18,0,35,15,38,0,53,52,1,0,53,2019,3,53
2019_4,26,23,22,9,3,0,12,0,3,0,0,49,0,21,0,3,0,1,24,49,0,19,0,30,7,42,0,49,49,0,0,49,2019,4,49
2019_5,15,16,15,7,0,0,6,0,3,0,1,30,0,9,0,1,0,0,21,30,1,11,0,20,8,23,0,31,31,0,0,31,2019,5,31
2019_6,13,12,18,3,0,0,4,0,0,0,0,25,0,13,0,2,0,1,9,25,0,12,0,13,7,18,0,25,25,0,0,25,2019,6,25
2019_7,9,17,9,5,0,0,8,0,4,0,0,26,0,13,0,0,1,0,12,26,0,11,0,15,6,20,0,26,26,0,0,26,2019,7,26
2019_8,7,6,5,4,1,0,1,0,2,0,0,13,0,9,0,0,0,0,4,13,0,3,0,10,4,9,0,13,13,0,0,13,2019,8,13
2019_9,12,2,5,4,0,0,1,2,2,0,0,14,0,4,0,0,0,1,9,13,1,3,0,11,3,11,0,14,14,0,0,14,2019,9,14
2019_10,6,5,4,5,0,0,1,0,1,0,0,11,0,7,0,0,0,0,4,11,0,3,0,8,2,9,0,11,11,0,0,11,2019,10,11
2019_11,6,5,2,5,0,0,1,0,3,0,0,11,0,7,0,0,0,0,4,10,1,4,0,7,1,10,0,11,11,0,0,11,2019,11,11
2019_12,8,2,2,6,0,0,0,0,2,0,0,10,0,5,0,0,0,0,5,10,0,3,0,7,0,10,0,10,9,1,0,10,2019,12,10
2019_13,3,4,1,2,1,0,1,0,2,1,0,6,0,5,0,0,0,0,2,6,1,3,0,4,2,5,0,7,7,0,0,7,2019,13,7
2019_14,4,8,4,5,0,0,2,0,1,0,0,12,0,6,0,0,1,0,5,12,0,3,0,9,3,9,0,12,12,0,0,12,2019,14,12
2019_15,2,4,2,1,1,0,1,0,1,0,0,6,0,3,0,1,0,0,2,6,0,4,0,2,2,4,0,6,6,0,0,6,2019,15,6
2019_16,0,2,1,1,0,0,0,0,0,0,0,2,0,2,0,0,0,0,0,2,0,1,0,1,0,2,0,2,2,0,0,2,2019,16,2
2019_17,2,7,4,3,0,0,1,0,1,0,0,9,0,3,0,0,0,0,6,8,1,3,0,6,3,6,0,9,9,0,0,9,2019,17,9
2019_18,4,4,5,1,0,0,1,0,1,0,0,8,0,6,0,0,0,0,2,8,0,4,0,4,5,3,0,8,8,0,0,8,2019,18,8
2019_19,3,2,0,3,0,0,0,1,1,0,0,5,0,4,0,0,0,1,0,5,0,2,0,3,2,3,0,5,5,0,0,5,2019,19,5
2019_20,3,2,2,1,1,0,0,0,1,0,0,5,0,4,0,0,0,0,1,5,0,2,0,3,1,4,0,5,5,0,0,5,2019,20,5
2019_21,2,6,3,4,0,0,1,0,0,0,0,8,0,3,0,0,0,0,5,8,0,5,0,3,4,4,0,8,8,0,0,8,2019,21,8
2019_22,3,7,2,2,1,0,3,0,2,0,0,10,0,8,0,1,0,0,1,10,0,2,0,8,6,4,0,10,10,0,0,10,2019,22,10
2019_23,4,4,3,2,0,0,1,0,2,1,0,7,0,4,0,0,0,0,4,8,0,2,0,6,4,4,0,8,8,0,0,8,2019,23,8
2019_24,7,8,5,4,0,0,6,0,0,0,0,15,0,10,0,0,0,0,5,14,1,1,0,14,9,6,1,14,15,0,0,15,2019,24,15
2019_25,2,3,0,0,0,1,0,0,4,0,0,5,0,2,0,0,0,0,3,4,1,2,0,3,0,5,0,5,5,0,0,5,2019,25,5
2019_26,3,11,3,4,0,0,5,0,2,0,0,14,0,9,0,0,0,2,3,14,0,1,0,13,6,8,0,14,14,0,0,14,2019,26,14
2019_27,9,15,11,6,0,0,4,0,3,0,0,24,0,14,0,0,0,0,10,24,0,14,0,10,13,11,0,24,23,1,0,24,2019,27,24
2019_28,15,5,6,5,2,0,6,0,1,0,0,20,0,9,0,1,0,1,9,19,1,6,1,13,3,17,0,20,19,1,0,20,2019,28,20
2019_29,8,6,7,1,0,0,2,0,4,0,0,14,0,10,0,0,0,0,4,14,0,5,0,9,2,12,0,14,14,0,0,14,2019,29,14
2019_30,4,6,2,6,0,0,2,0,0,0,0,10,0,8,0,0,0,0,2,10,0,2,0,8,3,7,0,10,10,0,0,10,2019,30,10
2019_31,7,9,5,5,0,0,6,0,0,0,0,16,0,8,0,1,1,0,6,16,0,5,0,11,3,13,0,16,16,0,0,16,2019,31,16
2019_32,9,9,9,2,2,0,4,1,0,0,0,18,0,10,0,0,1,0,7,17,1,9,0,9,6,12,0,18,18,0,0,18,2019,32,18
2019_33,4,9,3,5,0,0,4,0,1,0,0,13,0,11,0,0,0,0,2,13,0,6,0,7,4,9,0,13,13,0,0,13,2019,33,13
2019_34,4,6,4,2,0,0,3,1,0,0,0,10,0,4,0,0,0,0,6,10,0,6,0,4,5,5,0,10,10,0,0,10,2019,34,10
2019_35,5,5,5,1,0,0,2,0,2,0,0,10,0,8,0,0,0,0,2,10,0,5,0,5,4,6,0,10,10,0,0,10,2019,35,10
2019_36,7,8,6,6,1,0,1,0,1,0,0,15,0,10,0,2,0,0,3,13,2,9,0,6,5,10,0,15,15,0,0,15,2019,36,15
2019_37,12,9,6,7,1,0,4,0,3,0,0,21,0,17,0,0,0,1,3,21,0,8,0,13,10,11,0,21,21,0,0,21,2019,37,21
2019_38,11,11,8,9,1,0,4,0,0,0,0,22,0,9,0,1,0,0,12,22,0,10,0,12,11,11,0,22,22,0,0,22,2019,38,22
2019_39,7,12,10,2,1,0,5,0,1,0,0,19,0,13,0,0,0,0,6,19,0,7,0,12,11,8,0,19,19,0,0,19,2019,39,19
2019_40,15,10,5,13,0,0,4,0,3,0,0,25,0,16,0,1,0,0,8,25,0,7,0,18,16,9,0,25,25,0,0,25,2019,40,25
2019_41,17,18,11,10,0,0,12,0,2,0,0,35,0,18,0,1,0,0,16,35,0,7,1,27,15,20,0,35,34,1,0,35,2019,41,35
2019_42,15,27,19,9,1,0,10,0,3,1,0,41,0,22,0,2,0,0,18,41,1,18,0,24,19,23,0,42,42,0,0,42,2019,42,42
2019_43,30,27,18,17,0,0,10,0,12,0,0,57,0,32,0,3,1,1,20,56,1,18,0,39,25,32,0,57,57,0,0,57,2019,43,57
2019_44,47,53,39,30,0,2,21,1,7,0,0,100,0,63,0,0,2,1,34,98,2,47,0,53,33,67,0,100,100,0,0,100,2019,44,100
2019_45,50,48,47,15,2,1,26,0,7,0,0,98,0,60,0,0,0,1,37,97,1,34,0,64,31,67,0,98,97,1,0,98,2019,45,98
2019_46,43,55,49,25,1,0,13,0,10,0,0,98,0,54,0,5,0,1,38,97,1,47,0,51,31,67,0,98,97,1,0,98,2019,46,98
2019_47,60,67,56,28,2,1,28,0,12,0,0,127,0,62,0,2,1,1,61,127,0,55,0,72,38,89,0,127,127,0,0,127,2019,47,127
2019_48,56,48,44,21,0,0,29,0,10,0,0,102,2,59,0,1,0,0,44,103,1,40,0,64,39,65,0,104,103,1,0,104,2019,48,104
2019_49,63,82,63,39,3,0,28,1,11,0,0,145,0,68,1,2,1,1,72,144,1,47,0,98,30,115,0,145,144,1,0,145,2019,49,145
2019_50,90,74,79,44,0,0,31,0,10,0,0,163,1,89,0,2,0,0,73,163,1,67,0,97,45,119,0,164,164,0,0,164,2019,50,164
2019_51,59,64,61,24,3,0,28,0,7,0,0,123,0,56,0,3,0,3,61,121,2,43,0,80,47,76,0,123,123,0,0,123,2019,51,123
2019_52,63,65,69,22,0,0,26,0,11,0,0,128,0,57,0,1,1,1,68,125,3,57,0,71,36,92,0,128,128,0,0,128,2019,52,128
2020_1,52,67,71,22,0,0,18,0,8,0,0,119,0,71,0,3,1,6,38,119,0,41,1,77,34,85,0,119,119,0,0,119,2020,1,119
2020_2,57,89,72,27,3,0,31,0,13,1,0,145,0,89,0,7,1,1,48,144,2,61,0,85,51,95,0,146,146,0,0,146,2020,2,146
2020_3,44,61,49,23,2,0,16,0,15,0,1,104,0,63,0,3,3,1,35,103,2,38,0,67,36,69,0,105,105,0,0,105,2020,3,105
2020_4,42,53,45,19,0,0,17,4,10,0,2,93,0,62,0,0,1,2,30,94,1,31,0,64,35,60,0,95,95,0,0,95,2020,4,95
2020_5,32,36,32,9,3,0,18,0,6,0,0,67,1,44,0,1,0,2,21,66,2,24,0,44,27,41,0,68,68,0,0,68,2020,5,68
2020_6,34,27,24,14,1,0,17,0,5,0,0,61,0,33,0,2,0,2,24,59,2,18,0,43,23,38,0,61,61,0,0,61,2020,6,61
2020_7,20,34,20,11,1,0,13,1,8,0,0,54,0,29,0,4,2,3,16,53,1,10,0,44,22,32,0,54,54,0,0,54,2020,7,54
2020_8,15,10,12,6,0,0,5,0,2,0,0,25,0,11,0,5,2,0,7,25,0,8,0,17,9,16,0,25,25,0,0,25,2020,8,25
2020_9,6,19,10,7,2,0,2,0,4,1,0,24,0,15,0,2,0,0,8,25,0,11,0,14,10,15,0,25,25,0,0,25,2020,9,25
2020_10,8,9,7,5,3,0,0,0,2,0,0,17,0,12,0,0,1,1,3,17,0,3,0,14,8,9,0,17,17,0,0,17,2020,10,17
2020_11,4,5,2,3,1,0,2,0,1,0,0,9,0,8,0,0,0,0,1,8,1,3,0,6,5,4,0,9,9,0,0,9,2020,11,9
2020_12,6,4,3,6,0,0,0,0,1,0,0,10,0,7,0,0,1,0,2,10,0,3,0,7,5,5,0,10,10,0,0,10,2020,12,10
2020_13,4,2,0,2,2,0,2,0,0,0,0,6,0,6,0,0,0,0,0,6,0,0,0,6,4,2,0,6,6,0,0,6,2020,13,6
2020_14,1,3,0,1,0,0,2,0,1,0,0,4,0,4,0,0,0,0,0,4,0,2,0,2,1,3,0,4,4,0,0,4,2020,14,4
2020_15,3,4,4,1,0,0,1,0,1,0,0,7,0,4,0,1,0,0,2,7,0,1,1,5,3,4,0,7,7,0,0,7,2020,15,7
2020_16,3,4,2,1,0,0,2,0,2,0,0,7,0,6,0,0,0,0,1,7,0,2,0,5,6,1,0,7,7,0,0,7,2020,16,7
2020_17,2,4,4,2,0,0,0,0,0,0,0,6,0,4,0,2,0,0,0,6,0,0,1,5,4,2,0,6,6,0,0,6,2020,17,6
2020_18,3,3,4,1,0,0,0,0,1,0,0,6,0,3,0,2,0,0,1,6,0,2,0,4,3,3,0,6,6,0,0,6,2020,18,6
2020_19,3,7,5,3,1,0,1,0,0,0,0,10,0,6,0,1,0,1,2,10,0,1,0,9,7,3,0,10,10,0,0,10,2020,19,10
2020_20,2,3,0,0,1,0,3,0,1,1,0,4,0,3,0,0,1,0,1,5,0,1,0,4,2,3,0,5,5,0,0,5,2020,20,5
2020_21,1,1,0,0,0,0,0,0,2,0,0,2,0,1,0,1,0,0,0,2,0,0,0,2,0,2,0,2,2,0,0,2,2020,21,2
2020_22,2,3,0,3,1,0,0,0,1,0,0,5,0,3,0,2,0,0,0,5,0,1,0,4,2,3,0,5,5,0,0,5,2020,22,5
2020_23,3,3,0,3,1,1,1,0,0,2,0,4,0,1,0,0,0,3,2,5,1,3,0,3,4,2,0,6,6,0,0,6,2020,23,6
2020_24,0,2,0,1,1,0,0,0,0,0,0,2,0,1,0,0,0,1,0,2,0,2,0,0,2,0,0,2,2,0,0,2,2020,24,2
2020_25,2,0,0,1,0,0,0,0,1,0,0,2,0,1,0,0,0,0,1,2,0,0,0,2,1,1,0,2,2,0,0,2,2020,25,2
2020_26,1,3,1,1,2,0,0,0,0,2,0,2,0,4,0,0,0,0,0,4,0,2,0,2,3,1,0,4,4,0,0,4,2020,26,4
2020_27,2,0,0,2,0,0,0,0,0,0,0,2,0,2,0,0,0,0,0,2,0,1,0,1,0,2,0,2,2,0,0,2,2020,27,2
2020_28,0,1,0,1,0,0,0,0,0,0,0,1,0,1,0,0,0,0,0,1,0,1,0,0,1,0,0,1,1,0,0,1,2020,28,1
2020_29,0,1,0,1,0,0,0,0,0,0,0,1,0,0,0,0,0,0,1,1,0,0,0,1,0,1,0,1,1,0,0,1,2020,29,1
2020_30,0,2,0,1,0,0,0,0,1,1,0,1,0,1,0,0,0,0,1,2,0,1,0,1,1,1,0,2,2,0,0,2,2020,30,2
2020_31,0,1,1,0,0,0,0,0,0,0,0,1,0,1,0,0,0,0,0,1,0,0,0,1,1,0,0,1,1,0,0,1,2020,31,1
2020_32,1,5,1,2,1,0,1,0,1,1,0,5,0,3,0,2,0,0,1,6,0,3,0,3,5,1,0,6,6,0,0,6,2020,32,6
2020_33,1,2,2,1,0,0,0,0,0,0,0,3,0,1,0,0,0,0,2,3,0,0,0,3,0,3,0,3,3,0,0,3,2020,33,3
2020_34,8,7,4,5,1,0,2,1,2,1,0,14,0,12,0,0,0,0,3,15,0,6,0,9,6,9,0,15,15,0,0,15,2020,34,15
2020_35,1,4,1,2,0,0,0,0,2,0,0,5,0,3,0,1,0,0,1,5,0,1,0,4,2,3,0,5,5,0,0,5,2020,35,5
2020_36,1,3,1,0,0,0,1,0,2,0,0,4,0,4,0,0,0,0,0,4,0,0,0,4,1,3,0,4,4,0,0,4,2020,36,4
2020_37,1,4,2,2,0,0,1,0,0,2,0,3,0,3,0,0,0,0,2,4,1,3,0,2,3,2,0,5,5,0,0,5,2020,37,5
2020_38,3,4,1,1,1,0,2,0,2,2,0,5,0,3,0,0,0,0,4,7,0,3,0,4,2,5,0,7,7,0,0,7,2020,38,7
2020_39,3,8,4,3,0,0,4,0,0,0,0,11,0,5,0,0,0,0,6,11,0,0,0,11,3,8,0,11,11,0,0,11,2020,39,11
2020_40,13,5,9,5,0,0,2,0,2,3,0,15,0,9,0,0,0,1,8,18,0,5,0,13,6,12,0,18,18,0,0,18,2020,40,18
2020_41,5,6,4,3,0,0,1,0,3,2,0,9,0,7,0,0,1,1,2,11,0,5,0,6,5,6,0,11,11,0,0,11,2020,41,11
2020_42,11,11,7,7,1,0,6,0,1,1,0,21,0,12,0,0,0,1,9,22,0,1,0,21,7,15,0,22,22,0,0,22,2020,42,22
2020_43,12,8,10,4,1,0,3,1,1,0,0,20,0,8,0,0,0,0,12,19,1,4,0,16,7,13,0,20,20,0,0,20,2020,43,20
2020_44,6,11,6,5,1,0,2,1,2,2,0,15,0,8,0,1,1,1,6,16,1,5,0,12,6,11,0,17,17,0,0,17,2020,44,17
2020_45,10,13,10,8,1,0,3,0,1,3,0,20,0,13,0,0,1,3,6,23,0,10,0,13,8,15,0,23,23,0,0,23,2020,45,23
2020_46,14,16,13,7,0,0,7,0,3,1,0,29,0,9,0,0,0,1,20,30,0,7,0,23,7,23,0,30,30,0,0,30,2020,46,30
2020_47,11,13,11,6,0,0,3,0,4,0,0,24,0,9,0,2,0,2,11,23,1,1,0,23,4,20,0,24,24,0,0,24,2020,47,24
2020_48,18,14,13,9,0,0,5,1,4,6,0,26,0,20,0,0,0,0,12,31,1,11,0,21,12,20,0,32,32,0,0,32,2020,48,32
2020_49,26,28,28,14,0,1,6,1,4,3,1,50,0,23,0,2,1,1,27,53,1,12,1,41,13,41,0,54,54,0,0,54,2020,49,54
2020_50,24,25,23,13,1,0,10,0,2,2,0,47,0,23,0,0,0,3,23,49,0,5,1,43,17,32,0,49,49,0,0,49,2020,50,49
2020_51,30,25,21,5,2,0,22,0,5,4,0,51,0,26,0,1,0,1,27,55,0,8,2,45,18,37,0,55,55,0,0,55,2020,51,55
2020_52,35,32,31,16,4,0,11,0,5,2,0,65,0,26,0,4,1,4,32,64,3,16,0,51,16,51,0,67,67,0,0,67,2020,52,67
2020_53,31,39,31,12,2,0,18,0,7,6,0,64,0,32,0,4,0,3,31,70,0,17,0,53,27,43,0,70,70,0,0,70,2020,53,70
2021_1,35,24,28,8,2,0,17,0,4,2,0,57,0,22,0,2,0,3,32,59,0,9,1,49,18,41,0,59,59,0,0,59,2021,1,59
2021_2,19,23,16,9,0,0,11,0,6,1,0,41,0,22,0,2,0,1,17,42,0,6,0,36,17,25,0,42,42,0,0,42,2021,2,42
2021_3,11,15,17,5,0,0,3,0,1,0,0,26,0,10,0,2,0,0,14,25,1,3,0,23,8,18,0,26,26,0,0,26,2021,3,26
2021_4,11,17,17,2,0,0,4,0,5,0,0,28,0,12,0,1,0,3,12,27,1,6,0,22,6,22,0,28,28,0,0,28,2021,4,28
2021_5,14,20,19,4,0,0,5,1,5,0,0,34,0,22,0,1,0,0,11,32,2,8,0,26,7,27,0,34,34,0,0,34,2021,5,34
2021_6,8,9,7,6,0,0,4,0,0,2,0,15,0,11,0,0,0,0,6,15,2,5,0,12,6,11,0,17,17,0,0,17,2021,6,17
2021_7,9,15,14,5,1,0,2,0,2,1,0,23,0,9,0,2,0,0,13,24,0,9,0,15,6,18,0,24,24,0,0,24,2021,7,24
2021_8,6,8,7,3,0,0,2,0,2,0,0,14,0,7,0,0,0,0,7,14,0,2,0,12,6,8,0,14,14,0,0,14,2021,8,14
2021_9,5,8,6,3,1,0,1,0,2,0,0,13,0,6,0,0,2,0,5,12,1,2,1,10,2,11,0,13,13,0,0,13,2021,9,13
2021_10,5,6,5,0,1,0,1,0,4,0,0,11,0,6,0,0,0,0,5,11,0,2,0,9,5,6,0,11,11,0,0,11,2021,10,11
2021_11,6,7,3,4,1,0,3,0,2,0,0,13,0,8,0,2,0,0,3,13,0,2,0,11,4,9,0,13,13,0,0,13,2021,11,13
2021_12,2,6,2,2,1,0,1,0,2,0,0,8,0,6,0,1,0,0,1,7,1,2,0,6,4,4,0,8,8,0,0,8,2021,12,8
2021_13,6,4,1,3,0,0,4,0,2,0,0,10,0,7,0,1,0,0,2,9,1,3,0,7,6,4,0,10,9,1,0,10,2021,13,10
2021_14,6,3,5,0,0,0,2,0,2,2,0,7,0,5,0,0,1,2,1,8,1,6,0,3,4,5,0,9,9,0,0,9,2021,14,9
2021_15,3,4,1,1,1,0,3,0,1,0,0,7,0,6,0,0,0,0,1,7,0,2,0,5,3,4,0,7,7,0,0,7,2021,15,7
2021_16,2,3,0,3,1,0,0,0,1,0,0,5,0,4,0,0,0,1,0,5,0,2,0,3,1,4,0,5,5,0,0,5,2021,16,5
2021_17,3,1,0,2,1,0,1,0,0,0,0,4,0,3,0,0,0,0,1,4,0,0,0,4,1,3,0,4,4,0,0,4,2021,17,4
2021_18,0,2,1,0,0,0,0,0,1,0,0,2,0,2,0,0,0,0,0,2,0,1,0,1,0,2,0,2,2,0,0,2,2021,18,2
2021_19,2,3,0,2,1,0,1,0,1,0,0,5,0,2,0,0,0,0,3,5,0,2,0,3,2,3,0,5,5,0,0,5,2021,19,5
2021_20,5,2,2,1,0,0,2,0,2,0,0,7,0,2,0,0,0,0,5,7,0,1,0,6,1,6,0,7,7,0,0,7,2021,20,7
2021_21,1,2,1,1,1,0,0,0,0,0,0,3,0,3,0,0,0,0,0,3,0,1,0,2,1,2,0,3,3,0,0,3,2021,21,3
2021_22,1,5,1,2,0,0,0,0,3,0,0,6,0,5,0,0,0,0,1,6,0,0,0,6,3,3,0,6,6,0,0,6,2021,22,6
2021_23,1,2,2,0,1,0,0,0,0,0,0,3,0,2,0,0,0,0,1,3,0,0,0,3,1,2,0,3,3,0,0,3,2021,23,3
2021_24,1,1,0,0,0,0,0,1,1,0,0,2,0,1,0,0,0,1,0,2,0,2,0,0,1,1,0,2,2,0,0,2,2021,24,2
2021_25,3,5,3,0,0,0,3,0,2,1,0,7,0,7,0,0,0,0,1,8,0,3,0,5,4,4,0,8,8,0,0,8,2021,25,8
2021_26,8,3,5,4,0,0,1,0,1,0,0,11,0,4,0,0,0,2,5,11,0,1,0,10,5,6,0,11,11,0,0,11,2021,26,11
2021_27,9,7,8,2,0,0,3,0,3,0,1,15,0,8,0,0,0,1,7,16,0,1,0,15,7,9,0,16,16,0,0,16,2021,27,16
2021_28,4,11,9,2,0,0,2,0,2,0,0,15,0,10,0,1,0,0,4,15,0,4,0,11,10,5,0,15,15,0,0,15,2021,28,15
2021_29,6,11,7,7,0,0,0,0,3,0,0,17,0,8,0,1,0,0,8,16,1,4,0,13,6,11,0,17,17,0,0,17,2021,29,17
2021_30,8,16,11,8,0,0,3,0,2,1,0,23,0,12,0,0,0,1,11,23,1,4,0,20,8,16,0,24,24,0,0,24,2021,30,24
2021_31,13,12,10,8,1,0,5,0,1,1,0,24,0,16,0,2,0,1,6,25,0,6,0,19,12,13,0,25,25,0,0,25,2021,31,25
2021_32,9,12,13,3,2,0,2,0,1,0,0,21,0,10,0,0,0,0,11,20,1,5,0,16,4,17,0,21,21,0,0,21,2021,32,21
2021_33,12,17,15,6,0,0,5,1,2,0,0,29,0,18,0,1,0,1,9,28,1,8,0,21,12,17,0,29,29,0,0,29,2021,33,29
2021_34,17,13,12,4,2,0,7,1,4,0,0,30,0,14,0,1,0,1,14,28,2,5,0,25,7,23,0,30,30,0,0,30,2021,34,30
2021_35,25,26,28,11,0,1,10,0,1,0,0,51,0,25,0,3,0,2,21,50,1,12,0,39,18,33,0,51,51,0,0,51,2021,35,51
2021_36,32,38,40,14,1,0,10,0,5,0,1,69,0,37,0,1,1,3,28,67,3,11,0,59,26,44,0,70,70,0,0,70,2021,36,70
2021_37,43,39,36,20,1,0,18,1,6,0,2,80,0,36,0,5,2,0,39,82,0,22,0,60,33,49,0,82,82,0,0,82,2021,37,82
2021_38,51,55,47,31,1,0,17,0,10,0,2,104,0,53,0,3,3,2,45,101,5,21,1,84,29,77,0,106,106,0,0,106,2021,38,106
2021_39,77,71,73,37,0,0,31,1,6,0,0,148,0,67,0,4,2,3,72,145,3,23,0,125,47,101,0,148,148,0,0,148,2021,39,148
2021_40,73,78,78,26,2,0,35,0,10,0,0,151,0,66,0,5,3,2,75,150,1,32,0,119,52,99,0,151,151,0,0,151,2021,40,151
2021_41,81,99,90,39,4,0,35,0,12,1,2,177,0,87,0,5,1,0,87,177,3,27,0,153,68,112,0,180,180,0,0,180,2021,41,180
2021_42,70,73,68,31,1,1,29,0,13,0,1,142,0,61,0,7,0,4,71,139,4,18,0,125,51,92,0,143,143,0,0,143,2021,42,143
2021_43,94,85,94,48,1,0,27,2,7,1,0,177,1,79,0,6,0,5,89,175,4,38,0,141,77,102,0,179,179,0,0,179,2021,43,179
2021_44,116,138,124,66,3,0,47,3,11,1,0,253,0,110,0,15,0,7,122,244,10,58,0,196,99,155,0,254,254,0,0,254,2021,44,254
2021_45,186,203,196,76,2,0,89,0,26,0,0,389,0,159,0,15,2,12,201,379,10,77,1,311,152,237,2,387,389,0,0,389,2021,45,389
2021_46,218,248,248,96,7,0,77,2,36,1,0,463,2,196,0,18,4,13,235,449,17,91,2,373,190,276,1,465,466,0,0,466,2021,46,466
2021_47,220,197,199,114,7,0,72,2,23,1,0,415,1,173,0,17,4,12,211,411,6,91,0,326,193,224,0,417,416,1,0,417,2021,47,417
2021_48,166,186,176,89,5,2,61,2,17,0,0,352,0,159,0,13,5,9,166,346,6,95,2,255,168,184,0,352,352,0,0,352,2021,48,352
2021_49,170,182,160,86,8,2,71,1,24,1,0,351,0,171,0,20,3,9,149,345,7,100,5,247,175,177,0,352,351,1,0,352,2021,49,352
2021_50,119,146,112,59,4,1,63,0,26,0,3,262,0,133,0,10,2,6,114,261,4,55,1,209,145,120,0,265,265,0,0,265,2021,50,265
2021_51,135,138,127,69,5,0,55,0,17,1,0,272,0,131,1,12,1,4,124,269,4,70,0,203,147,126,0,273,273,0,0,273,2021,51,273
2021_52,121,132,112,54,7,1,58,0,21,0,1,250,2,131,0,6,0,5,111,241,12,62,1,190,127,126,0,253,253,0,0,253,2021,52,253
2022_1,81,105,85,43,5,2,39,1,11,0,0,184,2,99,0,9,0,4,74,184,2,63,0,123,71,115,0,186,186,0,0,186,2022,1,186
2022_2,54,73,61,35,1,0,17,0,13,1,0,126,0,58,0,9,1,4,55,123,4,39,0,88,65,62,0,127,127,0,0,127,2022,2,127
2022_3,48,69,51,23,3,0,29,0,11,0,0,117,0,49,0,4,1,1,62,114,3,29,0,88,54,63,0,117,117,0,0,117,2022,3,117
2022_4,46,63,48,20,1,0,27,0,13,0,0,108,1,55,0,4,0,5,45,103,6,24,0,85,52,57,0,109,109,0,0,109,2022,4,109
2022_5,56,52,52,25,1,0,23,0,7,0,0,108,0,58,0,6,2,1,41,108,0,36,0,72,49,59,0,108,108,0,0,108,2022,5,108
2022_6,49,56,56,18,2,0,17,0,12,0,0,105,0,60,0,6,0,4,35,105,0,37,0,68,42,63,0,105,105,0,0,105,2022,6,105
2022_7,27,43,35,16,1,0,15,0,3,0,0,69,1,38,0,1,0,1,30,62,8,15,0,55,28,42,0,70,70,0,0,70,2022,7,70
2022_8,28,22,22,12,1,0,9,2,4,0,0,50,0,26,0,3,0,0,21,49,1,10,0,40,13,37,0,50,50,0,0,50,2022,8,50
2022_9,39,21,24,17,0,0,15,0,4,0,0,60,0,24,0,3,0,3,30,60,0,15,0,45,22,38,0,60,60,0,0,60,2022,9,60
2022_10,19,25,16,6,4,0,9,0,9,0,0,44,0,20,0,1,1,0,22,43,1,12,0,32,17,27,0,44,44,0,0,44,2022,10,44
2022_11,12,21,19,6,1,0,5,0,2,0,0,33,0,15,0,3,0,2,13,31,2,9,0,24,12,21,0,33,33,0,0,33,2022,11,33
2022_12,10,14,15,5,1,0,3,0,0,0,0,24,0,13,0,1,0,0,10,24,0,10,0,14,6,18,0,24,24,0,0,24,2022,12,24
2022_13,12,15,12,6,2,0,4,0,3,0,0,27,0,14,0,0,0,0,13,27,0,12,0,15,8,19,0,27,27,0,0,27,2022,13,27
2022_14,8,17,10,10,0,0,2,0,3,0,0,25,0,13,0,0,1,1,10,25,0,9,0,16,10,15,0,25,25,0,0,25,2022,14,25
2022_15,7,7,5,4,0,0,1,0,4,0,0,14,0,6,0,0,0,0,8,13,1,6,0,8,3,11,0,14,14,0,0,14,2022,15,14
2022_16,10,10,10,6,0,0,3,0,1,0,0,20,0,10,0,2,1,1,6,19,1,8,0,12,11,9,0,20,20,0,0,20,2022,16,20
2022_17,4,5,3,3,0,0,1,0,2,0,0,9,0,3,0,2,0,0,4,9,0,6,0,3,3,6,0,9,9,0,0,9,2022,17,9
2022_18,2,13,12,2,0,0,0,0,1,0,0,15,0,8,0,1,0,0,6,15,0,7,0,8,7,8,0,15,15,0,0,15,2022,18,15
2022_19,10,10,7,4,1,0,6,1,1,0,0,19,1,13,0,1,0,0,6,20,0,8,1,11,10,10,0,20,20,0,0,20,2022,19,20
2022_20,8,9,5,4,0,0,2,0,6,0,0,17,0,8,0,1,0,0,8,17,0,3,0,14,7,10,0,17,17,0,0,17,2022,20,17
2022_21,12,8,6,7,1,0,2,0,4,0,0,20,0,11,0,1,0,2,6,20,0,9,0,11,10,10,0,20,20,0,0,20,2022,21,20
2022_22,9,13,12,6,1,0,1,0,2,0,0,22,0,14,0,0,0,0,8,22,0,9,0,13,6,16,0,22,22,0,0,22,2022,22,22
2022_23,11,12,12,3,1,0,3,1,3,1,0,22,0,7,0,2,0,1,13,21,2,3,0,20,9,14,0,23,23,0,0,23,2022,23,23
2022_24,14,13,8,10,2,1,4,0,2,0,0,27,0,22,0,0,0,0,5,25,2,10,0,17,17,10,0,27,27,0,0,27,2022,24,27
2022_25,20,14,16,11,0,0,4,0,3,0,0,34,0,20,0,0,0,0,14,32,2,9,0,25,18,16,0,34,34,0,0,34,2022,25,34
2022_26,17,15,12,13,0,0,5,0,2,0,0,32,0,16,0,4,0,0,12,31,1,14,0,18,11,21,0,32,32,0,0,32,2022,26,32
2022_27,31,13,26,7,2,0,3,0,6,1,0,43,0,22,0,1,0,2,19,43,1,20,0,24,13,31,0,44,44,0,0,44,2022,27,44
2022_28,35,33,29,17,3,0,14,0,5,1,0,67,0,30,0,4,0,2,32,65,3,21,0,47,30,38,0,68,68,0,0,68,2022,28,68
2022_29,49,50,53,27,0,0,13,0,6,0,0,99,0,48,0,3,1,2,45,96,3,29,0,70,40,59,0,99,99,0,0,99,2022,29,99
2022_30,43,48,46,25,4,0,10,0,6,1,0,90,0,44,0,5,1,2,39,88,3,34,0,57,38,53,0,91,91,0,0,91,2022,30,91
2022_31,52,61,45,31,3,0,27,0,7,0,0,113,0,58,0,5,1,2,47,110,3,38,0,75,49,64,0,113,113,0,0,113,2022,31,113
2022_32,34,54,45,23,0,0,12,0,8,0,0,88,0,38,0,1,2,3,44,87,1,28,0,60,34,54,0,88,87,1,0,88,2022,32,88
2022_33,52,65,58,34,1,0,18,0,6,0,0,117,0,51,0,5,1,3,57,111,6,35,0,82,62,55,0,117,117,0,0,117,2022,33,117
2022_34,63,50,47,32,2,0,25,0,7,0,0,112,1,63,0,5,0,1,44,111,2,43,0,70,69,44,0,113,113,0,0,113,2022,34,113
2022_35,54,65,73,16,0,0,20,0,10,0,0,119,0,53,0,3,3,1,59,117,2,51,0,68,62,57,0,119,119,0,0,119,2022,35,119
2022_36,53,55,52,23,3,0,23,0,7,0,0,108,0,42,0,5,2,0,59,104,4,35,0,73,58,50,0,108,108,0,0,108,2022,36,108
2022_37,71,68,68,30,3,0,29,0,9,0,0,139,0,60,0,7,0,2,70,137,2,46,0,93,76,63,0,139,139,0,0,139,2022,37,139
2022_38,65,95,83,36,4,0,25,0,12,0,0,160,0,68,0,11,1,2,78,156,4,54,0,106,79,81,0,160,160,0,0,160,2022,38,160
2022_39,62,69,59,38,3,0,23,0,8,0,0,131,0,56,0,1,1,5,68,129,2,42,0,89,64,67,0,131,130,1,0,131,2022,39,131
2022_40,72,72,82,26,1,0,27,1,7,0,0,144,0,53,0,8,2,1,80,141,3,49,1,94,65,79,0,144,144,0,0,144,2022,40,144
2022_41,86,79,87,37,3,0,25,1,12,0,0,165,0,64,0,7,1,4,89,164,1,60,0,105,87,78,0,165,165,0,0,165,2022,41,165
2022_42,104,143,113,65,1,1,54,2,11,2,0,245,0,105,0,15,1,2,124,246,1,89,0,158,137,110,0,247,247,0,0,247,2022,42,247
2022_43,95,90,84,31,2,0,52,1,15,0,0,185,0,69,0,9,2,3,102,180,5,64,0,121,107,78,0,185,185,0,0,185,2022,43,185
2022_44,109,115,106,42,4,0,47,0,25,0,0,224,0,101,0,9,1,4,109,217,7,83,0,141,116,108,0,224,224,0,0,224,2022,44,224
2022_45,124,131,132,54,2,0,50,1,16,1,0,252,2,107,0,6,0,7,135,249,6,89,1,165,126,129,0,255,254,1,0,255,2022,45,255
2022_46,146,168,140,76,6,0,68,0,24,0,1,313,0,122,0,9,1,4,178,309,5,100,1,213,170,144,0,314,314,0,0,314,2022,46,314
2022_47,144,144,133,75,3,0,55,1,21,0,0,288,0,113,0,6,2,5,162,284,4,84,0,204,160,128,0,288,288,0,0,288,2022,47,288
2022_48,162,183,159,74,4,0,76,1,31,0,0,345,0,122,0,9,1,8,205,338,7,114,0,231,190,155,0,345,345,0,0,345,2022,48,345
2022_49,145,196,148,90,5,0,72,1,25,0,0,339,2,156,0,11,1,8,165,339,2,131,0,210,180,161,0,341,341,0,0,341,2022,49,341
2022_50,159,192,157,97,5,0,69,1,22,1,1,349,0,133,0,9,3,3,203,342,9,119,1,231,175,176,0,351,351,0,0,351,2022,50,351
2022_51,138,190,154,75,8,0,64,0,27,4,0,324,0,120,0,11,1,4,192,322,6,102,1,225,169,159,0,328,328,0,0,328,2022,51,328
2022_52,143,166,151,75,6,0,58,0,19,2,0,306,1,130,0,10,2,8,159,307,2,104,3,202,161,148,0,309,309,0,0,309,2022,52,309
2023_1,12,13,11,6,0,0,7,0,1,0,0,25,0,11,0,6,0,0,8,25,0,11,0,14,13,12,0,25,25,0,0,25,2023,1,25
2023_2,13,15,10,10,1,0,4,0,3,0,0,28,0,13,0,8,0,0,7,28,0,11,0,17,12,16,0,28,27,0,1,28,2023,2,28
2023_3,12,18,8,14,0,0,4,0,4,0,0,30,0,14,0,10,0,0,6,30,0,10,0,20,18,12,0,30,30,0,0,30,2023,3,30
2023_4,8,12,3,6,0,0,4,0,7,0,0,20,0,9,0,7,0,0,4,20,0,7,0,13,11,9,0,20,20,0,0,20,2023,4,20
2023_5,8,12,5,6,1,0,5,0,3,0,0,20,0,8,0,6,0,0,6,20,0,6,0,14,10,10,0,20,20,0,0,20,2023,5,20
2023_6,11,12,8,10,1,0,1,0,3,0,0,23,0,9,0,9,0,0,5,23,0,11,0,12,18,5,0,23,23,0,0,23,2023,6,23
2023_7,9,5,8,1,1,0,3,0,1,0,0,14,0,6,0,5,0,0,3,14,0,3,0,11,9,5,0,14,14,0,0,14,2023,7,14
2023_8,8,8,10,4,0,0,1,0,1,0,0,16,0,7,0,7,0,0,2,16,0,2,0,14,15,1,0,16,16,0,0,16,2023,8,16
2023_9,10,17,9,6,0,0,6,0,6,0,0,27,0,16,0,9,0,0,2,27,0,6,0,21,19,8,0,27,27,0,0,27,2023,9,27
2023_10,5,14,9,2,0,0,6,0,2,0,0,19,0,9,0,8,0,0,2,19,0,3,0,16,14,5,0,19,19,0,0,19,2023,10,19
2023_11,6,10,8,2,1,0,4,0,1,1,0,15,0,7,0,7,0,0,2,16,0,1,0,15,13,3,0,16,16,0,0,16,2023,11,16
2023_12,4,5,1,2,0,0,3,0,3,0,0,8,1,4,0,3,0,0,2,9,0,2,0,7,6,3,0,9,9,0,0,9,2023,12,9
2023_13,3,5,2,3,1,0,2,0,0,0,0,8,0,4,0,2,0,0,2,8,0,1,0,7,7,1,0,8,8,0,0,8,2023,13,8
2023_14,3,6,1,2,0,0,2,0,4,0,0,9,0,7,0,0,0,0,2,9,0,4,0,5,3,6,0,9,9,0,0,9,2023,14,9
2023_15,6,4,3,1,0,0,1,0,5,0,0,10,0,8,0,0,0,0,2,10,0,1,0,9,4,6,0,10,10,0,0,10,2023,15,10
2023_16,9,8,3,3,1,0,5,0,5,0,0,17,0,10,0,4,0,0,3,17,0,1,0,16,8,9,0,17,17,0,0,17,2023,16,17
2023_17,5,9,4,3,1,0,3,0,3,0,0,14,0,7,0,5,1,0,1,14,0,2,0,12,11,3,0,14,14,0,0,14,2023,17,14
2023_18,6,10,6,2,0,0,2,0,6,0,0,16,0,5,0,8,0,0,3,16,0,1,0,15,11,5,0,16,16,0,0,16,2023,18,16
2023_19,5,8,2,7,1,0,2,0,1,0,0,13,0,7,1,3,0,0,2,13,0,1,0,12,7,6,0,13,13,0,0,13,2023,19,13
2023_20,6,6,3,4,0,0,1,0,4,0,0,12,0,6,0,5,0,0,1,12,0,2,0,10,7,5,0,12,12,0,0,12,2023,20,12
2023_21,2,6,3,2,0,0,2,0,1,0,0,8,0,3,0,2,0,0,3,8,0,0,0,8,4,4,0,8,8,0,0,8,2023,21,8
2023_22,4,6,4,3,0,0,0,0,3,0,0,10,0,4,0,1,0,0,5,10,0,0,0,10,4,6,0,10,10,0,0,10,2023,22,10
2023_23,5,3,1,3,0,0,1,0,3,1,0,7,0,7,0,1,0,0,0,8,0,1,0,7,5,3,0,8,8,0,0,8,2023,23,8
2023_24,2,5,1,4,0,0,0,0,2,0,0,7,0,1,0,4,0,0,2,7,0,1,0,6,6,1,0,7,7,0,0,7,2023,24,7
2023_25,2,4,3,2,0,0,0,0,1,0,0,6,0,2,0,1,0,0,3,6,0,3,0,3,4,2,0,6,6,0,0,6,2023,25,6
2023_26,1,3,0,2,0,0,0,0,2,0,0,4,0,3,0,0,0,0,1,4,0,0,0,4,1,3,0,4,4,0,0,4,2023,26,4
2023_27,2,3,2,0,1,0,1,0,1,0,0,5,0,4,0,1,0,0,0,5,0,0,0,5,3,2,0,5,4,1,0,5,2023,27,5
2023_28,3,4,0,3,0,0,2,0,2,0,0,7,0,3,0,2,0,0,2,7,0,1,0,6,5,2,0,7,7,0,0,7,2023,28,7
2023_29,6,11,5,5,1,0,4,0,2,0,0,17,0,4,1,8,0,0,4,17,0,3,0,14,8,9,0,17,17,0,0,17,2023,29,17
2023_30,7,4,5,6,0,0,0,0,0,0,0,11,0,6,0,0,0,1,4,11,0,2,0,9,1,10,0,11,11,0,0,11,2023,30,11
2023_31,7,7,5,4,1,0,1,0,3,1,0,13,0,5,0,5,0,0,4,14,0,5,0,9,11,3,0,14,14,0,0,14,2023,31,14
2023_32,7,9,6,5,0,0,2,0,3,0,0,16,0,8,0,6,0,0,2,16,0,3,0,13,9,7,0,16,16,0,0,16,2023,32,16
2023_33,4,8,5,3,1,0,2,0,1,0,0,12,0,6,0,1,0,1,4,12,0,0,0,12,5,7,0,12,12,0,0,12,2023,33,12
2023_34,6,3,0,1,0,0,7,0,1,0,0,9,0,5,1,2,0,0,1,9,0,1,0,8,7,2,0,9,9,0,0,9,2023,34,9
2023_35,3,3,2,2,0,0,1,0,1,0,0,6,0,5,0,1,0,0,0,6,0,1,0,5,4,2,0,6,6,0,0,6,2023,35,6
2023_36,7,7,3,4,2,0,4,0,1,0,0,14,0,1,0,9,0,0,4,14,0,1,0,13,11,3,0,14,14,0,0,14,2023,36,14
2023_37,5,10,3,6,0,0,3,1,2,0,0,15,0,3,0,8,0,0,4,15,0,0,0,15,8,7,0,15,15,0,0,15,2023,37,15
2023_38,12,5,6,5,0,0,3,0,3,0,0,17,0,4,0,7,0,0,6,17,0,1,0,16,10,7,0,17,16,1,0,17,2023,38,17
2023_39,7,6,3,5,0,0,2,0,3,0,0,13,0,5,0,6,0,0,2,13,0,0,0,13,8,5,0,13,13,0,0,13,2023,39,13
2023_40,5,10,6,7,1,0,1,0,0,0,0,15,0,5,0,5,0,0,5,15,0,0,0,15,7,8,0,15,15,0,0,15,2023,40,15
2023_41,13,4,2,10,0,0,3,0,2,0,0,17,0,7,0,4,0,0,6,17,0,1,0,16,13,4,0,17,17,0,0,17,2023,41,17
2023_42,4,12,4,8,0,0,2,1,1,0,0,16,0,7,0,3,0,0,6,16,0,2,0,14,7,9,0,16,16,0,0,16,2023,42,16
2023_43,8,5,4,6,0,0,2,0,1,0,0,13,0,7,0,3,0,0,3,13,0,1,0,12,8,5,0,13,13,0,0,13,2023,43,13
2023_44,7,2,2,5,0,1,0,0,1,0,0,9,0,4,0,1,0,0,4,9,0,0,0,9,6,3,0,9,9,0,0,9,2023,44,9
2023_45,3,8,1,4,0,0,5,0,1,0,0,11,0,5,0,2,0,0,4,11,0,1,0,10,8,3,0,11,11,0,0,11,2023,45,11
2023_46,13,9,6,10,2,0,4,0,0,0,0,22,0,8,0,6,0,0,8,22,0,6,0,16,11,11,0,22,22,0,0,22,2023,46,22
2023_47,14,3,4,8,0,1,4,0,0,0,0,17,0,7,1,3,0,0,6,17,0,2,0,15,12,5,0,17,17,0,0,17,2023,47,17
2023_48,6,9,5,2,0,0,2,0,6,0,0,15,0,4,0,4,0,0,7,15,0,5,0,10,12,3,0,15,15,0,0,15,2023,48,15
2023_49,9,15,7,13,4,0,0,0,0,0,0,24,0,9,0,6,0,0,9,24,0,7,0,17,13,11,0,24,24,0,0,24,2023,49,24
2023_50,11,12,9,10,1,0,2,0,1,0,0,23,0,11,1,3,0,0,8,23,0,6,0,17,11,12,0,23,22,1,0,23,2023,50,23
2023_51,6,5,2,6,1,0,0,0,2,0,0,11,0,7,0,2,0,0,2,11,0,2,0,9,6,5,0,11,10,1,0,11,2023,51,11
2023_52,0,2,1,1,0,0,0,0,0,0,0,2,0,1,0,0,0,0,1,2,0,1,0,1,1,1,0,2,2,0,0,2,2023,52,2
