,año_semana,Femenino,Masculino,Adolescencia,Adulto,Adulto mayor,Ancianidad,Infancia,Menor de 1 año,Primera infancia,Afrocolombiano,Indígena,Otro,Rom,Contributivo,Especial,Excepción,Indeterminado,No asegurado,Subsidiado,Clasico,Grave,Conf. por laboratorio,Conf. por nexo,Probable,No,Si,Fallecido,Vivo,Cabecera municipal,Centro Poblado,Rural disperso,0,7,BARANOA,CAMPO DE LA CRUZ,CANDELARIA,DESCONOCIDO,GALAPA,JUAN DE ACOSTA,LURUACO,MALAMBO,MANATÍ,PALMAR DE VARELA,PIOJÓ,POLONUEVO,PONEDERA,PUERTO COLOMBIA,REPELÓN,SABANAGRANDE,SABANALARGA,SANTA LUCIA,SANTA LUCÍA,SANTO TOMÁS,SOLEDAD,SUAN,TUBARÁ,USIACURÍ,año,semana
0,2017_1,1,1,0,2,0,0,0,0,0,0,0,2,0,1,0,0,0,0,1,2,0,0,0,2,0,2,0,2,2,0,0,0,0,0,0,0,0,0,0,0,0,0,0,0,0,0,0,0,1,0,0,0,0,1,0,0,0,2017,1
1,2017_2,0,3,1,1,0,0,1,0,0,1,0,2,0,0,0,0,0,0,3,3,0,1,0,2,2,1,0,3,3,0,0,0,0,0,0,0,0,0,0,0,0,0,0,0,0,0,0,0,0,0,0,0,1,2,0,0,0,2017,2
2,2017_3,0,2,1,1,0,0,0,0,0,1,0,1,0,0,0,0,0,0,2,2,0,1,0,1,0,2,0,2,2,0,0,0,0,0,0,0,0,0,0,1,0,0,0,0,0,0,0,0,0,0,0,0,0,1,0,0,0,2017,3
3,2017_4,2,1,0,1,0,0,1,0,1,1,0,2,0,1,0,0,0,0,2,3,0,1,0,2,1,2,0,3,3,0,0,0,0,0,0,0,0,0,0,1,0,0,0,0,0,0,0,0,0,0,0,0,0,2,0,0,0,2017,4
4,2017_5,1,3,1,0,1,0,1,1,0,0,0,4,0,1,0,0,0,0,3,4,0,2,0,2,2,2,0,4,4,0,0,0,0,0,0,0,0,1,0,0,0,0,0,0,0,0,0,0,1,0,0,0,0,2,0,0,0,2017,5
5,2017_6,2,0,1,0,0,0,0,0,1,0,0,2,0,0,0,0,1,0,1,2,0,0,0,2,1,1,0,2,2,0,0,0,0,0,0,0,0,0,0,0,0,0,0,0,0,0,0,0,0,1,0,0,0,1,0,0,0,2017,6
6,2017_7,0,1,1,0,0,0,0,0,0,0,0,1,0,0,0,0,0,0,1,1,0,0,0,1,1,0,0,1,1,0,0,0,0,0,0,0,0,1,0,0,0,0,0,0,0,0,0,0,0,0,0,0,0,0,0,0,0,2017,7
7,2017_8,0,1,0,1,0,0,0,0,0,0,0,1,0,1,0,0,0,0,0,1,0,1,0,0,1,0,0,1,1,0,0,0,0,0,0,0,0,0,0,0,0,0,0,0,0,0,0,0,0,1,0,0,0,0,0,0,0,2017,8
8,2017_9,1,2,1,2,0,0,0,0,0,1,0,2,0,1,0,0,0,1,1,3,0,0,0,3,0,3,0,3,3,0,0,0,0,0,0,0,0,0,0,0,1,0,1,0,0,0,0,0,0,0,0,0,0,1,0,0,0,2017,9
9,2017_10,1,3,2,0,0,0,1,0,1,2,0,2,0,2,0,0,0,0,2,4,0,0,0,4,1,3,0,4,4,0,0,0,0,0,0,0,0,0,0,0,0,0,0,0,0,0,1,0,1,0,0,0,0,2,0,0,0,2017,10
10,2017_11,1,1,0,1,0,0,1,0,0,0,0,2,0,1,0,0,0,0,1,2,0,2,0,0,0,2,0,2,2,0,0,0,0,0,0,0,0,0,0,0,0,0,0,0,0,0,0,0,0,0,0,0,0,2,0,0,0,2017,11
11,2017_12,4,0,0,0,1,0,1,0,2,1,0,3,0,1,0,0,0,0,3,4,0,0,0,4,3,1,0,4,3,1,0,0,0,0,0,0,0,2,0,0,0,0,0,0,0,1,0,0,0,0,0,0,0,1,0,0,0,2017,12
12,2017_13,0,1,0,0,0,0,0,0,1,0,0,1,0,0,0,1,0,0,0,1,0,0,0,1,1,0,0,1,1,0,0,0,0,0,0,0,0,0,0,0,0,0,0,0,0,0,0,0,0,0,0,0,0,1,0,0,0,2017,13
13,2017_14,2,1,0,2,1,0,0,0,0,0,0,3,0,2,0,0,0,0,1,3,0,0,0,3,2,1,0,3,3,0,0,0,0,0,0,0,0,1,0,0,0,0,0,0,0,0,0,0,0,0,0,0,0,1,0,0,1,2017,14
14,2017_15,1,0,0,0,0,0,0,0,1,0,0,1,0,0,0,0,0,0,1,1,0,0,0,1,1,0,0,1,1,0,0,0,0,0,1,0,0,0,0,0,0,0,0,0,0,0,0,0,0,0,0,0,0,0,0,0,0,2017,15
15,2017_16,3,1,1,1,1,0,0,0,1,2,0,2,0,0,0,0,0,1,3,4,0,0,0,4,2,2,0,4,3,1,0,0,0,0,0,0,0,0,0,2,0,0,0,0,0,0,0,0,0,1,0,0,0,1,0,0,0,2017,16
16,2017_17,3,8,1,3,1,1,1,1,3,6,0,5,0,5,0,0,0,0,6,11,0,1,0,10,10,1,0,11,11,0,0,0,0,0,0,0,0,1,0,0,1,0,5,0,0,0,0,0,0,0,0,0,0,3,0,1,0,2017,17
17,2017_18,1,1,1,1,0,0,0,0,0,0,0,2,0,1,0,0,0,0,1,2,0,0,0,2,2,0,0,2,1,1,0,0,0,0,0,0,0,0,0,1,0,0,0,0,0,0,0,0,0,0,0,0,0,0,0,0,1,2017,18
18,2017_19,1,2,0,1,0,0,2,0,0,0,0,3,0,1,0,0,0,0,2,3,0,0,0,3,1,2,0,3,2,1,0,0,0,0,0,0,0,0,0,0,0,0,0,0,0,0,0,0,0,1,0,0,0,2,0,0,0,2017,19
19,2017_20,2,3,0,3,1,0,0,0,1,1,0,4,0,2,0,0,0,1,2,5,0,0,0,5,2,3,0,5,5,0,0,0,0,0,0,0,0,1,0,1,0,0,1,0,0,0,0,0,0,1,0,0,0,1,0,0,0,2017,20
20,2017_21,2,4,0,3,1,0,1,0,1,1,0,5,0,2,0,0,0,0,4,6,0,1,0,5,5,1,0,6,6,0,0,0,0,0,0,0,0,1,0,0,1,0,0,0,0,0,0,0,1,0,0,0,1,1,0,0,1,2017,21
21,2017_22,1,7,2,4,0,0,1,0,1,3,0,5,0,3,0,0,0,0,5,6,2,2,0,6,2,6,0,8,8,0,0,0,0,0,0,0,0,0,0,1,1,0,1,0,0,0,0,0,0,1,0,0,1,3,0,0,0,2017,22
22,2017_23,2,5,0,3,2,0,0,0,2,2,0,5,0,2,0,0,0,0,5,7,0,0,0,7,4,3,0,7,5,1,1,0,0,1,0,0,0,0,0,1,1,0,0,0,0,0,0,0,0,0,0,0,1,3,0,0,0,2017,23
23,2017_24,1,2,1,2,0,0,0,0,0,0,0,3,0,0,0,0,0,0,3,3,0,0,0,3,3,0,0,3,3,0,0,0,0,0,1,0,0,2,0,0,0,0,0,0,0,0,0,0,0,0,0,0,0,0,0,0,0,2017,24
24,2017_25,4,3,1,4,2,0,0,0,0,4,0,3,0,2,0,0,0,0,5,6,1,1,0,6,5,2,0,7,5,1,1,0,0,0,0,0,1,0,1,3,0,0,1,0,0,0,0,0,0,1,0,0,0,0,0,0,0,2017,25
25,2017_26,2,1,1,0,2,0,0,0,0,0,0,3,0,2,0,0,0,0,1,3,0,2,0,1,3,0,0,3,3,0,0,0,0,0,0,0,0,1,0,0,0,0,0,0,0,0,0,0,0,0,0,0,1,1,0,0,0,2017,26
26,2017_27,2,3,4,0,0,0,1,0,0,1,0,4,0,2,0,0,0,0,3,5,0,1,0,4,4,1,0,5,5,0,0,0,0,0,0,0,0,0,0,0,0,0,0,0,0,0,0,0,0,0,0,0,0,5,0,0,0,2017,27
27,2017_28,0,3,0,2,1,0,0,0,0,0,0,3,0,1,0,0,0,0,2,3,0,1,0,2,0,3,0,3,3,0,0,0,0,2,0,0,0,0,0,0,0,0,0,0,0,0,0,0,0,1,0,0,0,0,0,0,0,2017,28
28,2017_29,2,2,0,3,1,0,0,0,0,1,0,3,0,2,0,0,0,0,2,4,0,1,0,3,1,3,0,4,4,0,0,0,0,0,0,1,0,0,0,0,0,0,0,0,0,0,0,0,0,0,0,0,1,2,0,0,0,2017,29
29,2017_30,2,3,1,3,1,0,0,0,0,0,0,5,0,2,0,0,0,1,2,5,0,2,0,3,0,5,0,5,5,0,0,0,0,0,0,0,0,0,0,0,1,0,0,0,0,0,0,0,0,0,0,0,0,4,0,0,0,2017,30
30,2017_31,3,6,3,1,0,0,3,0,2,2,0,7,0,4,0,0,0,0,5,9,0,4,0,5,6,3,0,9,9,0,0,0,0,0,1,0,0,0,0,0,0,0,0,0,1,0,0,0,0,0,0,0,2,5,0,0,0,2017,31
31,2017_32,3,2,2,1,0,0,0,0,2,1,0,4,0,3,0,0,0,0,2,5,0,1,0,4,4,1,0,5,5,0,0,0,0,0,0,0,0,0,0,0,0,0,0,0,0,0,0,0,0,0,0,0,0,4,0,0,1,2017,32
32,2017_33,2,2,2,0,0,0,2,0,0,0,0,4,0,1,0,0,0,0,3,4,0,1,0,3,2,2,0,4,4,0,0,0,0,0,0,0,0,0,0,0,0,0,0,0,1,0,0,0,0,0,0,0,0,3,0,0,0,2017,33
33,2017_34,7,9,4,4,0,0,4,0,4,3,0,13,0,4,0,2,0,0,10,15,1,1,0,15,9,7,0,16,16,0,0,0,0,0,1,0,0,1,0,0,0,0,0,0,0,0,0,2,0,0,0,0,2,10,0,0,0,2017,34
34,2017_35,8,4,9,3,0,0,0,0,0,1,1,10,0,4,0,1,0,1,6,12,0,4,0,8,8,4,0,12,12,0,0,0,0,0,0,0,0,0,0,0,3,0,0,0,0,0,0,0,0,0,0,0,0,6,0,0,3,2017,35
35,2017_36,5,9,6,7,1,0,0,0,0,0,0,14,0,8,0,2,0,1,3,13,1,5,0,9,6,8,0,14,14,0,0,0,0,0,0,1,0,1,0,0,1,0,0,0,0,0,0,0,0,0,0,0,0,11,0,0,0,2017,36
36,2017_37,9,4,4,5,1,0,2,0,1,1,0,12,0,2,3,0,0,1,7,13,0,4,0,9,7,6,0,13,13,0,0,0,0,0,0,0,0,0,0,0,0,1,1,0,0,0,0,1,0,0,0,0,0,10,0,0,0,2017,37
37,2017_38,6,6,3,6,2,0,0,0,1,1,0,11,0,5,0,0,0,0,7,11,1,2,0,10,8,4,0,12,12,0,0,0,0,0,0,0,0,2,0,0,0,0,0,0,0,0,1,1,0,0,0,0,0,8,0,0,0,2017,38
38,2017_39,7,7,3,5,0,0,3,1,2,0,0,14,0,6,0,0,0,0,8,13,1,4,0,10,10,4,0,14,13,1,0,0,0,0,0,1,0,1,0,0,0,0,0,0,0,0,1,2,0,0,0,0,0,8,0,0,1,2017,39
39,2017_40,10,8,4,5,2,1,5,0,1,4,0,14,0,6,0,0,0,1,11,18,0,2,0,16,13,5,0,18,16,1,1,0,0,0,0,0,0,3,0,2,0,0,0,0,0,1,1,0,0,0,0,0,0,10,0,0,1,2017,40
40,2017_41,7,9,3,6,1,0,5,0,1,1,0,15,0,9,0,2,0,1,4,16,0,7,0,9,8,8,0,16,16,0,0,0,0,0,0,0,0,3,0,0,0,0,0,0,1,0,0,0,0,0,0,0,0,12,0,0,0,2017,41
41,2017_42,7,19,11,8,0,0,6,0,1,3,0,23,0,11,1,0,0,0,14,26,0,6,0,20,18,8,0,26,26,0,0,0,0,0,0,0,0,5,0,0,0,0,0,0,0,0,0,0,0,1,0,0,0,20,0,0,0,2017,42
42,2017_43,7,7,6,5,0,0,2,1,0,1,0,13,0,4,2,0,0,0,8,14,0,5,0,9,10,4,0,14,14,0,0,0,0,1,0,0,0,1,0,0,0,0,0,0,0,0,1,0,0,0,0,0,0,11,0,0,0,2017,43
43,2017_44,10,9,8,7,1,0,3,0,0,3,1,15,0,10,0,0,0,0,9,19,0,7,0,12,10,9,0,19,18,0,1,0,0,1,0,0,0,2,0,0,0,0,0,0,0,0,2,1,0,0,0,0,0,9,0,2,2,2017,44
44,2017_45,8,14,7,9,2,0,4,0,0,2,2,18,0,11,0,0,0,1,10,21,1,4,0,18,16,6,0,22,19,0,3,0,0,0,0,0,0,1,0,0,3,1,0,0,0,0,1,1,0,0,0,0,0,12,0,3,0,2017,45
45,2017_46,5,9,6,3,1,0,1,0,3,1,1,12,0,6,0,1,0,0,7,14,0,5,1,8,7,7,0,14,13,0,1,0,0,0,0,0,0,1,0,0,0,0,0,0,1,0,0,0,1,0,0,0,0,10,0,1,0,2017,46
46,2017_47,8,11,8,6,1,0,3,0,1,1,0,18,0,8,0,1,0,0,10,19,0,6,0,13,13,6,0,19,17,0,2,0,0,1,0,0,0,0,0,0,2,0,0,0,0,0,0,1,0,1,0,0,0,12,0,2,0,2017,47
47,2017_48,10,13,6,12,1,0,1,0,3,0,0,23,0,12,0,1,0,2,8,21,2,6,0,17,11,12,0,23,22,1,0,0,0,0,0,0,0,0,0,0,1,1,0,0,1,1,0,0,0,0,0,0,0,17,0,1,1,2017,48
48,2017_49,11,13,5,11,1,0,4,1,2,1,0,23,0,14,0,0,0,2,8,23,1,7,0,17,10,14,0,24,22,2,0,0,0,1,0,0,0,3,1,0,1,0,0,0,0,0,2,0,0,0,0,0,0,16,0,0,0,2017,49
49,2017_50,24,14,17,10,1,0,5,0,5,2,0,36,0,21,1,0,0,0,16,38,0,9,0,29,10,28,0,38,38,0,0,0,0,0,0,0,1,1,0,0,4,0,0,0,0,0,1,0,0,0,0,0,0,31,0,0,0,2017,50
50,2017_51,20,20,20,11,0,0,4,2,3,2,0,38,0,19,0,0,1,1,19,40,0,8,0,32,19,21,0,40,40,0,0,0,0,0,0,0,0,1,1,0,1,0,0,0,0,0,1,2,0,0,0,0,1,33,0,0,0,2017,51
51,2017_52,15,13,10,6,0,0,7,0,5,5,0,23,0,15,1,1,0,0,11,28,0,6,0,22,13,15,0,28,28,0,0,0,0,0,0,0,0,2,0,0,0,1,0,0,0,0,2,0,0,0,0,0,0,23,0,0,0,2017,52
52,2018_1,23,19,20,11,0,0,6,0,5,1,0,41,0,24,0,0,1,0,17,42,0,22,0,20,22,20,0,42,42,0,0,0,0,0,0,0,10,1,0,0,1,0,0,0,1,0,0,0,1,0,0,0,1,26,0,0,1,2018,1
53,2018_2,29,19,18,12,0,0,11,0,7,3,0,45,0,27,0,0,1,3,17,48,0,17,0,31,23,25,0,48,47,1,0,0,0,0,0,0,0,0,0,0,2,2,0,0,1,0,0,0,1,0,0,0,1,41,0,0,0,2018,2
54,2018_3,17,27,19,9,1,0,10,0,5,0,0,44,0,28,0,0,0,2,14,44,0,26,0,18,15,29,0,44,41,3,0,0,0,0,0,0,0,0,1,0,0,0,0,0,0,0,2,0,0,0,0,0,0,41,0,0,0,2018,3
55,2018_4,17,10,11,8,0,0,4,0,4,1,0,26,0,13,0,1,0,2,11,27,0,9,0,18,11,16,0,27,27,0,0,0,0,0,0,0,1,0,0,0,2,0,0,0,0,0,0,0,0,1,0,0,0,23,0,0,0,2018,4
56,2018_5,13,16,9,10,0,0,7,0,3,7,0,22,0,13,0,0,1,1,14,28,1,9,0,20,7,22,0,29,29,0,0,0,0,0,0,0,0,0,0,0,3,0,0,0,1,0,0,0,0,0,0,0,0,25,0,0,0,2018,5
57,2018_6,8,15,13,5,1,0,1,0,3,0,0,23,0,16,0,1,0,1,5,23,0,12,0,11,9,14,0,23,23,0,0,0,0,0,0,0,0,0,0,0,3,0,0,0,0,0,0,0,0,0,0,0,0,20,0,0,0,2018,6
58,2018_7,14,13,12,6,0,0,5,1,3,3,0,24,0,15,0,0,0,1,11,27,0,11,0,16,15,12,0,27,27,0,0,0,0,1,0,0,0,1,0,0,1,0,0,0,0,0,0,0,0,0,0,0,0,24,0,0,0,2018,7
59,2018_8,12,10,12,6,0,0,2,0,2,1,0,21,0,11,1,0,0,0,10,22,0,12,0,10,6,16,0,22,22,0,0,0,0,0,0,0,0,0,0,0,0,0,0,0,0,1,1,0,0,1,0,0,0,19,0,0,0,2018,8
60,2018_9,5,4,6,2,0,0,0,0,1,0,0,9,0,4,0,0,0,1,4,9,0,2,0,7,0,9,0,9,9,0,0,0,0,0,0,0,0,0,0,0,0,0,0,0,0,0,0,0,0,1,0,0,1,7,0,0,0,2018,9
61,2018_10,3,7,3,3,0,0,1,0,3,0,0,10,0,4,0,0,0,0,6,10,0,3,0,7,3,7,0,10,10,0,0,0,0,0,0,0,0,0,0,0,3,0,0,0,0,0,0,0,0,0,0,0,0,7,0,0,0,2018,10
62,2018_11,3,5,3,2,0,0,2,0,1,0,0,8,0,6,0,0,0,0,2,7,1,4,0,4,2,6,0,8,8,0,0,0,0,0,0,0,0,0,0,0,0,0,0,0,0,0,0,0,0,1,0,0,0,7,0,0,0,2018,11
63,2018_12,1,3,2,1,0,0,1,0,0,0,0,4,0,0,0,1,0,0,3,3,1,0,0,4,0,4,0,4,4,0,0,0,0,0,0,0,0,0,0,0,0,0,0,0,0,0,0,0,0,0,0,0,0,4,0,0,0,2018,12
64,2018_13,5,1,0,5,0,0,0,0,1,0,0,6,0,3,0,0,0,0,3,6,0,3,0,3,4,2,0,6,6,0,0,0,0,0,0,0,0,1,0,0,3,0,0,0,0,0,0,0,1,0,0,0,0,1,0,0,0,2018,13
65,2018_14,2,3,2,1,0,0,1,1,0,1,0,4,0,3,0,0,0,1,1,5,0,2,0,3,2,3,0,5,5,0,0,0,0,0,0,0,0,0,0,0,1,0,0,0,0,0,0,0,0,0,0,0,0,4,0,0,0,2018,14
66,2018_15,2,4,3,1,0,0,0,0,2,0,0,6,0,4,1,0,0,0,1,6,0,4,0,2,4,2,0,6,6,0,0,0,0,0,0,0,0,1,0,0,1,0,0,0,0,0,0,0,0,0,0,0,0,4,0,0,0,2018,15
67,2018_16,5,4,2,5,0,0,2,0,0,0,0,9,0,4,0,0,0,0,5,8,1,1,0,8,5,4,0,9,9,0,0,0,0,1,0,0,0,0,1,0,1,0,0,0,0,0,0,0,0,0,0,0,0,6,0,0,0,2018,16
68,2018_17,4,3,3,4,0,0,0,0,0,1,0,6,0,4,0,0,0,1,2,7,0,2,0,5,3,4,0,7,7,0,0,0,0,0,0,0,0,0,1,0,1,0,0,0,0,0,0,0,0,0,0,0,0,5,0,0,0,2018,17
69,2018_18,3,4,1,3,1,0,1,0,1,0,0,7,0,6,0,0,0,0,1,7,0,1,1,5,1,6,0,7,7,0,0,0,0,1,0,0,0,0,0,0,3,0,0,0,1,0,0,0,0,0,0,0,0,2,0,0,0,2018,18
70,2018_19,6,9,6,4,0,0,3,0,2,1,0,14,0,6,0,1,0,1,7,15,0,5,0,10,8,7,0,15,15,0,0,0,0,0,0,0,0,3,1,0,2,0,1,0,0,0,0,0,0,0,0,0,1,7,0,0,0,2018,19
71,2018_20,8,5,6,4,0,0,0,0,3,0,1,12,0,6,0,0,1,0,6,13,0,4,0,9,5,8,0,13,11,2,0,0,0,0,0,0,0,0,3,0,2,0,0,1,0,0,1,0,0,1,0,0,0,5,0,0,0,2018,20
72,2018_21,2,5,0,2,1,0,3,0,1,0,0,7,0,4,0,1,0,0,2,5,2,4,0,3,3,4,0,7,6,1,0,0,0,0,0,0,0,0,2,0,2,0,0,0,0,0,0,0,0,0,0,0,0,3,0,0,0,2018,21
73,2018_22,6,10,3,4,3,0,5,0,1,0,0,16,0,7,0,0,0,0,9,16,0,2,5,9,7,9,0,16,16,0,0,0,0,0,0,0,0,1,0,0,5,0,0,5,2,0,0,0,1,2,0,0,0,0,0,0,0,2018,22
74,2018_23,6,7,4,2,1,0,5,0,1,1,0,12,0,6,0,0,0,3,4,13,0,4,0,9,3,10,0,13,13,0,0,0,0,1,0,0,0,0,1,0,5,0,0,1,1,0,1,0,0,0,0,0,0,2,1,0,0,2018,23
75,2018_24,6,8,3,3,1,0,3,0,4,1,0,13,0,7,0,0,0,0,7,14,0,4,0,10,4,10,0,14,12,1,1,0,0,1,0,0,0,0,0,0,2,0,0,0,2,0,0,0,0,1,0,0,1,6,0,0,1,2018,24
76,2018_25,6,16,3,9,0,0,8,0,2,1,0,21,0,9,0,0,0,0,13,22,0,8,0,14,9,13,0,22,20,1,1,0,0,0,0,0,0,1,0,0,6,0,0,0,6,0,3,0,0,0,0,0,0,6,0,0,0,2018,25
77,2018_26,3,9,2,3,1,0,5,0,1,0,0,12,0,6,0,0,0,0,6,12,0,4,0,8,2,10,0,12,12,0,0,0,0,1,0,0,0,0,0,0,4,0,0,0,3,0,1,0,0,1,0,0,0,2,0,0,0,2018,26
78,2018_27,9,12,5,4,1,0,7,1,3,0,0,21,0,7,0,0,0,1,13,21,0,7,0,14,12,9,0,21,20,1,0,0,0,2,0,0,0,1,1,0,6,0,0,0,4,0,0,0,0,0,0,0,0,3,0,1,3,2018,27
79,2018_28,10,17,6,8,0,0,9,0,4,0,0,27,0,11,0,0,0,1,15,27,0,12,0,15,7,20,0,27,27,0,0,0,0,0,0,0,0,2,1,0,7,0,0,0,1,0,1,0,0,1,0,0,0,13,0,0,1,2018,28
80,2018_29,10,12,9,4,0,0,6,0,3,0,0,22,0,9,0,0,1,1,11,20,2,8,0,14,10,12,0,22,22,0,0,0,0,3,0,0,0,1,0,0,4,0,0,0,3,0,1,0,0,1,0,0,0,9,0,0,0,2018,29
81,2018_30,15,12,11,4,0,0,8,0,4,0,0,27,0,11,0,1,0,0,15,27,0,6,0,21,16,11,0,27,27,0,0,0,0,1,0,0,0,1,1,0,9,0,0,0,2,0,2,0,0,3,0,0,0,7,0,1,0,2018,30
82,2018_31,8,10,10,4,0,0,1,0,3,2,0,16,0,7,0,2,0,0,9,17,1,7,0,11,8,10,0,18,18,0,0,0,0,1,0,0,0,3,0,0,2,0,0,0,1,0,0,0,1,0,0,0,0,8,0,0,2,2018,31
83,2018_32,17,20,19,3,0,0,10,1,4,1,0,36,0,19,1,0,0,1,16,37,0,16,2,19,15,22,0,37,34,3,0,0,0,2,0,0,0,1,3,0,2,0,0,0,0,0,1,0,1,4,0,0,0,18,0,2,3,2018,32
84,2018_33,11,13,14,1,3,0,5,0,1,1,0,22,1,10,0,1,0,0,13,24,0,10,0,14,7,17,0,24,24,0,0,0,0,0,0,0,0,1,1,0,6,0,0,0,0,0,0,0,0,1,0,0,0,15,0,0,0,2018,33
85,2018_34,14,15,11,8,1,0,3,0,6,0,0,29,0,8,0,0,0,2,19,28,1,12,0,17,10,19,1,28,28,1,0,0,0,2,0,0,0,1,5,1,3,0,0,0,0,0,2,0,0,2,0,0,0,13,0,0,0,2018,34
86,2018_35,10,14,7,4,0,0,9,1,3,2,0,22,0,8,1,0,0,2,13,24,0,8,0,16,9,15,0,24,24,0,0,0,0,4,0,0,0,1,0,0,1,0,0,0,5,0,0,0,0,2,0,0,0,11,0,0,0,2018,35
87,2018_36,15,15,10,6,0,0,13,0,1,0,0,30,0,15,0,0,0,1,14,30,0,9,1,20,12,18,0,30,28,2,0,0,0,5,0,0,0,0,1,1,4,0,0,0,6,0,0,0,1,2,0,0,0,8,0,2,0,2018,36
88,2018_37,18,16,10,7,1,0,10,0,6,0,0,34,0,18,1,0,0,0,15,33,1,9,0,25,12,22,0,34,33,1,0,0,0,5,0,0,0,7,0,0,3,0,0,0,3,0,0,0,0,2,0,0,0,13,0,1,0,2018,37
89,2018_38,12,27,14,9,1,0,8,1,6,0,0,39,0,14,1,0,0,1,23,38,1,12,0,27,11,28,0,39,38,1,0,0,0,5,0,0,0,6,1,0,1,0,0,0,5,0,0,1,1,4,0,0,0,14,0,1,0,2018,38
90,2018_39,34,13,22,6,1,0,12,0,6,1,0,46,0,18,0,0,0,2,27,46,1,16,0,31,15,32,0,47,46,1,0,0,0,12,0,0,0,7,2,0,3,0,0,0,7,1,0,0,0,1,0,0,0,14,0,0,0,2018,39
91,2018_40,13,30,14,9,1,1,6,1,11,2,0,41,0,21,0,1,0,0,21,39,4,9,0,34,14,29,0,43,40,2,1,0,0,10,0,0,0,4,3,0,4,0,0,0,6,0,0,0,0,3,0,0,0,12,0,1,0,2018,40
92,2018_41,18,25,20,8,1,0,9,1,4,0,0,43,0,16,1,0,0,2,24,43,0,14,1,28,13,30,0,43,42,1,0,0,0,9,0,0,0,5,3,0,1,0,0,0,9,0,2,0,1,1,0,0,0,10,0,0,2,2018,41
93,2018_42,22,24,17,7,0,0,13,0,9,0,0,46,0,19,0,3,1,1,22,46,0,9,0,37,19,27,0,46,45,1,0,0,0,4,0,1,0,6,1,0,4,1,0,0,15,0,1,0,1,4,0,0,0,8,0,0,0,2018,42
94,2018_43,32,30,31,8,0,0,17,0,6,1,0,61,0,15,0,2,0,2,43,62,0,9,0,53,20,42,0,62,61,1,0,0,0,5,0,0,0,4,0,0,4,0,0,0,22,0,1,0,1,6,0,0,1,17,0,1,0,2018,43
95,2018_44,29,23,28,9,0,0,10,0,5,2,0,49,1,24,0,1,0,0,27,52,0,14,0,38,18,34,0,52,52,0,0,0,0,6,0,0,0,4,0,0,3,1,1,0,15,0,2,0,0,4,0,0,0,16,0,0,0,2018,44
96,2018_45,34,33,37,12,1,0,14,0,3,1,0,66,0,33,0,0,0,1,33,66,1,21,0,46,26,41,0,67,67,0,0,0,0,8,0,0,0,5,3,0,6,0,0,0,15,1,2,0,1,4,0,0,0,19,0,0,3,2018,45
97,2018_46,30,30,26,13,0,0,15,0,6,0,0,60,0,30,0,1,1,0,28,59,1,16,1,43,20,40,0,60,60,0,0,0,0,2,0,0,0,2,0,0,4,0,0,0,15,1,3,0,0,5,0,0,0,28,0,0,0,2018,46
98,2018_47,34,44,31,16,1,0,23,0,7,0,1,77,0,26,2,0,0,1,49,77,1,22,0,56,28,50,0,78,77,1,0,0,0,8,0,0,0,16,0,0,5,0,0,0,18,1,3,0,0,6,0,0,1,20,0,0,0,2018,47
99,2018_48,25,34,25,9,1,0,18,0,6,0,0,59,0,30,0,0,0,0,29,58,1,20,0,39,20,39,1,58,59,0,0,0,0,8,0,0,1,2,2,0,4,0,2,0,11,1,5,0,0,6,0,0,0,17,0,0,0,2018,48
100,2018_49,28,31,27,6,0,0,16,1,9,1,1,57,0,25,0,1,0,1,32,59,0,19,0,40,19,40,0,59,59,0,0,0,0,12,0,0,1,7,2,0,4,0,0,0,6,0,0,0,0,7,0,0,0,18,0,1,1,2018,49
101,2018_50,39,41,37,9,1,0,21,0,12,1,0,79,0,31,0,0,1,0,48,80,0,24,0,56,15,65,0,80,74,5,1,0,0,15,0,0,5,13,6,2,4,0,1,0,2,0,1,0,0,10,0,0,0,21,0,0,0,2018,50
102,2018_51,30,49,42,12,0,0,14,0,11,1,0,78,0,34,0,0,2,2,41,79,0,18,0,61,18,61,0,79,75,4,0,0,0,12,0,0,2,13,2,1,5,0,0,0,6,0,2,0,0,8,0,0,0,27,0,0,1,2018,51
103,2018_52,27,34,31,10,1,0,13,0,6,0,1,60,0,26,0,0,0,1,34,60,1,19,0,42,22,39,0,61,60,0,1,0,0,15,0,0,0,14,1,0,5,0,1,0,4,0,0,0,0,3,0,0,0,18,0,0,0,2018,52
104,2019_1,31,28,25,10,1,0,21,0,2,0,0,59,0,25,1,0,1,0,32,57,2,29,1,29,9,50,2,57,54,5,0,0,0,16,0,0,0,9,2,0,2,0,1,0,3,0,1,0,0,6,0,0,0,19,0,0,0,2019,1
105,2019_2,36,34,31,12,0,0,21,0,6,1,0,69,0,31,2,0,0,2,35,69,1,24,1,45,15,55,0,70,64,5,1,0,0,18,0,0,1,4,2,0,5,0,2,0,3,1,2,0,0,6,0,0,0,25,1,0,0,2019,2
106,2019_3,37,32,25,9,0,0,21,0,14,0,0,69,0,25,0,2,0,0,42,66,3,12,1,56,28,41,0,69,61,8,0,0,0,13,0,0,0,8,2,0,9,0,1,0,3,2,0,0,0,13,0,0,0,17,0,1,0,2019,3
107,2019_4,19,25,22,3,0,0,15,0,4,0,0,44,0,21,0,0,1,1,21,44,0,17,0,27,11,33,0,44,44,0,0,0,0,8,0,0,0,3,1,0,4,0,1,0,1,0,0,0,0,5,0,0,0,21,0,0,0,2019,4
108,2019_5,19,20,15,8,0,1,9,0,6,0,0,39,0,17,0,0,1,0,21,38,1,13,0,26,12,27,0,39,36,3,0,0,0,4,0,0,1,5,0,1,4,0,1,0,1,2,0,0,0,8,0,0,0,12,0,0,0,2019,5
109,2019_6,17,15,16,2,0,0,8,1,5,0,0,32,0,9,0,1,0,0,22,32,0,8,0,24,10,22,0,32,28,4,0,0,0,5,0,0,0,2,0,0,4,0,0,0,0,1,0,0,0,3,0,0,0,17,0,0,0,2019,6
110,2019_7,14,13,10,4,1,0,9,0,3,2,0,25,0,4,2,0,0,0,21,26,1,8,0,19,5,22,0,27,26,1,0,0,0,6,0,0,0,1,0,0,4,0,0,0,0,0,0,0,0,3,0,0,0,11,0,0,2,2019,7
111,2019_8,13,7,9,4,0,0,4,0,3,1,0,18,1,6,0,0,0,0,14,20,0,3,0,17,3,17,0,20,18,2,0,0,0,0,0,0,0,0,0,0,4,0,1,0,1,0,0,0,0,5,0,0,0,8,1,0,0,2019,8
112,2019_9,10,8,7,2,0,0,5,1,3,1,0,17,0,4,0,0,0,2,12,18,0,6,0,12,6,12,0,18,15,3,0,0,0,3,0,0,0,1,3,0,4,2,0,0,0,2,0,0,0,1,0,0,0,2,0,0,0,2019,9
113,2019_10,10,10,10,1,0,0,4,0,5,0,0,20,0,8,0,0,0,0,12,20,0,5,0,15,5,15,0,20,18,2,0,0,0,6,0,0,0,0,1,0,4,0,0,0,0,0,0,0,2,1,0,0,0,6,0,0,0,2019,10
114,2019_11,5,8,2,0,0,0,5,0,6,0,0,13,0,2,0,1,0,1,9,13,0,3,0,10,2,11,0,13,11,2,0,0,0,5,0,0,0,0,0,0,2,0,0,0,1,0,0,0,0,3,0,0,0,2,0,0,0,2019,11
115,2019_12,0,8,4,2,0,0,1,0,1,0,0,8,0,2,0,0,1,0,5,8,0,2,0,6,2,6,0,8,8,0,0,0,0,5,0,0,0,0,0,0,0,0,0,0,0,0,0,0,0,2,0,0,0,1,0,0,0,2019,12
116,2019_13,8,3,6,4,0,0,1,0,0,0,0,11,0,1,0,0,0,0,10,11,0,1,0,10,4,7,0,11,8,3,0,0,0,2,0,0,0,2,0,0,3,0,0,0,0,0,0,0,0,3,0,0,0,1,0,0,0,2019,13
117,2019_14,8,5,6,2,1,0,3,0,1,1,0,12,0,6,0,0,0,0,7,13,0,3,0,10,1,12,0,13,11,2,0,0,0,0,0,0,0,0,1,0,4,0,0,0,2,0,0,0,0,3,0,1,0,2,0,0,0,2019,14
118,2019_15,9,1,5,2,0,0,2,0,1,0,0,10,0,6,0,0,0,1,3,9,1,3,0,7,2,8,0,10,8,2,0,0,0,0,0,0,0,0,0,1,3,0,0,0,0,0,0,0,0,2,0,0,0,4,0,0,0,2019,15
119,2019_16,4,3,4,0,0,0,2,0,1,0,0,7,0,2,0,0,0,0,5,7,0,1,0,6,5,2,0,7,6,1,0,0,0,0,0,0,0,1,0,0,2,0,0,0,0,0,0,0,0,2,0,0,0,2,0,0,0,2019,16
120,2019_17,11,7,8,0,0,0,5,1,4,0,0,18,0,5,0,0,0,1,12,18,0,4,0,14,6,12,0,18,14,4,0,0,0,1,0,1,0,0,0,0,1,0,1,0,1,0,1,0,0,8,0,0,0,4,0,0,0,2019,17
121,2019_18,8,8,4,3,1,0,5,0,3,0,0,16,0,6,0,1,0,0,9,16,0,5,0,11,5,11,0,16,12,4,0,0,0,1,0,0,0,0,0,0,2,1,0,0,3,0,1,0,0,5,0,0,0,3,0,0,0,2019,18
122,2019_19,6,4,2,2,1,0,1,0,4,0,0,10,0,0,0,0,0,0,10,10,0,2,0,8,6,4,0,10,7,2,1,0,0,2,0,0,0,0,1,1,1,0,0,0,0,0,0,0,0,3,0,0,1,1,0,0,0,2019,19
123,2019_20,5,6,5,0,0,0,3,0,3,0,0,11,0,1,0,1,0,0,9,10,1,4,0,7,1,10,0,11,10,0,1,0,0,1,1,0,0,0,0,0,3,3,0,0,1,0,0,0,0,2,0,0,0,0,0,0,0,2019,20
124,2019_21,3,6,4,1,0,0,4,0,0,0,0,9,0,3,0,0,0,1,5,9,0,2,0,7,2,7,0,9,6,3,0,0,0,0,0,0,0,0,0,0,1,0,0,0,1,0,0,0,0,5,0,0,0,2,0,0,0,2019,21
125,2019_22,3,8,5,2,0,0,4,0,0,0,0,11,0,5,0,0,0,0,6,11,0,2,0,9,3,8,0,11,11,0,0,0,0,1,0,1,0,0,0,0,0,0,0,0,0,0,2,0,0,2,0,0,0,5,0,0,0,2019,22
126,2019_23,7,9,4,7,0,0,3,0,2,2,0,14,0,9,0,0,0,1,6,16,0,4,0,12,5,11,0,16,13,2,1,0,0,2,0,0,0,0,0,0,2,0,0,0,2,0,3,0,0,1,0,0,1,4,1,0,0,2019,23
127,2019_24,6,10,8,3,0,0,4,0,1,0,0,16,0,4,0,0,0,0,12,16,0,3,0,13,3,13,0,16,13,3,0,0,0,0,0,0,0,1,0,0,1,0,0,0,2,0,2,0,0,7,0,0,0,3,0,0,0,2019,24
128,2019_25,7,6,5,3,1,0,2,0,2,0,0,13,0,6,0,0,0,0,7,13,0,3,0,10,1,12,0,13,12,1,0,0,0,1,0,0,0,0,1,0,2,0,0,0,0,2,0,0,0,4,0,0,0,3,0,0,0,2019,25
129,2019_26,14,13,14,3,0,0,5,1,4,1,0,26,0,6,0,0,0,1,20,27,0,4,0,23,13,14,0,27,26,1,0,0,0,1,0,2,0,3,0,1,0,2,1,0,1,0,0,0,0,8,0,0,0,8,0,0,0,2019,26
130,2019_27,18,20,18,8,0,0,7,0,5,2,0,36,0,19,1,1,0,1,16,37,1,7,0,31,18,20,0,38,32,6,0,0,0,1,3,1,0,0,1,0,2,3,1,0,1,1,0,0,0,12,0,0,1,10,0,0,1,2019,27
131,2019_28,31,18,20,3,1,0,16,0,9,2,0,47,0,12,0,2,0,2,33,48,1,9,1,39,14,35,0,49,43,6,0,0,0,3,4,0,0,0,1,0,3,5,3,0,5,0,2,1,1,11,0,0,1,6,2,1,0,2019,28
132,2019_29,16,22,12,6,1,1,14,1,3,0,0,38,0,18,0,0,0,0,20,35,3,8,0,30,6,32,0,38,34,4,0,0,0,3,1,1,0,1,1,0,1,2,2,0,3,0,0,0,1,11,0,0,1,10,0,0,0,2019,29
133,2019_30,15,17,13,10,0,0,4,0,5,0,0,32,0,9,1,0,0,3,19,32,0,8,0,24,9,23,0,32,29,3,0,0,0,2,1,0,0,1,2,0,2,2,1,0,6,0,2,0,1,5,0,0,0,7,0,0,0,2019,30
134,2019_31,23,18,15,4,1,0,11,0,10,2,0,39,0,12,0,0,0,0,29,40,1,8,1,32,13,28,0,41,38,2,1,0,0,1,1,2,0,0,1,1,0,3,4,0,10,0,0,0,0,7,0,0,1,9,1,0,0,2019,31
135,2019_32,20,22,19,5,1,0,11,1,5,0,0,42,0,11,0,1,0,2,28,41,1,10,1,31,8,34,0,42,40,2,0,0,0,9,1,0,0,1,0,0,1,3,0,0,16,1,0,0,0,4,0,0,0,6,0,0,0,2019,32
136,2019_33,26,33,30,10,1,0,10,0,8,3,1,55,0,17,0,0,0,2,40,59,0,14,0,45,24,35,0,59,57,2,0,0,0,7,0,0,0,1,2,1,1,2,0,0,24,0,1,0,1,11,0,0,1,6,1,0,0,2019,33
137,2019_34,21,13,16,5,1,0,8,0,4,0,0,34,0,13,0,0,0,0,21,33,1,5,0,29,14,20,0,34,31,3,0,0,0,7,1,0,0,1,0,0,1,3,0,0,7,0,0,0,0,9,0,0,0,4,1,0,0,2019,34
138,2019_35,8,13,11,4,0,0,3,0,3,0,0,21,0,7,0,1,0,0,13,21,0,3,0,18,5,16,0,21,17,4,0,0,0,4,0,2,0,0,1,0,1,1,0,0,1,1,0,0,0,4,0,0,0,3,0,0,3,2019,35
139,2019_36,15,18,11,8,1,0,6,0,7,3,0,30,0,12,0,0,1,0,20,33,0,2,0,31,12,21,0,33,30,3,0,0,0,9,3,1,0,0,0,0,2,1,0,0,2,1,0,0,1,4,0,0,0,6,3,0,0,2019,36
140,2019_37,12,10,8,2,0,0,8,0,4,2,0,20,0,8,1,2,0,0,11,22,0,3,0,19,4,18,0,22,19,3,0,0,0,11,0,1,0,0,0,0,1,1,0,0,0,1,0,0,0,2,0,0,0,5,0,0,0,2019,37
141,2019_38,11,18,18,1,0,0,8,0,2,1,0,28,0,6,0,0,0,0,23,29,0,5,0,24,5,24,0,29,26,3,0,0,0,10,0,1,0,0,0,0,1,0,0,0,2,1,0,1,1,6,0,0,0,5,1,0,0,2019,38
142,2019_39,10,13,14,1,0,0,5,1,2,0,0,23,0,7,0,0,0,1,15,23,0,1,0,22,3,20,0,23,23,0,0,0,0,9,0,0,0,0,0,0,1,0,0,0,1,3,1,0,0,3,0,0,0,5,0,0,0,2019,39
143,2019_40,20,27,23,9,1,0,9,1,4,0,0,47,0,13,0,1,1,0,32,47,0,8,0,39,16,31,0,47,39,8,0,0,0,12,2,1,0,3,1,3,1,2,0,0,1,3,0,0,1,6,0,0,0,11,0,0,0,2019,40
144,2019_41,20,27,22,9,0,0,11,1,4,0,0,47,0,16,0,1,0,1,29,47,0,3,0,44,6,41,0,47,43,4,0,0,0,16,0,0,0,0,0,3,1,0,0,0,3,0,1,0,0,10,0,0,0,11,0,2,0,2019,41
145,2019_42,18,22,17,6,0,0,12,0,5,4,0,36,0,12,0,1,0,2,25,39,1,5,0,35,7,33,0,40,40,0,0,0,0,7,1,2,0,1,0,2,5,1,0,0,1,0,0,0,0,6,0,0,1,13,0,0,0,2019,42
146,2019_43,28,29,21,3,2,0,28,0,3,0,0,57,0,22,0,1,0,0,34,55,2,10,0,47,11,46,0,57,53,4,0,0,0,16,1,4,0,0,2,3,5,2,1,0,0,3,1,0,0,6,0,0,0,13,0,0,0,2019,43
147,2019_44,32,32,31,10,2,1,14,0,6,1,0,63,0,27,1,1,0,0,35,64,0,16,0,48,11,53,0,64,58,6,0,0,0,15,0,2,0,1,0,3,4,1,0,0,1,1,2,0,1,13,0,0,1,18,1,0,0,2019,44
148,2019_45,27,38,27,11,1,0,18,0,8,2,0,63,0,20,0,1,1,2,41,65,0,13,0,52,16,49,0,65,61,4,0,0,0,13,1,1,0,0,2,2,10,1,1,0,0,1,0,0,0,6,0,0,0,26,1,0,0,2019,45
149,2019_46,50,26,36,12,1,0,15,2,10,1,0,75,0,30,0,2,0,1,43,75,1,15,0,61,18,58,0,76,67,9,0,0,0,8,0,0,0,0,1,4,4,6,0,0,0,5,3,2,0,14,0,0,1,28,0,0,0,2019,46
150,2019_47,47,42,38,11,2,0,27,0,11,1,0,88,0,33,0,2,0,2,52,86,3,15,0,74,21,68,0,89,88,1,0,0,0,22,1,0,0,2,1,2,7,0,0,0,0,4,5,1,1,5,0,0,0,36,2,0,0,2019,47
151,2019_48,43,51,40,13,0,0,31,0,10,0,0,94,0,36,0,0,0,1,57,91,3,20,0,74,18,76,1,93,90,4,0,0,0,24,0,1,0,0,2,6,6,1,1,0,1,4,0,1,0,12,0,0,0,33,1,0,1,2019,48
152,2019_49,43,57,46,7,0,0,32,1,14,0,0,100,0,36,1,0,1,2,60,100,0,26,0,74,19,81,0,100,94,6,0,0,0,22,1,1,0,3,0,3,11,1,0,0,2,3,1,4,0,9,0,1,1,37,0,0,0,2019,49
153,2019_50,55,53,57,6,1,0,30,0,14,2,0,106,0,40,0,1,1,1,65,107,1,29,0,79,30,78,0,108,102,6,0,0,0,18,3,2,0,0,2,3,8,0,0,0,2,5,4,6,1,14,0,1,0,38,1,0,0,2019,50
154,2019_51,52,61,53,17,1,0,31,1,10,1,0,112,0,30,0,3,3,2,75,111,2,15,0,98,21,92,0,113,105,8,0,0,0,24,3,0,0,2,0,6,7,0,0,0,1,2,3,5,2,15,0,0,0,42,1,0,0,2019,51
155,2019_52,39,56,49,8,0,0,29,0,9,1,1,92,1,42,0,3,0,0,50,94,1,17,0,78,20,75,0,95,92,3,0,0,0,21,1,1,1,5,0,3,7,0,0,0,0,6,3,2,0,5,0,0,0,39,1,0,0,2019,52
156,2020_1,53,64,58,19,1,0,33,0,6,3,0,114,0,61,0,5,3,4,44,113,4,37,0,80,24,93,1,116,110,6,1,0,0,22,0,1,0,3,1,3,12,0,0,0,3,3,3,2,1,7,0,0,0,52,4,0,0,2020,1
157,2020_2,71,55,71,15,1,0,25,0,14,6,0,119,1,61,0,5,2,6,52,122,4,20,0,106,35,91,0,126,121,5,0,0,0,18,0,0,0,7,0,3,10,0,1,0,0,5,1,7,0,12,0,0,0,59,3,0,0,2020,2
158,2020_3,75,53,57,22,1,0,30,1,17,2,0,126,0,64,0,2,0,7,55,128,0,22,0,106,50,78,0,128,117,10,1,0,0,20,0,0,0,7,0,7,13,0,1,0,2,4,4,4,2,9,0,0,1,51,2,1,0,2020,3
159,2020_4,48,45,38,16,0,0,27,2,10,2,1,90,0,45,0,1,0,6,41,92,1,18,0,75,37,56,0,93,86,7,0,0,0,7,4,1,0,6,1,6,9,0,1,0,1,0,1,7,1,3,0,1,0,41,0,3,0,2020,4
160,2020_5,46,35,40,14,1,0,15,0,11,2,0,79,0,33,0,1,1,2,44,80,1,16,0,65,22,59,0,81,74,6,1,0,0,11,0,0,0,1,0,2,5,0,4,0,0,3,2,5,1,8,0,0,1,38,0,0,0,2020,5
161,2020_6,45,31,36,15,1,0,18,0,6,1,0,75,0,37,0,4,1,2,32,75,1,17,1,58,32,44,0,76,69,7,0,0,0,8,0,0,0,3,0,0,9,0,4,0,0,2,2,2,1,4,0,0,0,32,0,8,1,2020,6
162,2020_7,27,28,28,11,0,1,9,0,6,1,0,53,1,27,0,3,1,4,20,55,0,8,0,47,17,38,0,55,50,5,0,0,0,7,0,0,0,0,0,2,11,0,1,0,1,2,4,2,0,1,0,0,0,19,3,2,0,2020,7
163,2020_8,25,21,25,5,1,0,10,2,3,0,0,45,1,20,0,0,0,0,26,46,0,10,0,36,13,33,0,46,42,3,1,0,0,5,0,0,0,0,0,3,8,0,2,0,0,3,0,3,0,3,0,0,1,18,0,0,0,2020,8
164,2020_9,18,26,22,8,3,0,9,1,1,1,0,42,1,22,0,2,0,0,20,44,0,4,0,40,11,33,0,44,38,6,0,0,0,4,1,0,0,1,1,2,7,0,1,0,0,0,3,3,0,2,0,0,0,18,1,0,0,2020,9
165,2020_10,15,15,15,5,0,0,8,0,2,0,0,30,0,14,0,1,0,2,13,28,2,5,0,25,5,25,0,30,28,2,0,0,0,3,0,0,0,1,0,0,12,0,0,0,0,0,1,2,0,3,0,0,0,7,0,1,0,2020,10
166,2020_11,14,7,6,8,1,0,4,0,2,1,0,20,0,12,0,0,0,1,8,20,1,5,0,16,7,14,0,21,21,0,0,0,0,0,0,0,0,0,1,0,6,0,0,1,1,0,0,0,0,1,0,0,1,10,0,0,0,2020,11
167,2020_12,6,4,4,0,0,0,3,0,3,0,0,10,0,5,0,0,0,1,4,10,0,1,0,9,2,8,0,10,8,1,1,0,0,1,0,0,0,0,1,0,3,0,0,1,0,1,1,0,0,0,0,0,0,2,0,0,0,2020,12
168,2020_13,6,4,5,1,2,0,2,0,0,0,0,10,0,5,0,1,0,1,3,10,0,1,0,9,1,9,0,10,8,2,0,0,0,2,0,0,0,0,0,0,3,0,0,0,0,0,1,1,0,0,0,0,0,2,1,0,0,2020,13
169,2020_14,9,5,5,3,0,0,6,0,0,0,0,14,0,9,0,1,0,0,4,14,0,4,0,10,5,9,0,14,12,2,0,0,0,1,0,0,0,1,0,1,6,0,0,2,0,0,0,0,0,1,0,0,1,1,0,0,0,2020,14
170,2020_15,2,2,2,0,0,0,0,0,2,0,0,4,0,2,0,0,0,0,2,4,0,0,0,4,2,2,0,4,3,1,0,0,0,0,0,0,0,0,0,0,1,0,0,1,0,0,0,0,0,1,0,0,0,1,0,0,0,2020,15
171,2020_16,3,6,5,1,0,0,2,0,1,1,0,8,0,7,0,1,0,0,1,9,0,1,0,8,3,6,0,9,9,0,0,0,0,1,0,0,0,0,0,0,4,0,0,1,0,0,0,0,0,0,0,0,0,2,1,0,0,2020,16
172,2020_17,3,3,4,0,0,0,1,0,1,0,0,6,0,1,0,0,0,1,4,6,0,3,0,3,1,5,0,6,6,0,0,0,0,0,0,0,0,0,0,0,3,0,0,0,0,1,0,0,0,0,0,1,0,1,0,0,0,2020,17
173,2020_18,1,5,3,1,0,0,0,0,2,1,0,5,0,0,0,0,0,0,6,6,0,0,0,6,3,3,0,6,6,0,0,0,0,0,0,0,0,0,0,0,3,1,0,0,0,0,0,0,0,0,0,0,0,2,0,0,0,2020,18
174,2020_19,3,0,1,1,0,0,1,0,0,0,0,3,0,2,0,0,0,0,1,3,0,0,0,3,2,1,0,3,2,1,0,0,0,0,0,0,0,0,0,0,0,0,0,0,0,0,0,2,0,0,0,0,0,1,0,0,0,2020,19
175,2020_20,3,5,6,1,1,0,0,0,0,0,0,8,0,1,0,1,0,0,6,8,0,2,0,6,1,7,0,8,7,1,0,0,0,0,0,0,0,0,0,0,2,0,1,0,1,0,0,2,0,0,0,2,0,0,0,0,0,2020,20
176,2020_21,5,3,3,4,0,0,0,0,1,0,0,8,0,3,0,0,0,1,4,8,0,0,0,8,3,5,0,8,7,1,0,0,0,0,0,0,0,0,0,0,3,0,0,0,0,0,0,4,0,0,0,0,0,1,0,0,0,2020,21
177,2020_22,3,3,0,2,1,0,1,0,2,1,0,5,0,2,0,1,0,1,2,6,0,1,0,5,3,3,0,6,5,1,0,0,0,0,0,0,0,0,0,0,1,0,0,0,0,0,0,0,0,1,0,1,0,3,0,0,0,2020,22
178,2020_23,1,5,1,3,0,0,2,0,0,0,0,6,0,1,0,0,0,0,5,6,0,1,0,5,3,3,0,6,5,0,1,0,0,0,0,0,0,1,0,0,0,0,0,0,1,0,0,0,0,0,0,2,0,1,0,1,0,2020,23
179,2020_24,2,2,0,3,0,0,0,0,1,0,0,4,0,2,0,0,0,0,2,4,0,0,0,4,4,0,0,4,4,0,0,0,0,1,0,0,0,1,0,0,0,0,0,0,0,0,0,0,0,1,0,0,0,1,0,0,0,2020,24
180,2020_25,1,2,1,0,1,0,0,0,1,0,0,3,0,2,0,0,0,0,1,3,0,1,0,2,2,1,0,3,3,0,0,0,0,0,0,0,0,0,0,0,1,0,0,0,1,0,0,0,0,0,0,0,0,1,0,0,0,2020,25
181,2020_26,2,0,0,1,0,0,1,0,0,0,0,2,0,1,0,0,0,0,1,1,1,0,0,2,2,0,1,1,2,0,0,0,0,0,0,0,0,0,0,0,0,0,0,0,0,0,0,0,0,0,0,1,0,0,0,1,0,2020,26
182,2020_27,0,1,1,0,0,0,0,0,0,1,0,0,0,0,0,0,0,1,0,1,0,1,0,0,1,0,0,1,1,0,0,0,0,0,0,0,0,0,0,0,0,0,0,0,0,0,0,0,0,0,0,0,0,1,0,0,0,2020,27
183,2020_28,1,1,1,0,0,0,1,0,0,0,0,2,0,2,0,0,0,0,0,2,0,0,0,2,1,1,0,2,2,0,0,0,0,0,0,0,0,0,0,0,1,0,0,0,0,0,0,0,0,0,0,0,0,1,0,0,0,2020,28
184,2020_29,1,1,0,1,0,0,1,0,0,0,0,2,0,0,0,0,0,0,2,2,0,0,0,2,1,1,0,2,2,0,0,0,0,1,0,0,0,0,0,0,0,0,0,0,0,0,0,0,0,0,0,0,0,1,0,0,0,2020,29
185,2020_30,2,6,4,0,0,0,2,0,2,0,0,8,0,2,0,0,2,0,4,8,0,1,0,7,6,2,0,8,8,0,0,0,0,2,0,0,0,0,0,0,0,0,0,0,0,0,0,0,0,1,0,2,0,3,0,0,0,2020,30
186,2020_31,4,2,1,1,0,0,4,0,0,0,0,6,0,2,0,0,0,1,3,6,0,0,0,6,2,4,0,6,5,1,0,0,0,1,0,0,0,0,0,0,1,1,0,0,0,0,0,0,0,2,0,1,0,0,0,0,0,2020,31
187,2020_32,4,5,3,0,2,0,1,0,3,1,0,8,0,3,0,0,0,0,6,8,1,1,0,8,3,6,0,9,6,3,0,0,0,3,1,0,0,0,0,0,1,0,0,0,0,0,0,1,0,1,0,1,1,0,0,0,0,2020,32
188,2020_33,4,3,1,0,2,0,2,0,2,0,0,7,0,0,0,1,0,0,6,6,1,1,0,6,0,7,0,7,4,2,1,0,0,4,0,0,0,0,0,0,1,0,0,0,0,0,0,0,0,1,0,1,0,0,0,0,0,2020,33
189,2020_34,6,5,5,2,0,0,4,0,0,1,0,10,0,4,0,0,0,0,7,11,0,2,0,9,6,5,0,11,9,1,1,0,0,3,0,0,0,0,0,0,2,1,0,0,0,0,0,0,0,1,0,1,0,3,0,0,0,2020,34
190,2020_35,5,7,6,2,0,0,2,0,2,0,0,12,0,4,0,0,2,1,5,12,0,1,0,11,2,10,0,12,9,2,1,0,0,4,0,0,0,0,0,0,1,0,0,0,0,0,0,3,0,2,0,0,0,2,0,0,0,2020,35
191,2020_36,7,6,6,1,0,0,3,0,3,0,0,13,0,5,0,0,0,0,8,12,1,1,0,12,4,9,0,13,12,1,0,0,0,1,0,0,0,0,0,0,3,0,0,0,0,0,0,0,0,3,0,2,0,4,0,0,0,2020,36
192,2020_37,2,8,4,1,0,0,3,0,2,1,0,9,0,5,0,1,0,0,4,10,0,1,0,9,7,3,0,10,9,1,0,0,0,1,0,0,0,0,0,0,4,1,0,0,0,0,0,1,0,2,0,0,0,1,0,0,0,2020,37
193,2020_38,6,8,5,2,0,0,4,1,2,0,0,14,0,4,0,2,0,1,7,14,0,1,0,13,4,10,0,14,12,2,0,0,0,1,0,0,0,0,1,0,4,0,0,0,1,1,1,0,0,3,0,1,0,1,0,0,0,2020,38
194,2020_39,7,5,5,5,0,0,1,0,1,0,0,12,0,7,0,0,0,2,3,12,0,1,0,11,5,7,0,12,11,1,0,0,0,1,0,0,0,0,0,0,4,0,0,0,1,0,0,0,0,1,0,0,0,5,0,0,0,2020,39
195,2020_40,9,10,12,1,0,0,5,0,1,1,0,18,0,7,0,0,0,0,12,19,0,1,0,18,3,16,0,19,15,2,2,0,0,4,0,0,0,0,0,0,9,0,0,0,0,0,0,1,0,1,0,0,0,3,0,0,1,2020,40
196,2020_41,4,15,8,1,2,0,6,0,2,0,0,19,0,8,0,0,0,0,11,18,1,1,0,18,6,13,0,19,19,0,0,0,0,6,0,0,0,0,0,0,4,1,0,0,0,0,0,1,0,4,0,0,1,2,0,0,0,2020,41
197,2020_42,5,8,7,2,0,0,2,0,2,0,0,13,0,5,0,0,1,0,7,11,2,4,0,9,6,7,0,13,11,1,1,0,0,1,0,0,0,0,0,0,3,0,0,0,0,0,0,1,1,3,0,0,0,4,0,0,0,2020,42
198,2020_43,5,8,3,3,0,0,6,0,1,3,0,10,0,3,0,1,0,0,9,13,0,2,0,11,5,8,0,13,13,0,0,0,0,0,0,0,0,0,0,0,4,0,0,0,0,0,1,0,0,6,0,0,1,1,0,0,0,2020,43
199,2020_44,6,5,4,3,0,1,3,0,0,0,0,11,0,3,0,0,1,0,7,11,0,0,0,11,4,7,0,11,8,1,2,0,0,2,0,0,0,0,0,1,2,0,0,0,0,0,0,0,0,3,0,0,0,3,0,0,0,2020,44
200,2020_45,5,5,3,1,1,0,5,0,0,1,0,9,0,4,0,0,0,0,6,10,0,2,0,8,5,5,0,10,9,0,1,0,0,2,0,0,0,0,0,0,2,0,0,0,0,0,0,0,1,1,0,0,0,4,0,0,0,2020,45
201,2020_46,13,10,8,4,0,0,6,1,4,1,0,22,0,10,0,1,0,0,12,23,0,3,0,20,7,16,0,23,22,0,1,0,0,6,0,0,0,0,0,0,4,1,0,0,0,0,0,0,1,2,0,0,0,9,0,0,0,2020,46
202,2020_47,6,7,5,2,0,0,5,0,1,1,0,12,0,3,0,0,0,2,8,12,1,4,0,9,3,10,0,13,11,1,1,0,0,0,0,0,0,1,1,0,4,0,0,0,0,0,0,0,1,4,0,0,0,2,0,0,0,2020,47
203,2020_48,8,10,8,3,1,0,4,0,2,0,0,18,0,7,0,0,0,0,11,18,0,6,0,12,1,17,0,18,15,2,1,0,0,3,0,0,0,0,0,0,6,0,0,0,0,0,0,1,1,2,0,0,0,5,0,0,0,2020,48
204,2020_49,9,7,7,1,0,0,5,0,3,2,0,14,0,8,0,0,0,0,8,16,0,2,0,14,5,11,0,16,15,0,1,0,0,1,0,0,0,0,0,0,4,0,0,0,0,0,0,1,1,4,0,0,0,5,0,0,0,2020,49
205,2020_50,11,9,9,5,0,0,5,0,1,3,0,17,0,11,0,1,0,0,8,20,0,6,0,14,5,15,0,20,20,0,0,0,0,2,0,0,0,0,0,0,3,0,0,0,0,0,0,0,0,2,0,0,0,13,0,0,0,2020,50
206,2020_51,21,15,13,9,1,0,10,0,3,1,0,35,0,15,0,2,1,0,18,36,0,0,0,36,12,24,0,36,34,2,0,0,0,3,0,0,0,0,2,1,11,0,0,0,0,0,0,0,3,6,0,0,1,9,0,0,0,2020,51
207,2020_52,17,13,13,3,1,0,11,0,2,0,0,30,0,12,0,0,0,1,17,30,0,1,0,29,7,23,0,30,30,0,0,0,0,4,0,0,0,0,0,0,5,0,0,0,0,1,0,1,6,7,0,0,0,6,0,0,0,2020,52
208,2020_53,15,16,18,4,2,0,4,0,3,0,0,31,0,9,0,1,0,2,19,31,0,1,0,30,9,22,0,31,30,1,0,0,0,3,0,0,0,2,0,0,6,0,0,0,0,1,0,0,6,3,0,0,0,10,0,0,0,2020,53
209,2021_1,12,11,4,4,2,0,8,1,4,4,0,19,0,10,0,1,0,1,11,22,1,8,0,15,11,12,0,23,23,0,0,0,0,0,0,0,0,3,2,0,6,0,0,1,0,0,0,0,2,2,0,0,0,7,0,0,0,2021,1
210,2021_2,15,11,9,6,0,0,6,0,5,1,0,25,0,11,0,1,0,0,14,26,0,4,0,22,10,16,0,26,25,1,0,0,0,3,0,0,0,2,0,0,7,0,0,0,0,0,0,0,3,2,0,0,2,7,0,0,0,2021,2
211,2021_3,7,10,6,4,0,0,6,0,1,0,0,17,0,5,0,0,0,0,12,15,2,2,0,15,3,14,0,17,17,0,0,0,0,0,0,0,0,0,0,1,4,0,0,0,0,0,0,1,1,4,0,0,0,6,0,0,0,2021,3
212,2021_4,10,10,9,1,0,0,4,0,6,0,0,20,0,7,0,1,0,0,12,20,0,5,0,15,3,17,0,20,19,1,0,0,0,1,0,0,0,2,1,1,4,0,0,0,0,0,1,1,3,1,0,0,0,5,0,0,0,2021,4
213,2021_5,5,9,5,4,0,0,4,0,1,1,0,13,0,8,0,1,0,1,4,13,1,4,0,10,6,8,0,14,14,0,0,0,0,1,0,0,0,2,1,0,1,0,0,0,0,0,1,0,0,0,0,0,0,8,0,0,0,2021,5
214,2021_6,5,10,6,4,0,0,4,0,1,0,0,15,0,10,0,1,0,0,4,15,0,3,0,12,7,8,0,15,15,0,0,0,0,0,0,0,0,0,0,0,8,0,0,1,0,0,0,0,0,0,0,0,0,6,0,0,0,2021,6
215,2021_7,9,11,7,2,0,0,9,0,2,0,0,20,0,7,0,2,0,1,10,18,2,3,0,17,6,14,0,20,20,0,0,0,0,0,0,0,0,1,0,0,10,0,0,0,0,0,1,0,1,2,0,0,0,5,0,0,0,2021,7
216,2021_8,9,3,5,2,0,0,3,0,2,0,0,12,0,3,0,0,0,1,8,12,0,2,0,10,3,9,0,12,12,0,0,0,0,0,0,0,0,0,0,0,3,0,0,0,0,0,0,0,1,1,0,0,0,7,0,0,0,2021,8
217,2021_9,6,12,10,4,0,0,3,0,1,0,0,18,0,8,0,0,0,0,10,18,0,5,0,13,6,12,0,18,18,0,0,0,0,0,0,0,0,0,0,0,12,0,0,0,0,0,0,0,0,0,0,0,0,6,0,0,0,2021,9
218,2021_10,5,3,4,0,0,0,4,0,0,0,0,8,0,3,0,0,0,0,5,7,1,1,0,7,1,7,0,8,8,0,0,0,0,0,0,0,0,0,0,1,6,0,0,0,0,0,0,0,0,0,0,0,0,1,0,0,0,2021,10
219,2021_11,5,2,1,1,0,0,5,0,0,0,0,7,0,0,0,0,0,0,7,7,0,1,0,6,2,5,0,7,7,0,0,0,0,0,0,0,0,0,0,0,5,0,0,1,0,0,0,0,0,0,0,0,0,1,0,0,0,2021,11
220,2021_12,6,5,5,2,0,0,3,1,0,0,0,11,0,5,0,0,0,1,5,11,0,4,0,7,4,7,0,11,11,0,0,0,0,0,0,0,0,0,0,0,6,0,0,0,0,0,0,0,0,0,0,0,0,5,0,0,0,2021,12
221,2021_13,5,3,3,2,0,1,1,0,1,0,0,8,0,3,0,0,0,0,5,8,0,4,0,4,2,6,0,8,8,0,0,0,0,1,0,0,0,0,0,0,5,0,0,0,0,0,0,0,0,0,0,0,0,2,0,0,0,2021,13
222,2021_14,2,4,2,2,1,0,1,0,0,0,0,6,0,5,0,0,0,0,1,5,1,3,0,3,2,4,0,6,6,0,0,0,0,0,0,0,0,0,0,0,2,0,0,0,0,0,0,0,0,1,0,0,0,3,0,0,0,2021,14
223,2021_15,1,3,2,0,0,0,1,0,1,0,0,4,0,2,0,0,0,1,1,4,0,0,0,4,0,4,0,4,4,0,0,0,0,0,0,0,0,0,0,0,4,0,0,0,0,0,0,0,0,0,0,0,0,0,0,0,0,2021,15
224,2021_16,4,4,1,1,0,0,4,1,1,0,0,8,0,5,0,0,0,0,3,8,0,0,0,8,1,7,0,8,8,0,0,0,0,0,0,0,0,0,0,0,5,0,0,0,0,0,0,0,0,0,0,0,0,3,0,0,0,2021,16
225,2021_18,4,5,4,2,0,0,3,0,0,0,0,9,0,4,0,0,0,0,5,9,0,3,0,6,3,6,0,9,9,0,0,0,0,0,0,0,0,0,0,1,3,0,0,0,0,0,0,0,0,1,0,0,0,3,0,1,0,2021,18
226,2021_19,2,2,0,2,0,0,1,0,1,0,0,4,0,2,0,0,0,0,2,4,0,1,0,3,2,2,0,4,4,0,0,0,0,0,0,0,0,0,0,0,3,0,0,0,0,0,1,0,0,0,0,0,0,0,0,0,0,2021,19
227,2021_20,5,1,0,4,0,0,1,0,1,0,0,6,0,3,0,0,0,0,3,6,0,1,0,5,1,5,0,6,6,0,0,0,0,0,0,0,0,0,0,0,3,0,0,0,0,0,0,0,0,1,0,0,0,2,0,0,0,2021,20
228,2021_21,3,5,1,2,1,0,2,0,2,1,0,7,0,6,0,1,0,0,1,8,0,3,0,5,4,4,0,8,8,0,0,0,0,0,0,0,0,1,1,0,1,0,0,0,0,0,0,0,1,0,0,0,0,4,0,0,0,2021,21
229,2021_22,4,2,2,0,0,0,2,1,1,0,0,6,0,2,0,0,0,0,4,6,0,2,0,4,1,5,0,6,6,0,0,0,0,0,0,0,0,0,0,0,5,0,0,0,0,0,0,0,0,0,0,0,0,1,0,0,0,2021,22
230,2021_23,2,2,3,1,0,0,0,0,0,0,0,4,0,2,0,0,0,0,2,4,0,1,0,3,2,2,0,4,4,0,0,0,0,0,0,0,0,0,0,0,1,0,0,0,0,0,0,0,0,0,0,0,0,3,0,0,0,2021,23
231,2021_24,5,7,4,2,0,0,2,2,2,0,0,12,0,5,0,1,0,1,5,12,0,1,0,11,5,7,0,12,11,1,0,0,0,0,0,0,0,0,2,0,3,0,0,0,0,0,0,0,0,1,0,0,0,6,0,0,0,2021,24
232,2021_25,3,5,5,2,0,0,1,0,0,0,0,8,0,5,0,0,0,0,3,8,0,0,0,8,2,6,0,8,8,0,0,0,0,0,0,0,0,0,0,0,2,0,0,0,0,0,0,0,0,0,0,0,0,6,0,0,0,2021,25
233,2021_26,7,7,8,0,2,0,2,0,2,0,0,14,0,3,0,0,0,0,11,14,0,3,0,11,2,12,0,14,14,0,0,0,0,0,0,0,0,0,0,0,6,0,0,0,0,0,0,0,0,3,0,0,0,5,0,0,0,2021,26
234,2021_27,10,9,7,1,1,0,6,0,4,1,0,18,0,6,0,2,0,1,10,18,1,3,0,16,6,13,0,19,18,1,0,0,0,1,1,0,0,0,0,3,7,0,0,0,0,0,0,0,0,1,0,0,0,6,0,0,0,2021,27
235,2021_28,10,9,7,4,0,0,4,0,4,2,0,17,0,8,0,1,0,2,8,19,0,4,0,15,5,14,0,19,18,1,0,0,0,0,0,0,0,0,0,3,12,1,0,0,0,0,0,0,0,0,0,0,0,3,0,0,0,2021,28
236,2021_29,9,9,6,1,2,0,8,0,1,1,0,17,0,6,0,0,0,0,12,17,1,3,0,15,5,13,0,18,16,1,1,0,0,1,0,0,0,1,0,2,6,0,0,0,0,1,0,0,0,3,0,0,0,4,0,0,0,2021,29
237,2021_30,15,23,19,5,0,0,9,0,5,1,0,37,0,5,0,1,0,1,31,34,4,8,0,30,3,35,0,38,38,0,0,0,0,0,0,0,0,0,0,4,21,1,0,0,0,0,0,0,0,2,0,0,0,10,0,0,0,2021,30
238,2021_31,24,21,19,4,0,0,13,1,8,0,0,45,0,12,0,0,1,1,31,45,0,7,0,38,6,39,0,45,44,1,0,0,0,1,0,0,0,0,0,2,27,0,0,0,1,1,1,0,0,3,0,0,0,9,0,0,0,2021,31
239,2021_32,18,21,19,2,0,0,10,0,8,1,0,38,0,18,0,2,0,1,18,39,0,6,1,32,11,28,0,39,37,2,0,0,0,0,1,0,0,0,1,3,18,0,0,0,1,0,0,0,0,4,0,0,0,11,0,0,0,2021,32
240,2021_33,38,31,38,7,0,0,16,0,8,3,0,66,0,18,0,2,1,2,46,68,1,3,0,66,13,56,0,69,68,1,0,0,0,1,0,0,0,0,1,11,37,0,0,0,1,0,0,0,0,5,0,0,0,13,0,0,0,2021,33
241,2021_34,24,28,30,6,0,0,9,0,7,0,0,52,0,14,0,2,0,4,32,52,0,12,0,40,10,42,0,52,51,1,0,0,0,2,0,0,0,1,1,8,18,1,0,0,0,1,0,0,0,4,0,0,0,16,0,0,0,2021,34
242,2021_35,41,41,32,5,2,0,31,1,11,3,0,79,0,26,0,2,2,5,47,81,1,18,0,64,16,66,0,82,82,0,0,0,0,0,0,0,0,1,1,20,36,0,0,0,0,0,0,0,0,3,0,0,0,20,0,1,0,2021,35
243,2021_36,47,56,47,12,2,0,31,0,11,11,0,91,1,29,0,5,0,3,66,102,1,17,0,86,30,73,0,103,101,1,1,0,0,6,0,0,0,4,1,24,31,0,0,0,2,0,0,0,0,2,0,0,1,32,0,0,0,2021,36
244,2021_37,42,60,53,16,1,0,25,0,7,2,0,100,0,34,0,4,0,4,60,99,3,7,0,95,30,72,0,102,100,2,0,0,0,5,0,0,0,4,1,16,37,1,0,0,3,0,0,0,1,3,0,1,0,30,0,0,0,2021,37
245,2021_38,63,59,60,14,1,0,39,0,8,2,0,120,0,43,0,4,1,1,73,120,2,15,0,107,36,86,0,122,120,2,0,0,0,5,1,0,0,9,0,15,40,1,0,1,2,1,0,0,1,2,0,0,1,43,0,0,0,2021,38
246,2021_39,59,66,65,13,0,0,31,0,16,5,0,120,0,37,0,2,0,5,81,119,6,25,0,100,47,78,0,125,122,2,1,0,0,9,1,1,0,6,0,9,32,9,1,0,2,0,0,0,0,6,0,1,0,48,0,0,0,2021,39
247,2021_40,65,67,64,17,0,0,40,1,10,3,0,128,1,43,0,3,2,3,81,130,2,27,0,105,53,79,0,132,132,0,0,0,0,5,0,0,0,10,0,13,27,3,1,3,1,0,0,0,0,4,0,0,0,65,0,0,0,2021,40
248,2021_41,56,94,69,21,1,0,47,0,12,3,0,147,0,47,0,6,0,5,92,148,2,31,0,119,49,101,0,150,138,8,4,0,0,6,0,0,0,6,0,7,43,4,1,0,1,0,0,0,0,17,0,0,0,63,0,2,0,2021,41
249,2021_42,60,67,59,19,0,0,33,0,16,0,0,127,0,31,0,8,1,6,81,126,1,16,0,111,38,89,0,127,123,4,0,0,0,4,0,0,0,8,0,10,26,2,0,0,2,0,1,1,0,11,0,1,0,60,1,0,0,2021,42
250,2021_43,64,77,64,24,2,0,32,0,19,1,0,140,0,62,0,5,0,3,71,139,2,27,0,114,50,91,0,141,139,2,0,0,0,4,0,0,0,10,0,6,32,3,1,1,2,0,1,0,0,8,0,1,0,71,0,1,0,2021,43
251,2021_44,76,82,73,33,4,1,31,0,16,3,0,155,0,55,0,4,1,5,93,156,2,28,1,129,64,94,0,158,153,4,1,0,0,4,1,0,0,4,2,4,21,6,0,1,1,0,2,0,0,12,0,1,1,98,0,0,0,2021,44
252,2021_45,90,108,100,40,2,0,44,0,12,1,0,197,0,104,0,9,0,3,82,196,2,45,2,151,72,126,0,198,190,8,0,0,0,8,1,0,0,13,0,1,26,5,1,0,1,0,3,0,0,15,0,0,1,122,0,1,0,2021,45
253,2021_46,96,112,118,36,3,0,37,1,13,4,0,204,0,100,0,13,0,7,88,201,7,39,1,168,73,135,0,208,204,4,0,0,0,10,0,0,0,10,3,1,27,5,1,0,1,1,5,0,1,8,0,0,0,135,0,0,0,2021,46
254,2021_47,88,104,88,42,4,0,44,1,13,0,0,192,0,81,0,15,1,2,93,187,5,48,0,144,72,120,0,192,186,6,0,0,0,6,1,0,0,10,2,0,23,1,0,0,1,1,7,0,0,9,0,0,1,130,0,0,0,2021,47
255,2021_48,84,102,86,35,2,0,45,1,17,3,0,183,0,81,0,10,1,3,91,183,3,39,0,147,75,111,0,186,175,10,1,0,0,5,1,0,0,16,4,0,18,0,1,1,0,1,12,1,0,7,0,1,2,113,1,2,0,2021,48
256,2021_49,96,73,76,40,2,0,33,0,18,0,0,169,0,74,0,12,1,5,77,161,8,39,1,129,64,105,0,169,160,8,1,0,0,5,2,0,0,7,2,0,16,1,0,0,3,0,9,1,1,9,0,0,0,110,1,0,2,2021,49
257,2021_50,54,64,47,31,0,0,29,1,10,1,0,117,0,60,0,11,0,4,43,115,3,25,0,93,48,70,0,118,113,5,0,0,0,3,0,0,0,14,0,1,14,1,1,0,0,0,7,0,1,3,0,0,1,72,0,0,0,2021,50
258,2021_51,73,71,57,43,2,0,27,0,15,1,0,143,0,66,0,10,0,2,66,143,1,33,0,111,66,78,0,144,142,2,0,0,0,5,3,0,0,10,1,0,8,0,0,0,0,1,12,1,0,7,0,0,0,94,1,1,0,2021,51
259,2021_52,67,60,57,27,1,0,30,1,11,0,0,127,0,54,0,5,0,7,61,121,6,27,0,100,39,88,0,127,125,2,0,0,0,6,2,0,0,11,0,1,12,3,0,0,2,1,6,0,2,7,0,2,1,71,0,0,0,2021,52
260,2022_1,34,61,37,26,1,0,19,2,10,1,0,94,0,49,0,4,1,2,39,89,6,24,0,71,36,59,0,95,90,3,2,0,0,1,0,0,0,7,2,0,7,2,0,0,3,0,9,0,0,2,0,1,0,61,0,0,0,2022,1
261,2022_2,24,39,27,10,0,0,17,0,9,0,0,63,0,32,0,4,0,2,25,61,2,9,0,54,20,43,0,63,62,1,0,0,0,3,1,0,0,9,3,2,2,1,0,0,0,0,3,0,0,4,0,0,0,34,0,1,0,2022,2
262,2022_3,39,41,39,16,4,0,14,0,7,1,0,79,0,37,0,4,1,0,38,74,6,22,0,58,38,42,0,80,79,1,0,0,0,0,1,0,0,3,0,0,4,1,1,0,0,0,6,0,1,4,0,2,0,55,2,0,0,2022,3
263,2022_4,37,36,27,19,5,1,17,0,4,2,0,71,0,35,0,5,2,0,31,70,3,22,0,51,28,45,0,73,68,5,0,0,0,2,0,0,0,2,3,1,6,2,0,0,0,0,7,0,0,12,0,0,1,34,2,0,1,2022,4
264,2022_5,34,42,37,7,2,0,19,0,11,0,0,76,0,38,0,5,0,1,32,74,2,24,0,52,23,53,0,76,72,4,0,0,0,0,4,0,0,1,1,1,6,1,0,0,0,0,5,0,0,7,0,0,0,49,1,0,0,2022,5
265,2022_6,25,28,24,6,2,0,14,0,7,0,0,53,0,23,0,2,0,0,28,52,1,17,0,36,24,29,0,53,52,1,0,0,0,1,5,0,0,5,0,0,1,1,0,0,0,0,3,0,1,0,0,1,0,30,5,0,0,2022,6
266,2022_7,24,24,27,7,2,0,7,0,5,1,0,47,0,17,0,2,0,1,28,45,3,13,0,35,19,29,0,48,46,2,0,0,0,0,7,0,0,5,2,0,1,0,0,0,0,0,3,0,0,1,0,1,1,22,5,0,0,2022,7
267,2022_8,13,24,18,4,2,0,9,0,4,1,0,36,0,17,0,4,0,1,15,36,1,12,0,25,22,15,0,37,35,2,0,0,0,0,1,0,0,2,0,0,3,2,0,0,0,1,6,0,0,0,0,3,0,17,1,1,0,2022,8
268,2022_9,16,15,9,5,2,0,10,0,5,0,0,31,0,9,0,5,0,0,17,30,1,10,0,21,12,19,0,31,30,1,0,0,0,1,1,0,0,1,1,0,3,1,0,1,0,0,6,0,0,0,0,0,0,14,2,0,0,2022,9
269,2022_10,16,10,11,2,1,0,9,0,3,0,0,26,0,9,0,3,0,0,14,26,0,5,0,21,14,12,0,26,25,0,1,0,0,0,2,0,0,1,0,0,3,0,0,0,0,0,1,0,0,2,0,0,0,13,4,0,0,2022,10
270,2022_11,9,21,13,9,2,0,5,0,1,1,0,29,0,14,0,2,1,2,11,30,0,7,0,23,13,17,0,30,29,1,0,0,0,0,1,0,0,2,0,0,5,5,0,0,0,0,0,0,0,2,0,1,0,13,1,0,0,2022,11
271,2022_12,14,8,11,3,0,0,5,1,2,1,0,21,0,14,0,1,0,1,6,21,1,2,0,20,10,12,0,22,21,1,0,0,0,0,1,0,0,1,0,1,0,0,0,0,0,0,2,0,0,1,0,0,1,14,0,1,0,2022,12
272,2022_13,7,10,8,2,0,0,6,0,1,0,0,16,1,8,0,1,0,2,6,15,2,5,0,12,6,11,0,17,17,0,0,0,0,0,0,0,0,0,0,0,3,1,0,0,0,0,1,0,0,0,0,1,1,10,0,0,0,2022,13
273,2022_14,9,9,8,3,0,0,6,0,1,0,0,18,0,6,0,1,0,1,10,16,2,8,0,10,5,13,0,18,16,0,2,0,0,0,3,0,0,1,0,0,1,2,1,0,1,0,1,0,0,2,0,0,1,3,1,1,0,2022,14
274,2022_15,4,3,3,1,0,0,2,0,1,0,0,7,0,4,0,0,0,0,3,7,0,0,0,7,5,2,0,7,7,0,0,0,0,0,0,0,0,0,0,0,0,0,0,0,1,0,2,0,0,1,0,0,0,3,0,0,0,2022,15
275,2022_16,12,16,14,5,1,0,6,0,2,0,0,28,0,10,0,1,0,0,17,28,0,10,0,18,14,14,0,28,27,1,0,0,0,0,2,0,0,4,0,0,3,1,1,0,1,0,4,0,0,4,0,0,0,7,1,0,0,2022,16
276,2022_17,8,7,5,6,1,0,2,0,1,0,0,15,0,4,0,1,0,2,8,15,0,5,0,10,6,9,0,15,15,0,0,0,0,0,0,1,0,1,0,0,1,0,0,1,0,0,3,0,0,1,0,0,0,5,0,0,2,2022,17
277,2022_18,10,10,9,5,1,0,3,0,2,0,0,20,0,6,0,1,0,0,13,20,0,5,0,15,6,14,0,20,19,1,0,0,0,0,1,0,0,0,0,0,0,3,0,1,1,0,6,0,0,1,0,0,0,6,1,0,0,2022,18
278,2022_19,10,14,13,4,1,0,5,0,1,2,0,22,0,9,0,1,1,1,12,23,1,7,0,17,7,17,0,24,24,0,0,0,0,0,0,0,0,1,0,0,5,3,0,0,0,0,7,0,0,3,0,0,0,4,1,0,0,2022,19
279,2022_20,10,16,13,1,0,0,10,0,2,1,0,25,0,7,0,0,0,2,17,25,1,6,0,20,8,18,0,26,24,1,1,0,0,1,2,0,0,0,1,0,2,5,0,0,1,0,7,0,0,1,0,0,0,2,3,1,0,2022,20
280,2022_21,23,27,21,11,1,0,14,0,3,1,0,49,0,14,0,3,2,1,30,43,7,20,0,30,17,33,0,50,48,2,0,0,0,3,4,0,0,1,0,0,2,9,0,0,0,0,19,0,0,4,0,0,0,6,2,0,0,2022,21
281,2022_22,25,26,27,8,1,0,10,0,5,1,0,50,0,16,0,2,2,3,28,47,4,17,0,34,26,25,0,51,50,1,0,0,0,1,3,1,0,6,0,0,1,3,0,2,0,0,14,0,0,8,0,0,0,9,3,0,0,2022,22
282,2022_23,25,29,21,14,0,0,14,0,5,2,0,52,0,17,0,1,0,4,32,46,8,29,0,25,16,38,0,54,53,1,0,0,0,1,1,1,0,1,2,0,4,7,0,1,0,0,16,0,0,6,0,0,0,9,5,0,0,2022,23
283,2022_24,26,19,20,11,0,0,12,0,2,3,0,42,0,12,0,1,2,2,28,38,7,17,0,28,16,29,0,45,45,0,0,0,0,0,3,0,0,3,0,0,3,6,0,0,1,0,17,0,0,2,0,0,0,6,4,0,0,2022,24
284,2022_25,26,28,28,9,1,1,10,0,5,1,0,53,0,13,0,3,0,2,36,53,1,25,0,29,18,36,0,54,52,2,0,0,0,1,2,2,0,3,6,0,3,3,0,1,0,1,8,0,0,7,0,0,0,11,4,1,1,2022,25
285,2022_26,28,35,35,8,0,0,14,0,6,2,0,60,1,18,0,3,1,2,39,62,1,32,0,31,28,35,0,63,61,1,1,0,0,1,2,0,0,2,7,1,1,7,0,0,1,1,15,0,0,9,0,0,0,15,1,0,0,2022,26
286,2022_27,38,41,33,24,0,0,14,0,8,6,0,73,0,37,0,2,0,1,39,74,5,38,1,40,34,45,0,79,79,0,0,0,0,2,1,0,0,1,0,0,4,9,0,0,1,1,21,1,0,17,0,0,0,17,1,3,0,2022,27
287,2022_28,37,47,38,19,2,0,21,1,3,2,0,82,0,33,0,0,2,2,47,80,4,51,0,33,35,49,0,84,77,7,0,0,0,0,8,0,0,3,2,1,2,5,0,0,1,2,32,0,0,7,0,0,0,18,1,2,0,2022,28
288,2022_29,39,56,59,18,1,0,11,0,6,3,0,91,1,37,0,2,1,0,55,90,5,51,0,44,34,61,0,95,87,6,2,0,0,5,4,2,0,10,3,0,1,8,1,0,2,1,23,0,0,9,0,0,0,23,3,0,0,2022,29
289,2022_30,53,52,50,30,2,0,15,0,8,3,0,102,0,44,0,5,1,2,53,101,4,48,2,55,40,65,0,105,99,5,1,0,0,5,2,1,0,11,0,0,3,7,0,0,0,1,28,0,0,15,0,0,0,31,1,0,0,2022,30
290,2022_31,65,58,55,24,5,1,32,0,6,2,0,121,0,44,0,7,1,3,68,117,6,57,0,66,39,84,0,123,116,6,1,0,0,5,2,0,0,13,1,0,3,9,0,0,0,0,39,0,2,10,0,0,1,33,5,0,0,2022,31
291,2022_32,35,42,31,21,2,0,17,1,5,2,0,75,0,33,0,3,1,0,40,74,3,37,0,40,29,48,0,77,72,4,1,0,0,0,2,0,0,4,1,0,6,5,3,0,0,1,23,0,0,12,0,0,0,19,1,0,0,2022,32
292,2022_33,37,40,36,19,0,0,17,0,5,3,0,74,0,29,0,4,0,0,44,71,6,29,1,47,32,45,0,77,74,3,0,0,0,1,1,1,0,6,1,0,4,5,0,0,0,1,16,0,1,13,0,0,0,27,0,0,0,2022,33
293,2022_34,46,42,46,18,0,1,15,0,8,2,0,86,0,36,0,2,2,1,47,82,6,57,0,31,32,56,0,88,85,3,0,0,0,3,2,1,0,14,2,0,4,6,1,0,0,1,12,0,1,12,0,0,1,27,1,0,0,2022,34
294,2022_35,45,52,53,24,0,0,15,1,4,1,0,96,0,37,0,8,1,1,50,94,3,57,0,40,43,54,0,97,94,3,0,0,0,3,3,0,0,9,0,0,3,2,0,0,0,1,17,0,0,10,0,0,1,47,1,0,0,2022,35
295,2022_36,37,42,37,21,0,1,16,0,4,2,0,77,0,28,0,5,0,1,45,78,1,36,0,43,33,46,0,79,72,6,1,0,0,5,0,0,0,10,0,0,3,3,0,0,1,1,12,1,1,6,0,0,0,35,1,0,0,2022,36
296,2022_37,43,41,40,25,1,0,13,0,5,2,0,82,0,34,0,2,0,1,47,77,7,41,0,43,37,47,0,84,82,2,0,0,0,2,1,0,0,12,0,0,5,4,0,0,0,0,15,0,0,8,0,0,0,36,1,0,0,2022,37
297,2022_38,41,53,39,24,2,0,21,0,8,0,0,94,0,41,0,5,0,1,47,92,2,44,0,50,35,59,0,94,88,5,1,0,0,6,2,0,0,6,4,0,5,0,0,1,2,1,11,0,0,6,0,0,0,50,0,0,0,2022,38
298,2022_39,38,52,43,25,0,0,18,1,3,1,0,89,0,40,0,1,0,2,47,85,5,46,0,44,40,50,0,90,88,1,1,0,0,2,0,0,0,10,1,1,10,2,0,0,1,1,11,0,0,5,0,0,0,46,0,0,0,2022,39
299,2022_40,50,49,51,26,2,0,17,0,3,1,0,98,0,34,0,3,0,1,61,91,8,51,0,48,40,59,0,99,96,3,0,0,0,1,0,0,0,11,2,0,3,3,0,0,0,4,14,1,1,5,0,0,1,52,0,1,0,2022,40
300,2022_41,55,54,60,15,2,0,27,1,4,0,0,109,0,45,0,5,0,0,59,106,3,58,1,50,43,66,0,109,104,5,0,0,0,7,1,1,0,12,4,0,7,1,0,0,1,3,9,0,1,8,0,0,1,51,0,1,1,2022,41
301,2022_42,65,72,53,41,2,0,30,0,11,1,1,135,0,54,0,10,1,4,68,132,5,62,1,74,59,78,0,137,131,6,0,0,0,4,0,1,0,13,5,2,13,0,1,0,0,3,10,0,2,10,0,0,0,72,0,0,1,2022,42
302,2022_43,57,83,73,32,0,0,26,0,9,0,0,140,0,50,0,6,2,0,82,131,9,59,0,81,46,94,0,140,138,1,1,0,0,4,0,0,0,17,4,0,15,0,0,0,0,5,9,0,1,14,0,0,2,67,0,2,0,2022,43
303,2022_44,83,83,88,40,2,1,26,1,8,1,0,165,0,68,0,13,1,6,78,154,12,69,0,97,56,110,0,166,164,2,0,0,0,3,1,0,0,26,6,0,6,0,0,0,0,4,8,0,0,10,0,0,1,97,0,4,0,2022,44
304,2022_45,83,62,71,36,0,0,33,0,5,1,1,143,0,47,0,9,0,1,88,137,8,69,0,76,54,91,0,145,141,2,2,0,0,3,1,0,0,20,3,1,6,0,0,0,0,0,7,0,1,4,0,0,0,95,0,4,0,2022,45
305,2022_46,75,97,74,51,3,0,36,1,7,1,0,169,2,72,0,11,1,5,83,162,10,86,1,85,69,103,0,172,168,3,1,0,0,6,1,0,0,20,3,0,8,1,1,0,1,3,10,0,1,5,0,0,1,108,0,3,0,2022,46
306,2022_47,75,89,93,39,3,0,20,0,9,1,1,162,0,76,0,5,1,0,82,160,4,84,0,80,63,101,0,164,161,2,1,0,0,6,0,1,0,9,8,1,13,0,1,0,3,0,10,1,1,8,0,0,0,101,0,1,0,2022,47
307,2022_48,68,83,74,39,3,1,25,0,9,1,0,150,0,66,0,5,0,2,78,145,6,84,0,67,71,80,0,151,150,1,0,0,0,0,0,0,0,10,0,0,7,1,3,0,1,0,5,0,0,8,0,0,0,114,0,1,1,2022,48
308,2022_49,94,97,111,40,2,0,31,1,6,0,0,191,0,88,0,11,1,4,87,182,9,114,1,76,91,100,0,191,189,2,0,0,0,2,0,0,0,8,7,0,12,0,0,0,2,1,10,0,0,7,0,0,0,141,0,1,0,2022,49
309,2022_50,89,98,98,48,2,0,31,1,7,1,0,186,0,90,0,12,2,5,78,179,8,89,1,97,81,106,0,187,185,1,1,0,0,0,0,0,0,16,5,0,15,0,1,1,0,0,10,0,0,7,0,1,1,129,0,0,1,2022,50
310,2022_51,84,94,91,46,2,0,26,0,13,8,1,168,1,68,0,8,2,10,90,177,1,80,4,94,80,98,0,178,177,1,0,0,0,4,0,0,0,15,4,0,11,0,1,1,0,0,4,0,0,6,0,0,0,131,0,0,1,2022,51
311,2022_52,57,83,74,24,0,0,31,0,11,2,0,138,0,66,0,7,0,4,63,137,3,78,0,62,71,69,0,140,139,1,0,0,0,1,0,0,0,14,5,0,6,0,0,0,0,0,2,0,0,5,0,0,1,106,0,0,0,2022,52
312,2023_1,113,137,114,68,6,2,41,0,19,0,0,250,0,94,0,13,0,5,138,248,2,87,0,163,139,111,0,250,246,4,0,0,0,5,0,0,0,20,8,0,20,1,0,0,1,0,3,0,1,5,0,0,2,183,0,0,1,2023,1
313,2023_2,111,117,81,75,13,1,37,1,20,0,0,228,0,86,0,16,2,8,116,226,2,90,0,138,120,108,0,228,227,1,0,0,0,1,0,0,0,20,4,0,15,0,2,0,4,0,9,1,1,3,1,0,3,163,0,0,1,2023,2
314,2023_3,95,110,77,57,6,0,38,0,27,1,0,204,0,88,0,20,1,2,94,201,4,69,0,136,124,81,0,205,202,3,0,0,0,5,0,0,0,19,0,0,8,2,4,0,2,3,3,0,1,6,0,0,0,151,0,0,1,2023,3
315,2023_4,73,88,66,31,4,0,40,4,16,0,0,161,0,66,0,8,1,5,81,158,3,55,0,106,89,72,0,161,159,2,0,0,0,8,0,0,0,10,1,0,13,0,2,0,1,0,4,0,2,5,0,0,1,113,0,0,1,2023,4
316,2023_5,90,91,65,50,3,0,44,0,19,2,0,179,0,74,1,7,0,4,95,180,1,53,0,128,108,73,0,181,178,3,0,0,0,3,0,1,0,14,1,0,15,1,3,0,0,3,5,0,1,4,0,0,0,129,0,1,0,2023,5
317,2023_6,70,97,61,37,5,0,38,0,26,1,0,166,0,68,0,6,0,5,88,166,1,56,0,111,104,63,0,167,165,2,0,0,0,0,0,1,0,10,4,1,20,0,2,0,3,2,4,0,0,2,0,0,0,117,0,1,0,2023,6
318,2023_7,51,72,42,43,2,1,22,1,12,3,0,120,0,49,0,7,0,3,64,119,4,43,1,79,73,50,0,123,123,0,0,0,0,3,0,1,0,12,1,0,10,0,1,0,0,1,2,0,0,3,0,0,0,89,0,0,0,2023,7
319,2023_8,43,55,32,33,5,0,16,1,11,0,0,97,1,36,0,6,2,4,50,98,0,21,0,77,58,40,0,98,98,0,0,0,0,3,0,0,0,5,2,0,15,0,0,0,2,1,2,0,0,4,0,0,2,61,1,0,0,2023,8
320,2023_9,52,66,42,27,8,1,23,0,17,0,0,118,0,44,0,12,1,2,59,116,2,20,0,98,75,43,0,118,116,2,0,0,0,4,0,0,0,14,1,1,13,0,2,0,0,2,7,0,5,4,0,0,2,62,0,0,1,2023,9
321,2023_10,49,54,30,27,4,0,24,0,18,1,0,102,0,32,0,9,0,6,56,102,1,14,1,88,62,41,0,103,100,3,0,0,0,0,0,0,0,6,4,0,16,0,0,0,0,1,7,0,1,3,0,0,1,64,0,0,0,2023,10
322,2023_11,41,50,36,20,3,0,18,0,14,0,0,91,0,40,0,4,1,1,45,88,3,13,3,75,52,39,0,91,90,0,1,0,0,1,0,0,0,4,1,0,9,0,1,0,1,1,9,0,0,2,0,0,1,61,0,0,0,2023,11
323,2023_12,46,48,30,28,2,0,22,2,10,1,0,93,0,35,0,5,1,3,50,93,1,20,0,74,57,37,0,94,93,0,1,0,0,2,1,1,0,5,1,0,8,1,1,0,0,0,7,0,1,5,0,0,1,58,1,1,0,2023,12
324,2023_13,33,44,19,23,10,0,10,1,14,2,0,75,0,25,1,5,0,1,45,77,0,11,0,66,37,40,0,77,75,1,1,0,0,6,0,0,0,1,2,0,14,0,0,0,0,0,7,1,1,7,0,0,2,36,0,0,0,2023,13
325,2023_14,24,22,17,17,2,0,6,0,4,1,0,45,0,18,1,5,1,1,20,45,1,5,0,41,31,15,0,46,45,1,0,0,0,3,0,0,0,2,2,0,1,0,5,0,0,0,4,0,0,2,0,0,0,26,0,1,0,2023,14
326,2023_15,31,40,16,16,4,0,17,2,16,1,0,70,0,27,1,6,0,2,35,71,0,7,0,64,47,24,0,71,70,1,0,0,0,1,0,1,0,5,2,0,15,0,0,0,0,1,5,0,0,3,0,0,1,37,0,0,0,2023,15
327,2023_16,31,33,25,7,1,0,18,0,13,0,0,64,0,22,0,6,0,2,34,64,0,5,1,58,32,32,0,64,63,0,1,0,0,6,0,0,0,2,1,0,10,0,0,0,0,0,3,0,0,2,0,0,2,34,0,1,3,2023,16
328,2023_17,35,41,20,12,0,0,31,1,12,0,0,76,0,31,0,3,0,2,40,76,0,5,0,71,44,32,0,76,74,1,1,0,0,1,1,0,0,5,1,0,8,0,0,0,0,1,2,1,2,4,1,0,1,45,1,0,2,2023,17
329,2023_18,46,49,25,29,5,0,19,1,16,2,0,92,1,40,0,2,0,3,50,93,2,7,2,86,59,36,0,95,94,0,1,0,0,2,0,0,0,6,3,0,15,1,2,0,0,2,5,0,0,3,0,0,1,44,0,0,11,2023,18
330,2023_19,54,56,31,22,8,0,36,0,13,1,0,109,0,38,2,10,1,2,57,110,0,8,0,102,66,44,0,110,110,0,0,0,0,9,0,0,0,4,1,0,8,0,7,0,2,1,1,0,0,5,1,0,9,57,0,0,5,2023,19
331,2023_20,62,58,32,34,11,0,22,0,21,0,0,120,0,47,1,5,0,2,65,119,1,21,0,99,65,55,0,120,116,3,1,0,0,6,0,0,0,7,2,0,15,0,2,1,1,3,5,0,0,3,0,0,7,63,0,2,3,2023,20
332,2023_21,37,51,25,19,5,0,21,0,18,1,0,87,0,35,0,5,1,1,46,87,1,13,0,75,53,35,0,88,86,2,0,0,0,5,0,0,0,2,2,0,15,0,1,0,1,3,4,0,0,2,3,0,2,46,0,1,1,2023,21
333,2023_22,42,42,18,21,10,0,20,1,14,1,0,83,0,33,0,5,2,1,43,84,0,6,1,77,46,38,0,84,80,4,0,0,0,3,1,0,0,4,3,0,11,0,4,0,2,1,6,0,1,2,5,0,3,31,0,1,6,2023,22
334,2023_23,32,37,13,17,4,1,25,0,9,0,0,69,0,16,0,2,0,2,49,68,1,4,1,64,33,36,0,69,68,0,1,0,0,2,0,1,0,6,4,0,6,0,3,0,4,0,3,0,0,2,0,0,3,28,5,0,2,2023,23
335,2023_24,38,37,12,20,2,0,22,2,17,1,0,74,0,28,1,2,1,2,41,75,0,3,0,72,36,39,0,75,73,2,0,0,0,9,0,0,0,5,5,1,7,0,0,0,2,0,3,0,0,0,2,0,1,30,4,0,6,2023,24
336,2023_25,33,46,26,19,6,0,18,1,9,2,1,76,0,23,1,2,1,2,50,79,0,4,1,74,46,33,0,79,77,2,0,0,0,11,1,2,0,8,8,0,10,1,3,0,2,0,1,2,1,0,1,0,0,15,1,1,11,2023,25
337,2023_26,27,38,24,25,2,1,5,1,7,1,0,64,0,16,0,3,0,0,46,64,1,4,0,61,38,27,0,65,63,1,1,0,0,2,2,1,0,5,0,0,5,0,3,0,5,0,0,0,0,3,0,0,0,21,1,0,17,2023,26
338,2023_27,47,43,32,25,7,2,15,1,8,2,0,88,0,27,1,6,0,0,56,89,1,17,0,73,49,41,0,90,90,0,0,0,0,1,2,0,0,6,2,0,6,0,2,0,0,2,1,0,0,1,0,0,0,42,1,1,23,2023,27
339,2023_28,54,57,32,37,5,1,22,0,14,2,0,109,0,36,0,9,0,1,65,109,2,17,0,94,67,44,0,111,107,2,2,0,0,5,1,2,0,6,2,0,6,1,7,2,1,0,3,0,0,0,0,0,2,45,1,0,27,2023,28
340,2023_29,61,90,57,39,6,0,28,1,20,0,0,150,1,40,3,7,0,1,100,150,1,36,0,115,77,74,0,151,149,1,1,0,0,9,1,1,0,6,8,0,9,0,3,1,2,0,1,0,2,2,1,0,1,58,1,1,44,2023,29
341,2023_30,53,68,45,25,4,2,24,3,18,1,0,120,0,35,1,8,1,4,72,119,2,27,0,94,66,55,0,121,113,8,0,0,0,5,1,2,0,8,5,0,5,0,1,0,4,7,2,0,0,2,0,0,2,48,2,1,26,2023,30
342,2023_31,65,74,54,41,7,0,29,1,7,1,0,138,0,32,3,2,2,6,94,136,3,29,0,110,69,70,0,139,131,5,3,0,0,10,2,3,0,15,1,0,10,0,1,2,1,2,1,0,0,3,0,0,2,64,1,2,19,2023,31
343,2023_32,47,46,29,27,5,0,18,0,14,2,0,91,0,36,0,6,0,2,49,91,2,14,0,79,52,41,0,93,92,1,0,0,0,2,0,5,0,10,1,0,6,2,3,0,1,0,5,0,0,1,0,0,1,40,2,0,14,2023,32
344,2023_33,45,50,27,26,7,2,26,0,7,1,0,94,0,35,0,2,0,3,55,93,2,13,0,82,45,50,0,95,92,1,2,0,0,3,0,1,0,2,2,0,16,0,8,1,1,0,2,0,2,3,0,0,1,44,0,0,9,2023,33
345,2023_34,49,51,38,24,1,1,22,1,13,1,0,98,1,42,1,2,0,3,52,99,1,16,0,84,52,48,0,100,94,6,0,0,0,4,0,4,0,6,5,1,5,1,4,3,1,2,0,2,1,1,0,0,0,47,2,1,10,2023,34
346,2023_35,39,46,29,22,8,0,14,1,11,2,0,83,0,30,2,2,0,1,50,84,1,11,0,74,40,45,0,85,82,3,0,0,0,6,1,2,0,4,0,0,8,0,3,2,0,0,3,0,4,4,0,0,0,39,3,0,6,2023,35
347,2023_36,48,56,35,27,5,1,25,2,9,2,0,102,0,38,0,10,0,1,55,104,0,10,1,93,56,48,0,104,101,3,0,0,1,8,0,2,0,3,1,0,7,0,3,2,0,2,6,1,1,0,0,0,1,51,1,0,14,2023,36
348,2023_37,41,58,42,27,5,0,15,1,9,2,0,96,1,24,2,8,0,1,64,98,1,11,0,88,56,43,0,99,95,3,1,0,0,5,1,3,0,5,1,0,16,0,1,3,2,0,4,1,1,1,1,0,1,46,0,0,7,2023,37
349,2023_38,72,59,45,34,5,0,27,1,19,1,0,130,0,41,2,6,0,0,82,130,1,19,0,112,61,70,0,131,128,3,0,1,0,6,1,3,0,2,0,0,17,0,1,6,1,4,3,0,4,0,0,0,1,65,2,0,14,2023,38
350,2023_39,40,60,31,25,4,0,20,1,19,2,0,98,0,35,1,4,0,0,60,99,1,8,1,91,42,58,0,100,96,3,1,0,0,4,0,0,0,4,1,1,11,0,1,8,2,2,6,0,1,1,0,0,1,45,1,0,11,2023,39
351,2023_40,49,65,39,36,6,2,16,4,11,0,0,114,0,38,0,4,0,5,67,113,1,11,1,102,60,54,0,114,109,4,1,0,0,11,0,1,0,3,1,0,12,0,4,6,1,3,6,0,2,4,0,0,1,46,2,2,9,2023,40
352,2023_41,47,50,26,34,5,0,16,2,14,0,0,97,0,38,0,1,0,1,57,96,1,9,0,88,63,34,0,97,91,5,1,0,0,3,0,0,0,3,3,0,14,0,1,0,1,3,9,2,0,3,0,0,0,46,0,0,9,2023,41
353,2023_42,51,45,29,34,5,1,15,1,11,0,0,96,0,36,1,7,0,1,51,96,0,8,0,88,52,44,0,96,94,2,0,0,0,5,0,0,0,3,0,0,15,0,4,0,2,1,12,0,1,2,0,0,1,43,1,0,6,2023,42
354,2023_43,55,44,31,33,5,3,8,2,17,4,0,95,0,42,1,2,0,3,51,98,1,14,0,85,57,42,0,99,96,3,0,0,0,2,0,0,0,6,1,1,11,0,0,0,1,4,5,0,1,6,0,0,2,52,1,0,6,2023,43
355,2023_44,37,49,32,18,3,2,21,3,7,1,0,85,0,36,1,1,0,3,45,86,0,9,0,77,44,42,0,86,81,5,0,0,0,3,0,3,0,1,1,2,10,1,3,0,0,4,2,0,0,1,0,0,5,42,1,1,6,2023,44
356,2023_45,45,60,37,35,6,0,18,2,7,1,0,104,0,41,1,4,0,1,58,105,0,10,0,95,54,51,0,105,97,8,0,0,0,6,0,0,0,4,0,0,7,1,0,1,0,8,5,0,2,4,0,0,3,56,3,0,5,2023,45
357,2023_46,45,37,21,27,4,3,17,1,9,3,0,79,0,28,2,7,0,1,44,81,1,14,0,68,49,33,0,82,78,4,0,0,0,5,0,0,0,4,0,0,5,0,1,1,0,5,5,0,0,0,0,0,1,48,1,1,5,2023,46
358,2023_47,56,50,42,32,6,0,19,2,5,3,0,103,0,38,1,8,0,0,59,106,0,17,1,88,66,40,0,106,98,8,0,0,0,7,0,0,0,10,2,1,8,0,2,1,0,11,4,0,1,3,0,0,2,49,1,0,4,2023,47
359,2023_48,55,65,40,48,7,0,18,0,7,7,0,113,0,41,1,4,0,4,70,120,0,19,0,101,66,54,0,120,112,8,0,0,0,10,0,1,0,15,1,0,14,2,2,2,1,8,5,0,0,1,0,0,1,54,1,1,1,2023,48
360,2023_49,74,61,57,39,10,0,17,0,12,1,0,134,0,57,1,2,2,1,72,133,2,28,0,107,77,58,0,135,124,10,1,0,0,11,1,0,0,9,4,0,6,0,5,2,0,10,4,0,1,6,0,0,4,68,2,1,1,2023,49
361,2023_50,56,62,47,43,6,1,13,1,7,1,0,117,0,42,1,3,1,1,70,117,1,28,0,90,56,62,0,118,112,5,1,0,0,12,0,0,0,3,0,0,10,0,0,0,3,9,3,1,1,4,0,0,2,67,2,0,1,2023,50
362,2023_51,50,60,48,35,4,0,12,0,11,0,0,110,0,36,1,4,0,2,67,110,0,13,0,97,51,59,0,110,102,8,0,0,0,16,1,1,0,2,4,0,10,1,0,1,2,7,3,0,0,3,0,0,3,54,0,1,1,2023,51
363,2023_52,19,21,18,13,2,0,2,0,5,0,0,40,0,13,0,0,0,1,26,40,0,4,0,36,23,17,0,40,40,0,0,0,0,8,0,0,0,2,0,0,2,0,0,2,1,1,3,0,0,0,0,0,0,21,0,0,0,2023,52
